2026-07-29 12:02:59.836 [main] INFO  [] com.finflow.FinFlowApplication - Starting FinFlowApplication using Java 21.0.11 with PID 25844 (C:\Users\Lenovo\OneDrive\Desktop\FinFlow\backend\target\classes started by Lenovo in C:\Users\Lenovo\OneDrive\Desktop\FinFlow\backend)
2026-07-29 12:02:59.854 [main] DEBUG [] com.finflow.FinFlowApplication - Running with Spring Boot v3.4.1, Spring v6.2.1
2026-07-29 12:02:59.854 [main] INFO  [] com.finflow.FinFlowApplication - The following 1 profile is active: "dev"
2026-07-29 12:03:02.719 [main] INFO  [] o.s.d.r.c.RepositoryConfigurationDelegate - Multiple Spring Data modules found, entering strict repository configuration mode
2026-07-29 12:03:02.728 [main] INFO  [] o.s.d.r.c.RepositoryConfigurationDelegate - Bootstrapping Spring Data JPA repositories in DEFAULT mode.
2026-07-29 12:03:03.505 [main] INFO  [] o.s.d.r.c.RepositoryConfigurationDelegate - Finished Spring Data repository scanning in 762 ms. Found 22 JPA repository interfaces.
2026-07-29 12:03:03.529 [main] INFO  [] o.s.d.r.c.RepositoryConfigurationDelegate - Multiple Spring Data modules found, entering strict repository configuration mode
2026-07-29 12:03:03.529 [main] INFO  [] o.s.d.r.c.RepositoryConfigurationDelegate - Bootstrapping Spring Data Redis repositories in DEFAULT mode.
2026-07-29 12:03:03.580 [main] INFO  [] o.s.d.r.c.RepositoryConfigurationExtensionSupport - Spring Data Redis - Could not safely identify store assignment for repository candidate interface com.finflow.modules.accounts.repository.AccountHolderRepository; If you want this repository to be a Redis repository, consider annotating your entities with one of these annotations: org.springframework.data.redis.core.RedisHash (preferred), or consider extending one of the following types with your repository: org.springframework.data.keyvalue.repository.KeyValueRepository
2026-07-29 12:03:03.580 [main] INFO  [] o.s.d.r.c.RepositoryConfigurationExtensionSupport - Spring Data Redis - Could not safely identify store assignment for repository candidate interface com.finflow.modules.accounts.repository.AccountRepository; If you want this repository to be a Redis repository, consider annotating your entities with one of these annotations: org.springframework.data.redis.core.RedisHash (preferred), or consider extending one of the following types with your repository: org.springframework.data.keyvalue.repository.KeyValueRepository
2026-07-29 12:03:03.580 [main] INFO  [] o.s.d.r.c.RepositoryConfigurationExtensionSupport - Spring Data Redis - Could not safely identify store assignment for repository candidate interface com.finflow.modules.accounts.repository.AccountStatusHistoryRepository; If you want this repository to be a Redis repository, consider annotating your entities with one of these annotations: org.springframework.data.redis.core.RedisHash (preferred), or consider extending one of the following types with your repository: org.springframework.data.keyvalue.repository.KeyValueRepository
2026-07-29 12:03:03.580 [main] INFO  [] o.s.d.r.c.RepositoryConfigurationExtensionSupport - Spring Data Redis - Could not safely identify store assignment for repository candidate interface com.finflow.modules.accounts.repository.HoldRepository; If you want this repository to be a Redis repository, consider annotating your entities with one of these annotations: org.springframework.data.redis.core.RedisHash (preferred), or consider extending one of the following types with your repository: org.springframework.data.keyvalue.repository.KeyValueRepository
2026-07-29 12:03:03.580 [main] INFO  [] o.s.d.r.c.RepositoryConfigurationExtensionSupport - Spring Data Redis - Could not safely identify store assignment for repository candidate interface com.finflow.modules.admin.repository.AdminAuditLogRepository; If you want this repository to be a Redis repository, consider annotating your entities with one of these annotations: org.springframework.data.redis.core.RedisHash (preferred), or consider extending one of the following types with your repository: org.springframework.data.keyvalue.repository.KeyValueRepository
2026-07-29 12:03:03.582 [main] INFO  [] o.s.d.r.c.RepositoryConfigurationExtensionSupport - Spring Data Redis - Could not safely identify store assignment for repository candidate interface com.finflow.modules.auth.repository.LoginHistoryRepository; If you want this repository to be a Redis repository, consider annotating your entities with one of these annotations: org.springframework.data.redis.core.RedisHash (preferred), or consider extending one of the following types with your repository: org.springframework.data.keyvalue.repository.KeyValueRepository
2026-07-29 12:03:03.582 [main] INFO  [] o.s.d.r.c.RepositoryConfigurationExtensionSupport - Spring Data Redis - Could not safely identify store assignment for repository candidate interface com.finflow.modules.auth.repository.RefreshTokenRepository; If you want this repository to be a Redis repository, consider annotating your entities with one of these annotations: org.springframework.data.redis.core.RedisHash (preferred), or consider extending one of the following types with your repository: org.springframework.data.keyvalue.repository.KeyValueRepository
2026-07-29 12:03:03.582 [main] INFO  [] o.s.d.r.c.RepositoryConfigurationExtensionSupport - Spring Data Redis - Could not safely identify store assignment for repository candidate interface com.finflow.modules.auth.repository.RoleRepository; If you want this repository to be a Redis repository, consider annotating your entities with one of these annotations: org.springframework.data.redis.core.RedisHash (preferred), or consider extending one of the following types with your repository: org.springframework.data.keyvalue.repository.KeyValueRepository
2026-07-29 12:03:03.582 [main] INFO  [] o.s.d.r.c.RepositoryConfigurationExtensionSupport - Spring Data Redis - Could not safely identify store assignment for repository candidate interface com.finflow.modules.auth.repository.UserCredentialRepository; If you want this repository to be a Redis repository, consider annotating your entities with one of these annotations: org.springframework.data.redis.core.RedisHash (preferred), or consider extending one of the following types with your repository: org.springframework.data.keyvalue.repository.KeyValueRepository
2026-07-29 12:03:03.582 [main] INFO  [] o.s.d.r.c.RepositoryConfigurationExtensionSupport - Spring Data Redis - Could not safely identify store assignment for repository candidate interface com.finflow.modules.auth.repository.UserRepository; If you want this repository to be a Redis repository, consider annotating your entities with one of these annotations: org.springframework.data.redis.core.RedisHash (preferred), or consider extending one of the following types with your repository: org.springframework.data.keyvalue.repository.KeyValueRepository
2026-07-29 12:03:03.584 [main] INFO  [] o.s.d.r.c.RepositoryConfigurationExtensionSupport - Spring Data Redis - Could not safely identify store assignment for repository candidate interface com.finflow.modules.auth.repository.UserRoleRepository; If you want this repository to be a Redis repository, consider annotating your entities with one of these annotations: org.springframework.data.redis.core.RedisHash (preferred), or consider extending one of the following types with your repository: org.springframework.data.keyvalue.repository.KeyValueRepository
2026-07-29 12:03:03.584 [main] INFO  [] o.s.d.r.c.RepositoryConfigurationExtensionSupport - Spring Data Redis - Could not safely identify store assignment for repository candidate interface com.finflow.modules.beneficiaries.repository.BeneficiaryRepository; If you want this repository to be a Redis repository, consider annotating your entities with one of these annotations: org.springframework.data.redis.core.RedisHash (preferred), or consider extending one of the following types with your repository: org.springframework.data.keyvalue.repository.KeyValueRepository
2026-07-29 12:03:03.584 [main] INFO  [] o.s.d.r.c.RepositoryConfigurationExtensionSupport - Spring Data Redis - Could not safely identify store assignment for repository candidate interface com.finflow.modules.cards.repository.CardRepository; If you want this repository to be a Redis repository, consider annotating your entities with one of these annotations: org.springframework.data.redis.core.RedisHash (preferred), or consider extending one of the following types with your repository: org.springframework.data.keyvalue.repository.KeyValueRepository
2026-07-29 12:03:03.584 [main] INFO  [] o.s.d.r.c.RepositoryConfigurationExtensionSupport - Spring Data Redis - Could not safely identify store assignment for repository candidate interface com.finflow.modules.cards.repository.CardTransactionRepository; If you want this repository to be a Redis repository, consider annotating your entities with one of these annotations: org.springframework.data.redis.core.RedisHash (preferred), or consider extending one of the following types with your repository: org.springframework.data.keyvalue.repository.KeyValueRepository
2026-07-29 12:03:03.584 [main] INFO  [] o.s.d.r.c.RepositoryConfigurationExtensionSupport - Spring Data Redis - Could not safely identify store assignment for repository candidate interface com.finflow.modules.notifications.repository.NotificationRepository; If you want this repository to be a Redis repository, consider annotating your entities with one of these annotations: org.springframework.data.redis.core.RedisHash (preferred), or consider extending one of the following types with your repository: org.springframework.data.keyvalue.repository.KeyValueRepository
2026-07-29 12:03:03.584 [main] INFO  [] o.s.d.r.c.RepositoryConfigurationExtensionSupport - Spring Data Redis - Could not safely identify store assignment for repository candidate interface com.finflow.modules.profiles.repository.UserProfileRepository; If you want this repository to be a Redis repository, consider annotating your entities with one of these annotations: org.springframework.data.redis.core.RedisHash (preferred), or consider extending one of the following types with your repository: org.springframework.data.keyvalue.repository.KeyValueRepository
2026-07-29 12:03:03.585 [main] INFO  [] o.s.d.r.c.RepositoryConfigurationExtensionSupport - Spring Data Redis - Could not safely identify store assignment for repository candidate interface com.finflow.modules.savings.repository.SavingsGoalRepository; If you want this repository to be a Redis repository, consider annotating your entities with one of these annotations: org.springframework.data.redis.core.RedisHash (preferred), or consider extending one of the following types with your repository: org.springframework.data.keyvalue.repository.KeyValueRepository
2026-07-29 12:03:03.585 [main] INFO  [] o.s.d.r.c.RepositoryConfigurationExtensionSupport - Spring Data Redis - Could not safely identify store assignment for repository candidate interface com.finflow.modules.settings.repository.UserSettingRepository; If you want this repository to be a Redis repository, consider annotating your entities with one of these annotations: org.springframework.data.redis.core.RedisHash (preferred), or consider extending one of the following types with your repository: org.springframework.data.keyvalue.repository.KeyValueRepository
2026-07-29 12:03:03.585 [main] INFO  [] o.s.d.r.c.RepositoryConfigurationExtensionSupport - Spring Data Redis - Could not safely identify store assignment for repository candidate interface com.finflow.modules.transactions.repository.TransactionEntryRepository; If you want this repository to be a Redis repository, consider annotating your entities with one of these annotations: org.springframework.data.redis.core.RedisHash (preferred), or consider extending one of the following types with your repository: org.springframework.data.keyvalue.repository.KeyValueRepository
2026-07-29 12:03:03.585 [main] INFO  [] o.s.d.r.c.RepositoryConfigurationExtensionSupport - Spring Data Redis - Could not safely identify store assignment for repository candidate interface com.finflow.modules.transactions.repository.TransactionRepository; If you want this repository to be a Redis repository, consider annotating your entities with one of these annotations: org.springframework.data.redis.core.RedisHash (preferred), or consider extending one of the following types with your repository: org.springframework.data.keyvalue.repository.KeyValueRepository
2026-07-29 12:03:03.585 [main] INFO  [] o.s.d.r.c.RepositoryConfigurationExtensionSupport - Spring Data Redis - Could not safely identify store assignment for repository candidate interface com.finflow.modules.transfers.repository.ScheduledTransferRepository; If you want this repository to be a Redis repository, consider annotating your entities with one of these annotations: org.springframework.data.redis.core.RedisHash (preferred), or consider extending one of the following types with your repository: org.springframework.data.keyvalue.repository.KeyValueRepository
2026-07-29 12:03:03.585 [main] INFO  [] o.s.d.r.c.RepositoryConfigurationExtensionSupport - Spring Data Redis - Could not safely identify store assignment for repository candidate interface com.finflow.modules.transfers.repository.TransferTemplateRepository; If you want this repository to be a Redis repository, consider annotating your entities with one of these annotations: org.springframework.data.redis.core.RedisHash (preferred), or consider extending one of the following types with your repository: org.springframework.data.keyvalue.repository.KeyValueRepository
2026-07-29 12:03:03.585 [main] INFO  [] o.s.d.r.c.RepositoryConfigurationDelegate - Finished Spring Data repository scanning in 41 ms. Found 0 Redis repository interfaces.
2026-07-29 12:03:05.361 [main] INFO  [] o.s.b.w.e.tomcat.TomcatWebServer - Tomcat initialized with port 8080 (http)
2026-07-29 12:03:05.391 [main] INFO  [] o.a.catalina.core.StandardService - Starting service [Tomcat]
2026-07-29 12:03:05.392 [main] INFO  [] o.a.catalina.core.StandardEngine - Starting Servlet engine: [Apache Tomcat/10.1.34]
2026-07-29 12:03:05.540 [main] INFO  [] o.a.c.c.C.[Tomcat].[localhost].[/] - Initializing Spring embedded WebApplicationContext
2026-07-29 12:03:05.542 [main] INFO  [] o.s.b.w.s.c.ServletWebServerApplicationContext - Root WebApplicationContext: initialization completed in 5608 ms
2026-07-29 12:03:06.048 [main] WARN  [] c.f.s.config.JwtSigningKeyProvider - JWT signing key 'primary' is below minimum 512 bits (57 bytes). This may cause security issues.
2026-07-29 12:03:06.056 [main] INFO  [] c.f.s.config.JwtSigningKeyProvider - JWT signing keys loaded. Active key: 'primary', total keys: 1
2026-07-29 12:03:06.167 [main] DEBUG [] c.f.s.config.JwtAuthenticationFilter - Filter 'jwtAuthenticationFilter' configured for use
2026-07-29 12:03:06.168 [main] DEBUG [] o.s.w.f.ServerHttpObservationFilter - Filter 'webMvcObservationFilter' configured for use
2026-07-29 12:03:06.168 [main] DEBUG [] o.s.web.filter.CorsFilter - Filter 'corsFilter' configured for use
2026-07-29 12:03:06.568 [main] INFO  [] com.zaxxer.hikari.HikariDataSource - finflow-dev-pool - Starting...
2026-07-29 12:03:06.793 [main] INFO  [] com.zaxxer.hikari.pool.HikariPool - finflow-dev-pool - Added connection com.mysql.cj.jdbc.ConnectionImpl@69988d42
2026-07-29 12:03:06.794 [main] INFO  [] com.zaxxer.hikari.HikariDataSource - finflow-dev-pool - Start completed.
2026-07-29 12:03:06.863 [main] INFO  [] org.flywaydb.core.FlywayExecutor - Database: jdbc:mysql://localhost:3306/finflow_auth?createDatabaseIfNotExist=true&useSSL=false&allowPublicKeyRetrieval=true&serverTimezone=UTC (MySQL 9.7)
2026-07-29 12:03:06.891 [main] WARN  [] o.f.c.i.database.base.Database - Flyway upgrade recommended: MySQL 9.7 is newer than this version of Flyway and support has not been tested. The latest supported version of MySQL is 8.1.
2026-07-29 12:03:06.978 [main] INFO  [] o.f.core.internal.command.DbValidate - Successfully validated 15 migrations (execution time 00:00.071s)
2026-07-29 12:03:07.039 [main] INFO  [] o.f.core.internal.command.DbMigrate - Current version of schema `finflow_auth`: 14.0
2026-07-29 12:03:07.056 [main] INFO  [] o.f.core.internal.command.DbMigrate - Migrating schema `finflow_auth` to version "15.0 - add audit columns to user roles"
2026-07-29 12:03:07.187 [main] ERROR [] o.f.core.internal.command.DbMigrate - Migration of schema `finflow_auth` to version "15.0 - add audit columns to user roles" failed! Please restore backups and roll back database and code!
2026-07-29 12:03:07.211 [main] WARN  [] o.s.b.w.s.c.AnnotationConfigServletWebServerApplicationContext - Exception encountered during context initialization - cancelling refresh attempt: org.springframework.beans.factory.BeanCreationException: Error creating bean with name 'entityManagerFactory' defined in class path resource [org/springframework/boot/autoconfigure/orm/jpa/HibernateJpaConfiguration.class]: Failed to initialize dependency 'flywayInitializer' of LoadTimeWeaverAware bean 'entityManagerFactory': Error creating bean with name 'flywayInitializer' defined in class path resource [org/springframework/boot/autoconfigure/flyway/FlywayAutoConfiguration$FlywayConfiguration.class]: Script V15_0__add_audit_columns_to_user_roles.sql failed
--------------------------------------------------------
SQL State  : 42S21
Error Code : 1060
Message    : Duplicate column name 'created_at'
Location   : db/migration/V15_0__add_audit_columns_to_user_roles.sql (C:\Users\Lenovo\OneDrive\Desktop\FinFlow\backend\target\classes\db\migration\V15_0__add_audit_columns_to_user_roles.sql)
Line       : 10
Statement  : Run Flyway with -X option to see the actual statement causing the problem

2026-07-29 12:03:07.211 [main] INFO  [] com.zaxxer.hikari.HikariDataSource - finflow-dev-pool - Shutdown initiated...
2026-07-29 12:03:07.219 [main] INFO  [] com.zaxxer.hikari.HikariDataSource - finflow-dev-pool - Shutdown completed.
2026-07-29 12:03:07.219 [main] INFO  [] o.a.catalina.core.StandardService - Stopping service [Tomcat]
2026-07-29 12:03:07.235 [main] INFO  [] o.s.b.a.l.ConditionEvaluationReportLogger - 

Error starting ApplicationContext. To display the condition evaluation report re-run your application with 'debug' enabled.
2026-07-29 12:03:07.252 [main] ERROR [] o.s.boot.SpringApplication - Application run failed
org.springframework.beans.factory.BeanCreationException: Error creating bean with name 'entityManagerFactory' defined in class path resource [org/springframework/boot/autoconfigure/orm/jpa/HibernateJpaConfiguration.class]: Failed to initialize dependency 'flywayInitializer' of LoadTimeWeaverAware bean 'entityManagerFactory': Error creating bean with name 'flywayInitializer' defined in class path resource [org/springframework/boot/autoconfigure/flyway/FlywayAutoConfiguration$FlywayConfiguration.class]: Script V15_0__add_audit_columns_to_user_roles.sql failed
--------------------------------------------------------
SQL State  : 42S21
Error Code : 1060
Message    : Duplicate column name 'created_at'
Location   : db/migration/V15_0__add_audit_columns_to_user_roles.sql (C:\Users\Lenovo\OneDrive\Desktop\FinFlow\backend\target\classes\db\migration\V15_0__add_audit_columns_to_user_roles.sql)
Line       : 10
Statement  : Run Flyway with -X option to see the actual statement causing the problem

	at org.springframework.beans.factory.support.AbstractBeanFactory.doGetBean(AbstractBeanFactory.java:325)
	at org.springframework.beans.factory.support.AbstractBeanFactory.getBean(AbstractBeanFactory.java:204)
	at org.springframework.context.support.AbstractApplicationContext.finishBeanFactoryInitialization(AbstractApplicationContext.java:970)
	at org.springframework.context.support.AbstractApplicationContext.refresh(AbstractApplicationContext.java:627)
	at org.springframework.boot.web.servlet.context.ServletWebServerApplicationContext.refresh(ServletWebServerApplicationContext.java:146)
	at org.springframework.boot.SpringApplication.refresh(SpringApplication.java:752)
	at org.springframework.boot.SpringApplication.refreshContext(SpringApplication.java:439)
	at org.springframework.boot.SpringApplication.run(SpringApplication.java:318)
	at org.springframework.boot.SpringApplication.run(SpringApplication.java:1361)
	at org.springframework.boot.SpringApplication.run(SpringApplication.java:1350)
	at com.finflow.FinFlowApplication.main(FinFlowApplication.java:19)
Caused by: org.springframework.beans.factory.BeanCreationException: Error creating bean with name 'flywayInitializer' defined in class path resource [org/springframework/boot/autoconfigure/flyway/FlywayAutoConfiguration$FlywayConfiguration.class]: Script V15_0__add_audit_columns_to_user_roles.sql failed
--------------------------------------------------------
SQL State  : 42S21
Error Code : 1060
Message    : Duplicate column name 'created_at'
Location   : db/migration/V15_0__add_audit_columns_to_user_roles.sql (C:\Users\Lenovo\OneDrive\Desktop\FinFlow\backend\target\classes\db\migration\V15_0__add_audit_columns_to_user_roles.sql)
Line       : 10
Statement  : Run Flyway with -X option to see the actual statement causing the problem

	at org.springframework.beans.factory.support.AbstractAutowireCapableBeanFactory.initializeBean(AbstractAutowireCapableBeanFactory.java:1808)
	at org.springframework.beans.factory.support.AbstractAutowireCapableBeanFactory.doCreateBean(AbstractAutowireCapableBeanFactory.java:601)
	at org.springframework.beans.factory.support.AbstractAutowireCapableBeanFactory.createBean(AbstractAutowireCapableBeanFactory.java:523)
	at org.springframework.beans.factory.support.AbstractBeanFactory.lambda$doGetBean$0(AbstractBeanFactory.java:336)
	at org.springframework.beans.factory.support.DefaultSingletonBeanRegistry.getSingleton(DefaultSingletonBeanRegistry.java:289)
	at org.springframework.beans.factory.support.AbstractBeanFactory.doGetBean(AbstractBeanFactory.java:334)
	at org.springframework.beans.factory.support.AbstractBeanFactory.getBean(AbstractBeanFactory.java:199)
	at org.springframework.beans.factory.support.AbstractBeanFactory.doGetBean(AbstractBeanFactory.java:312)
	... 10 common frames omitted
Caused by: org.flywaydb.core.internal.exception.FlywayMigrateException: Script V15_0__add_audit_columns_to_user_roles.sql failed
--------------------------------------------------------
SQL State  : 42S21
Error Code : 1060
Message    : Duplicate column name 'created_at'
Location   : db/migration/V15_0__add_audit_columns_to_user_roles.sql (C:\Users\Lenovo\OneDrive\Desktop\FinFlow\backend\target\classes\db\migration\V15_0__add_audit_columns_to_user_roles.sql)
Line       : 10
Statement  : Run Flyway with -X option to see the actual statement causing the problem

	at org.flywaydb.core.internal.command.DbMigrate.doMigrateGroup(DbMigrate.java:399)
	at org.flywaydb.core.internal.command.DbMigrate.lambda$applyMigrations$1(DbMigrate.java:283)
	at org.flywaydb.core.internal.jdbc.TransactionalExecutionTemplate.execute(TransactionalExecutionTemplate.java:59)
	at org.flywaydb.core.internal.command.DbMigrate.applyMigrations(DbMigrate.java:282)
	at org.flywaydb.core.internal.command.DbMigrate.migrateGroup(DbMigrate.java:255)
	at org.flywaydb.core.internal.command.DbMigrate.lambda$migrateAll$0(DbMigrate.java:153)
	at org.flywaydb.database.mysql.MySQLNamedLockTemplate.execute(MySQLNamedLockTemplate.java:62)
	at org.flywaydb.database.mysql.MySQLConnection.lock(MySQLConnection.java:159)
	at org.flywaydb.core.internal.schemahistory.JdbcTableSchemaHistory.lock(JdbcTableSchemaHistory.java:149)
	at org.flywaydb.core.internal.command.DbMigrate.migrateAll(DbMigrate.java:153)
	at org.flywaydb.core.internal.command.DbMigrate.migrate(DbMigrate.java:104)
	at org.flywaydb.core.Flyway.lambda$migrate$1(Flyway.java:230)
	at org.flywaydb.core.FlywayExecutor.execute(FlywayExecutor.java:213)
	at org.flywaydb.core.Flyway.migrate(Flyway.java:176)
	at org.springframework.boot.autoconfigure.flyway.FlywayMigrationInitializer.afterPropertiesSet(FlywayMigrationInitializer.java:66)
	at org.springframework.beans.factory.support.AbstractAutowireCapableBeanFactory.invokeInitMethods(AbstractAutowireCapableBeanFactory.java:1855)
	at org.springframework.beans.factory.support.AbstractAutowireCapableBeanFactory.initializeBean(AbstractAutowireCapableBeanFactory.java:1804)
	... 17 common frames omitted
Caused by: org.flywaydb.core.internal.sqlscript.FlywaySqlScriptException: Script V15_0__add_audit_columns_to_user_roles.sql failed
--------------------------------------------------------
SQL State  : 42S21
Error Code : 1060
Message    : Duplicate column name 'created_at'
Location   : db/migration/V15_0__add_audit_columns_to_user_roles.sql (C:\Users\Lenovo\OneDrive\Desktop\FinFlow\backend\target\classes\db\migration\V15_0__add_audit_columns_to_user_roles.sql)
Line       : 10
Statement  : Run Flyway with -X option to see the actual statement causing the problem

	at org.flywaydb.core.internal.sqlscript.DefaultSqlScriptExecutor.handleException(DefaultSqlScriptExecutor.java:256)
	at org.flywaydb.core.internal.sqlscript.DefaultSqlScriptExecutor.executeStatement(DefaultSqlScriptExecutor.java:217)
	at org.flywaydb.core.internal.sqlscript.DefaultSqlScriptExecutor.execute(DefaultSqlScriptExecutor.java:137)
	at org.flywaydb.core.internal.resolver.sql.SqlMigrationExecutor.executeOnce(SqlMigrationExecutor.java:75)
	at org.flywaydb.core.internal.resolver.sql.SqlMigrationExecutor.lambda$execute$0(SqlMigrationExecutor.java:66)
	at org.flywaydb.core.internal.database.DefaultExecutionStrategy.execute(DefaultExecutionStrategy.java:31)
	at org.flywaydb.core.internal.resolver.sql.SqlMigrationExecutor.execute(SqlMigrationExecutor.java:65)
	at org.flywaydb.core.internal.command.DbMigrate.doMigrateGroup(DbMigrate.java:391)
	... 33 common frames omitted
Caused by: java.sql.SQLSyntaxErrorException: Duplicate column name 'created_at'
	at com.mysql.cj.jdbc.exceptions.SQLError.createSQLException(SQLError.java:112)
	at com.mysql.cj.jdbc.exceptions.SQLExceptionsMapping.translateException(SQLExceptionsMapping.java:114)
	at com.mysql.cj.jdbc.StatementImpl.executeInternal(StatementImpl.java:837)
	at com.mysql.cj.jdbc.StatementImpl.execute(StatementImpl.java:685)
	at com.zaxxer.hikari.pool.ProxyStatement.execute(ProxyStatement.java:94)
	at com.zaxxer.hikari.pool.HikariProxyStatement.execute(HikariProxyStatement.java)
	at org.flywaydb.core.internal.jdbc.JdbcTemplate.executeStatement(JdbcTemplate.java:210)
	at org.flywaydb.core.internal.sqlscript.ParsedSqlStatement.execute(ParsedSqlStatement.java:88)
	at org.flywaydb.core.internal.sqlscript.DefaultSqlScriptExecutor.executeStatement(DefaultSqlScriptExecutor.java:212)
	... 39 common frames omitted
2026-07-29 12:05:06.029 [main] INFO  [] com.finflow.FinFlowApplication - Starting FinFlowApplication using Java 21.0.11 with PID 23312 (C:\Users\Lenovo\OneDrive\Desktop\FinFlow\backend\target\classes started by Lenovo in C:\Users\Lenovo\OneDrive\Desktop\FinFlow\backend)
2026-07-29 12:05:06.031 [main] DEBUG [] com.finflow.FinFlowApplication - Running with Spring Boot v3.4.1, Spring v6.2.1
2026-07-29 12:05:06.031 [main] INFO  [] com.finflow.FinFlowApplication - The following 1 profile is active: "dev"
2026-07-29 12:05:07.626 [main] INFO  [] o.s.d.r.c.RepositoryConfigurationDelegate - Multiple Spring Data modules found, entering strict repository configuration mode
2026-07-29 12:05:07.634 [main] INFO  [] o.s.d.r.c.RepositoryConfigurationDelegate - Bootstrapping Spring Data JPA repositories in DEFAULT mode.
2026-07-29 12:05:08.060 [main] INFO  [] o.s.d.r.c.RepositoryConfigurationDelegate - Finished Spring Data repository scanning in 414 ms. Found 22 JPA repository interfaces.
2026-07-29 12:05:08.071 [main] INFO  [] o.s.d.r.c.RepositoryConfigurationDelegate - Multiple Spring Data modules found, entering strict repository configuration mode
2026-07-29 12:05:08.076 [main] INFO  [] o.s.d.r.c.RepositoryConfigurationDelegate - Bootstrapping Spring Data Redis repositories in DEFAULT mode.
2026-07-29 12:05:08.128 [main] INFO  [] o.s.d.r.c.RepositoryConfigurationExtensionSupport - Spring Data Redis - Could not safely identify store assignment for repository candidate interface com.finflow.modules.accounts.repository.AccountHolderRepository; If you want this repository to be a Redis repository, consider annotating your entities with one of these annotations: org.springframework.data.redis.core.RedisHash (preferred), or consider extending one of the following types with your repository: org.springframework.data.keyvalue.repository.KeyValueRepository
2026-07-29 12:05:08.128 [main] INFO  [] o.s.d.r.c.RepositoryConfigurationExtensionSupport - Spring Data Redis - Could not safely identify store assignment for repository candidate interface com.finflow.modules.accounts.repository.AccountRepository; If you want this repository to be a Redis repository, consider annotating your entities with one of these annotations: org.springframework.data.redis.core.RedisHash (preferred), or consider extending one of the following types with your repository: org.springframework.data.keyvalue.repository.KeyValueRepository
2026-07-29 12:05:08.128 [main] INFO  [] o.s.d.r.c.RepositoryConfigurationExtensionSupport - Spring Data Redis - Could not safely identify store assignment for repository candidate interface com.finflow.modules.accounts.repository.AccountStatusHistoryRepository; If you want this repository to be a Redis repository, consider annotating your entities with one of these annotations: org.springframework.data.redis.core.RedisHash (preferred), or consider extending one of the following types with your repository: org.springframework.data.keyvalue.repository.KeyValueRepository
2026-07-29 12:05:08.128 [main] INFO  [] o.s.d.r.c.RepositoryConfigurationExtensionSupport - Spring Data Redis - Could not safely identify store assignment for repository candidate interface com.finflow.modules.accounts.repository.HoldRepository; If you want this repository to be a Redis repository, consider annotating your entities with one of these annotations: org.springframework.data.redis.core.RedisHash (preferred), or consider extending one of the following types with your repository: org.springframework.data.keyvalue.repository.KeyValueRepository
2026-07-29 12:05:08.130 [main] INFO  [] o.s.d.r.c.RepositoryConfigurationExtensionSupport - Spring Data Redis - Could not safely identify store assignment for repository candidate interface com.finflow.modules.admin.repository.AdminAuditLogRepository; If you want this repository to be a Redis repository, consider annotating your entities with one of these annotations: org.springframework.data.redis.core.RedisHash (preferred), or consider extending one of the following types with your repository: org.springframework.data.keyvalue.repository.KeyValueRepository
2026-07-29 12:05:08.130 [main] INFO  [] o.s.d.r.c.RepositoryConfigurationExtensionSupport - Spring Data Redis - Could not safely identify store assignment for repository candidate interface com.finflow.modules.auth.repository.LoginHistoryRepository; If you want this repository to be a Redis repository, consider annotating your entities with one of these annotations: org.springframework.data.redis.core.RedisHash (preferred), or consider extending one of the following types with your repository: org.springframework.data.keyvalue.repository.KeyValueRepository
2026-07-29 12:05:08.130 [main] INFO  [] o.s.d.r.c.RepositoryConfigurationExtensionSupport - Spring Data Redis - Could not safely identify store assignment for repository candidate interface com.finflow.modules.auth.repository.RefreshTokenRepository; If you want this repository to be a Redis repository, consider annotating your entities with one of these annotations: org.springframework.data.redis.core.RedisHash (preferred), or consider extending one of the following types with your repository: org.springframework.data.keyvalue.repository.KeyValueRepository
2026-07-29 12:05:08.130 [main] INFO  [] o.s.d.r.c.RepositoryConfigurationExtensionSupport - Spring Data Redis - Could not safely identify store assignment for repository candidate interface com.finflow.modules.auth.repository.RoleRepository; If you want this repository to be a Redis repository, consider annotating your entities with one of these annotations: org.springframework.data.redis.core.RedisHash (preferred), or consider extending one of the following types with your repository: org.springframework.data.keyvalue.repository.KeyValueRepository
2026-07-29 12:05:08.130 [main] INFO  [] o.s.d.r.c.RepositoryConfigurationExtensionSupport - Spring Data Redis - Could not safely identify store assignment for repository candidate interface com.finflow.modules.auth.repository.UserCredentialRepository; If you want this repository to be a Redis repository, consider annotating your entities with one of these annotations: org.springframework.data.redis.core.RedisHash (preferred), or consider extending one of the following types with your repository: org.springframework.data.keyvalue.repository.KeyValueRepository
2026-07-29 12:05:08.130 [main] INFO  [] o.s.d.r.c.RepositoryConfigurationExtensionSupport - Spring Data Redis - Could not safely identify store assignment for repository candidate interface com.finflow.modules.auth.repository.UserRepository; If you want this repository to be a Redis repository, consider annotating your entities with one of these annotations: org.springframework.data.redis.core.RedisHash (preferred), or consider extending one of the following types with your repository: org.springframework.data.keyvalue.repository.KeyValueRepository
2026-07-29 12:05:08.130 [main] INFO  [] o.s.d.r.c.RepositoryConfigurationExtensionSupport - Spring Data Redis - Could not safely identify store assignment for repository candidate interface com.finflow.modules.auth.repository.UserRoleRepository; If you want this repository to be a Redis repository, consider annotating your entities with one of these annotations: org.springframework.data.redis.core.RedisHash (preferred), or consider extending one of the following types with your repository: org.springframework.data.keyvalue.repository.KeyValueRepository
2026-07-29 12:05:08.130 [main] INFO  [] o.s.d.r.c.RepositoryConfigurationExtensionSupport - Spring Data Redis - Could not safely identify store assignment for repository candidate interface com.finflow.modules.beneficiaries.repository.BeneficiaryRepository; If you want this repository to be a Redis repository, consider annotating your entities with one of these annotations: org.springframework.data.redis.core.RedisHash (preferred), or consider extending one of the following types with your repository: org.springframework.data.keyvalue.repository.KeyValueRepository
2026-07-29 12:05:08.130 [main] INFO  [] o.s.d.r.c.RepositoryConfigurationExtensionSupport - Spring Data Redis - Could not safely identify store assignment for repository candidate interface com.finflow.modules.cards.repository.CardRepository; If you want this repository to be a Redis repository, consider annotating your entities with one of these annotations: org.springframework.data.redis.core.RedisHash (preferred), or consider extending one of the following types with your repository: org.springframework.data.keyvalue.repository.KeyValueRepository
2026-07-29 12:05:08.130 [main] INFO  [] o.s.d.r.c.RepositoryConfigurationExtensionSupport - Spring Data Redis - Could not safely identify store assignment for repository candidate interface com.finflow.modules.cards.repository.CardTransactionRepository; If you want this repository to be a Redis repository, consider annotating your entities with one of these annotations: org.springframework.data.redis.core.RedisHash (preferred), or consider extending one of the following types with your repository: org.springframework.data.keyvalue.repository.KeyValueRepository
2026-07-29 12:05:08.131 [main] INFO  [] o.s.d.r.c.RepositoryConfigurationExtensionSupport - Spring Data Redis - Could not safely identify store assignment for repository candidate interface com.finflow.modules.notifications.repository.NotificationRepository; If you want this repository to be a Redis repository, consider annotating your entities with one of these annotations: org.springframework.data.redis.core.RedisHash (preferred), or consider extending one of the following types with your repository: org.springframework.data.keyvalue.repository.KeyValueRepository
2026-07-29 12:05:08.131 [main] INFO  [] o.s.d.r.c.RepositoryConfigurationExtensionSupport - Spring Data Redis - Could not safely identify store assignment for repository candidate interface com.finflow.modules.profiles.repository.UserProfileRepository; If you want this repository to be a Redis repository, consider annotating your entities with one of these annotations: org.springframework.data.redis.core.RedisHash (preferred), or consider extending one of the following types with your repository: org.springframework.data.keyvalue.repository.KeyValueRepository
2026-07-29 12:05:08.131 [main] INFO  [] o.s.d.r.c.RepositoryConfigurationExtensionSupport - Spring Data Redis - Could not safely identify store assignment for repository candidate interface com.finflow.modules.savings.repository.SavingsGoalRepository; If you want this repository to be a Redis repository, consider annotating your entities with one of these annotations: org.springframework.data.redis.core.RedisHash (preferred), or consider extending one of the following types with your repository: org.springframework.data.keyvalue.repository.KeyValueRepository
2026-07-29 12:05:08.131 [main] INFO  [] o.s.d.r.c.RepositoryConfigurationExtensionSupport - Spring Data Redis - Could not safely identify store assignment for repository candidate interface com.finflow.modules.settings.repository.UserSettingRepository; If you want this repository to be a Redis repository, consider annotating your entities with one of these annotations: org.springframework.data.redis.core.RedisHash (preferred), or consider extending one of the following types with your repository: org.springframework.data.keyvalue.repository.KeyValueRepository
2026-07-29 12:05:08.131 [main] INFO  [] o.s.d.r.c.RepositoryConfigurationExtensionSupport - Spring Data Redis - Could not safely identify store assignment for repository candidate interface com.finflow.modules.transactions.repository.TransactionEntryRepository; If you want this repository to be a Redis repository, consider annotating your entities with one of these annotations: org.springframework.data.redis.core.RedisHash (preferred), or consider extending one of the following types with your repository: org.springframework.data.keyvalue.repository.KeyValueRepository
2026-07-29 12:05:08.131 [main] INFO  [] o.s.d.r.c.RepositoryConfigurationExtensionSupport - Spring Data Redis - Could not safely identify store assignment for repository candidate interface com.finflow.modules.transactions.repository.TransactionRepository; If you want this repository to be a Redis repository, consider annotating your entities with one of these annotations: org.springframework.data.redis.core.RedisHash (preferred), or consider extending one of the following types with your repository: org.springframework.data.keyvalue.repository.KeyValueRepository
2026-07-29 12:05:08.131 [main] INFO  [] o.s.d.r.c.RepositoryConfigurationExtensionSupport - Spring Data Redis - Could not safely identify store assignment for repository candidate interface com.finflow.modules.transfers.repository.ScheduledTransferRepository; If you want this repository to be a Redis repository, consider annotating your entities with one of these annotations: org.springframework.data.redis.core.RedisHash (preferred), or consider extending one of the following types with your repository: org.springframework.data.keyvalue.repository.KeyValueRepository
2026-07-29 12:05:08.131 [main] INFO  [] o.s.d.r.c.RepositoryConfigurationExtensionSupport - Spring Data Redis - Could not safely identify store assignment for repository candidate interface com.finflow.modules.transfers.repository.TransferTemplateRepository; If you want this repository to be a Redis repository, consider annotating your entities with one of these annotations: org.springframework.data.redis.core.RedisHash (preferred), or consider extending one of the following types with your repository: org.springframework.data.keyvalue.repository.KeyValueRepository
2026-07-29 12:05:08.131 [main] INFO  [] o.s.d.r.c.RepositoryConfigurationDelegate - Finished Spring Data repository scanning in 46 ms. Found 0 Redis repository interfaces.
2026-07-29 12:05:09.375 [main] INFO  [] o.s.b.w.e.tomcat.TomcatWebServer - Tomcat initialized with port 8080 (http)
2026-07-29 12:05:09.392 [main] INFO  [] o.a.catalina.core.StandardService - Starting service [Tomcat]
2026-07-29 12:05:09.392 [main] INFO  [] o.a.catalina.core.StandardEngine - Starting Servlet engine: [Apache Tomcat/10.1.34]
2026-07-29 12:05:09.516 [main] INFO  [] o.a.c.c.C.[Tomcat].[localhost].[/] - Initializing Spring embedded WebApplicationContext
2026-07-29 12:05:09.516 [main] INFO  [] o.s.b.w.s.c.ServletWebServerApplicationContext - Root WebApplicationContext: initialization completed in 3428 ms
2026-07-29 12:05:09.821 [main] WARN  [] c.f.s.config.JwtSigningKeyProvider - JWT signing key 'primary' is below minimum 512 bits (57 bytes). This may cause security issues.
2026-07-29 12:05:09.827 [main] INFO  [] c.f.s.config.JwtSigningKeyProvider - JWT signing keys loaded. Active key: 'primary', total keys: 1
2026-07-29 12:05:09.918 [main] DEBUG [] c.f.s.config.JwtAuthenticationFilter - Filter 'jwtAuthenticationFilter' configured for use
2026-07-29 12:05:09.920 [main] DEBUG [] o.s.w.f.ServerHttpObservationFilter - Filter 'webMvcObservationFilter' configured for use
2026-07-29 12:05:09.922 [main] DEBUG [] o.s.web.filter.CorsFilter - Filter 'corsFilter' configured for use
2026-07-29 12:05:10.226 [main] INFO  [] com.zaxxer.hikari.HikariDataSource - finflow-dev-pool - Starting...
2026-07-29 12:05:10.396 [main] INFO  [] com.zaxxer.hikari.pool.HikariPool - finflow-dev-pool - Added connection com.mysql.cj.jdbc.ConnectionImpl@1ee52741
2026-07-29 12:05:10.396 [main] INFO  [] com.zaxxer.hikari.HikariDataSource - finflow-dev-pool - Start completed.
2026-07-29 12:05:10.446 [main] INFO  [] org.flywaydb.core.FlywayExecutor - Database: jdbc:mysql://localhost:3306/finflow_auth?createDatabaseIfNotExist=true&useSSL=false&allowPublicKeyRetrieval=true&serverTimezone=UTC (MySQL 9.7)
2026-07-29 12:05:10.461 [main] WARN  [] o.f.c.i.database.base.Database - Flyway upgrade recommended: MySQL 9.7 is newer than this version of Flyway and support has not been tested. The latest supported version of MySQL is 8.1.
2026-07-29 12:05:10.519 [main] INFO  [] o.f.core.internal.command.DbValidate - Successfully validated 15 migrations (execution time 00:00.043s)
2026-07-29 12:05:10.541 [main] INFO  [] o.f.core.internal.command.DbMigrate - Current version of schema `finflow_auth`: 14.0
2026-07-29 12:05:10.559 [main] INFO  [] o.f.core.internal.command.DbMigrate - Migrating schema `finflow_auth` to version "15.0 - add audit columns to user roles"
2026-07-29 12:05:10.660 [main] ERROR [] o.f.core.internal.command.DbMigrate - Migration of schema `finflow_auth` to version "15.0 - add audit columns to user roles" failed! Please restore backups and roll back database and code!
2026-07-29 12:05:10.724 [main] WARN  [] o.s.b.w.s.c.AnnotationConfigServletWebServerApplicationContext - Exception encountered during context initialization - cancelling refresh attempt: org.springframework.beans.factory.BeanCreationException: Error creating bean with name 'entityManagerFactory' defined in class path resource [org/springframework/boot/autoconfigure/orm/jpa/HibernateJpaConfiguration.class]: Failed to initialize dependency 'flywayInitializer' of LoadTimeWeaverAware bean 'entityManagerFactory': Error creating bean with name 'flywayInitializer' defined in class path resource [org/springframework/boot/autoconfigure/flyway/FlywayAutoConfiguration$FlywayConfiguration.class]: Script V15_0__add_audit_columns_to_user_roles.sql failed
--------------------------------------------------------
SQL State  : 42S21
Error Code : 1060
Message    : Duplicate column name 'created_at'
Location   : db/migration/V15_0__add_audit_columns_to_user_roles.sql (C:\Users\Lenovo\OneDrive\Desktop\FinFlow\backend\target\classes\db\migration\V15_0__add_audit_columns_to_user_roles.sql)
Line       : 10
Statement  : Run Flyway with -X option to see the actual statement causing the problem

2026-07-29 12:05:10.724 [main] INFO  [] com.zaxxer.hikari.HikariDataSource - finflow-dev-pool - Shutdown initiated...
2026-07-29 12:05:10.734 [main] INFO  [] com.zaxxer.hikari.HikariDataSource - finflow-dev-pool - Shutdown completed.
2026-07-29 12:05:10.740 [main] INFO  [] o.a.catalina.core.StandardService - Stopping service [Tomcat]
2026-07-29 12:05:10.756 [main] INFO  [] o.s.b.a.l.ConditionEvaluationReportLogger - 

Error starting ApplicationContext. To display the condition evaluation report re-run your application with 'debug' enabled.
2026-07-29 12:05:10.777 [main] ERROR [] o.s.boot.SpringApplication - Application run failed
org.springframework.beans.factory.BeanCreationException: Error creating bean with name 'entityManagerFactory' defined in class path resource [org/springframework/boot/autoconfigure/orm/jpa/HibernateJpaConfiguration.class]: Failed to initialize dependency 'flywayInitializer' of LoadTimeWeaverAware bean 'entityManagerFactory': Error creating bean with name 'flywayInitializer' defined in class path resource [org/springframework/boot/autoconfigure/flyway/FlywayAutoConfiguration$FlywayConfiguration.class]: Script V15_0__add_audit_columns_to_user_roles.sql failed
--------------------------------------------------------
SQL State  : 42S21
Error Code : 1060
Message    : Duplicate column name 'created_at'
Location   : db/migration/V15_0__add_audit_columns_to_user_roles.sql (C:\Users\Lenovo\OneDrive\Desktop\FinFlow\backend\target\classes\db\migration\V15_0__add_audit_columns_to_user_roles.sql)
Line       : 10
Statement  : Run Flyway with -X option to see the actual statement causing the problem

	at org.springframework.beans.factory.support.AbstractBeanFactory.doGetBean(AbstractBeanFactory.java:325)
	at org.springframework.beans.factory.support.AbstractBeanFactory.getBean(AbstractBeanFactory.java:204)
	at org.springframework.context.support.AbstractApplicationContext.finishBeanFactoryInitialization(AbstractApplicationContext.java:970)
	at org.springframework.context.support.AbstractApplicationContext.refresh(AbstractApplicationContext.java:627)
	at org.springframework.boot.web.servlet.context.ServletWebServerApplicationContext.refresh(ServletWebServerApplicationContext.java:146)
	at org.springframework.boot.SpringApplication.refresh(SpringApplication.java:752)
	at org.springframework.boot.SpringApplication.refreshContext(SpringApplication.java:439)
	at org.springframework.boot.SpringApplication.run(SpringApplication.java:318)
	at org.springframework.boot.SpringApplication.run(SpringApplication.java:1361)
	at org.springframework.boot.SpringApplication.run(SpringApplication.java:1350)
	at com.finflow.FinFlowApplication.main(FinFlowApplication.java:19)
Caused by: org.springframework.beans.factory.BeanCreationException: Error creating bean with name 'flywayInitializer' defined in class path resource [org/springframework/boot/autoconfigure/flyway/FlywayAutoConfiguration$FlywayConfiguration.class]: Script V15_0__add_audit_columns_to_user_roles.sql failed
--------------------------------------------------------
SQL State  : 42S21
Error Code : 1060
Message    : Duplicate column name 'created_at'
Location   : db/migration/V15_0__add_audit_columns_to_user_roles.sql (C:\Users\Lenovo\OneDrive\Desktop\FinFlow\backend\target\classes\db\migration\V15_0__add_audit_columns_to_user_roles.sql)
Line       : 10
Statement  : Run Flyway with -X option to see the actual statement causing the problem

	at org.springframework.beans.factory.support.AbstractAutowireCapableBeanFactory.initializeBean(AbstractAutowireCapableBeanFactory.java:1808)
	at org.springframework.beans.factory.support.AbstractAutowireCapableBeanFactory.doCreateBean(AbstractAutowireCapableBeanFactory.java:601)
	at org.springframework.beans.factory.support.AbstractAutowireCapableBeanFactory.createBean(AbstractAutowireCapableBeanFactory.java:523)
	at org.springframework.beans.factory.support.AbstractBeanFactory.lambda$doGetBean$0(AbstractBeanFactory.java:336)
	at org.springframework.beans.factory.support.DefaultSingletonBeanRegistry.getSingleton(DefaultSingletonBeanRegistry.java:289)
	at org.springframework.beans.factory.support.AbstractBeanFactory.doGetBean(AbstractBeanFactory.java:334)
	at org.springframework.beans.factory.support.AbstractBeanFactory.getBean(AbstractBeanFactory.java:199)
	at org.springframework.beans.factory.support.AbstractBeanFactory.doGetBean(AbstractBeanFactory.java:312)
	... 10 common frames omitted
Caused by: org.flywaydb.core.internal.exception.FlywayMigrateException: Script V15_0__add_audit_columns_to_user_roles.sql failed
--------------------------------------------------------
SQL State  : 42S21
Error Code : 1060
Message    : Duplicate column name 'created_at'
Location   : db/migration/V15_0__add_audit_columns_to_user_roles.sql (C:\Users\Lenovo\OneDrive\Desktop\FinFlow\backend\target\classes\db\migration\V15_0__add_audit_columns_to_user_roles.sql)
Line       : 10
Statement  : Run Flyway with -X option to see the actual statement causing the problem

	at org.flywaydb.core.internal.command.DbMigrate.doMigrateGroup(DbMigrate.java:399)
	at org.flywaydb.core.internal.command.DbMigrate.lambda$applyMigrations$1(DbMigrate.java:283)
	at org.flywaydb.core.internal.jdbc.TransactionalExecutionTemplate.execute(TransactionalExecutionTemplate.java:59)
	at org.flywaydb.core.internal.command.DbMigrate.applyMigrations(DbMigrate.java:282)
	at org.flywaydb.core.internal.command.DbMigrate.migrateGroup(DbMigrate.java:255)
	at org.flywaydb.core.internal.command.DbMigrate.lambda$migrateAll$0(DbMigrate.java:153)
	at org.flywaydb.database.mysql.MySQLNamedLockTemplate.execute(MySQLNamedLockTemplate.java:62)
	at org.flywaydb.database.mysql.MySQLConnection.lock(MySQLConnection.java:159)
	at org.flywaydb.core.internal.schemahistory.JdbcTableSchemaHistory.lock(JdbcTableSchemaHistory.java:149)
	at org.flywaydb.core.internal.command.DbMigrate.migrateAll(DbMigrate.java:153)
	at org.flywaydb.core.internal.command.DbMigrate.migrate(DbMigrate.java:104)
	at org.flywaydb.core.Flyway.lambda$migrate$1(Flyway.java:230)
	at org.flywaydb.core.FlywayExecutor.execute(FlywayExecutor.java:213)
	at org.flywaydb.core.Flyway.migrate(Flyway.java:176)
	at org.springframework.boot.autoconfigure.flyway.FlywayMigrationInitializer.afterPropertiesSet(FlywayMigrationInitializer.java:66)
	at org.springframework.beans.factory.support.AbstractAutowireCapableBeanFactory.invokeInitMethods(AbstractAutowireCapableBeanFactory.java:1855)
	at org.springframework.beans.factory.support.AbstractAutowireCapableBeanFactory.initializeBean(AbstractAutowireCapableBeanFactory.java:1804)
	... 17 common frames omitted
Caused by: org.flywaydb.core.internal.sqlscript.FlywaySqlScriptException: Script V15_0__add_audit_columns_to_user_roles.sql failed
--------------------------------------------------------
SQL State  : 42S21
Error Code : 1060
Message    : Duplicate column name 'created_at'
Location   : db/migration/V15_0__add_audit_columns_to_user_roles.sql (C:\Users\Lenovo\OneDrive\Desktop\FinFlow\backend\target\classes\db\migration\V15_0__add_audit_columns_to_user_roles.sql)
Line       : 10
Statement  : Run Flyway with -X option to see the actual statement causing the problem

	at org.flywaydb.core.internal.sqlscript.DefaultSqlScriptExecutor.handleException(DefaultSqlScriptExecutor.java:256)
	at org.flywaydb.core.internal.sqlscript.DefaultSqlScriptExecutor.executeStatement(DefaultSqlScriptExecutor.java:217)
	at org.flywaydb.core.internal.sqlscript.DefaultSqlScriptExecutor.execute(DefaultSqlScriptExecutor.java:137)
	at org.flywaydb.core.internal.resolver.sql.SqlMigrationExecutor.executeOnce(SqlMigrationExecutor.java:75)
	at org.flywaydb.core.internal.resolver.sql.SqlMigrationExecutor.lambda$execute$0(SqlMigrationExecutor.java:66)
	at org.flywaydb.core.internal.database.DefaultExecutionStrategy.execute(DefaultExecutionStrategy.java:31)
	at org.flywaydb.core.internal.resolver.sql.SqlMigrationExecutor.execute(SqlMigrationExecutor.java:65)
	at org.flywaydb.core.internal.command.DbMigrate.doMigrateGroup(DbMigrate.java:391)
	... 33 common frames omitted
Caused by: java.sql.SQLSyntaxErrorException: Duplicate column name 'created_at'
	at com.mysql.cj.jdbc.exceptions.SQLError.createSQLException(SQLError.java:112)
	at com.mysql.cj.jdbc.exceptions.SQLExceptionsMapping.translateException(SQLExceptionsMapping.java:114)
	at com.mysql.cj.jdbc.StatementImpl.executeInternal(StatementImpl.java:837)
	at com.mysql.cj.jdbc.StatementImpl.execute(StatementImpl.java:685)
	at com.zaxxer.hikari.pool.ProxyStatement.execute(ProxyStatement.java:94)
	at com.zaxxer.hikari.pool.HikariProxyStatement.execute(HikariProxyStatement.java)
	at org.flywaydb.core.internal.jdbc.JdbcTemplate.executeStatement(JdbcTemplate.java:210)
	at org.flywaydb.core.internal.sqlscript.ParsedSqlStatement.execute(ParsedSqlStatement.java:88)
	at org.flywaydb.core.internal.sqlscript.DefaultSqlScriptExecutor.executeStatement(DefaultSqlScriptExecutor.java:212)
	... 39 common frames omitted
2026-07-29 12:08:00.653 [main] INFO  [] com.finflow.FinFlowApplication - Starting FinFlowApplication using Java 21.0.11 with PID 20044 (C:\Users\Lenovo\OneDrive\Desktop\FinFlow\backend\target\classes started by Lenovo in C:\Users\Lenovo\OneDrive\Desktop\FinFlow\backend)
2026-07-29 12:08:00.657 [main] DEBUG [] com.finflow.FinFlowApplication - Running with Spring Boot v3.4.1, Spring v6.2.1
2026-07-29 12:08:00.657 [main] INFO  [] com.finflow.FinFlowApplication - The following 1 profile is active: "dev"
2026-07-29 12:08:03.074 [main] INFO  [] o.s.d.r.c.RepositoryConfigurationDelegate - Multiple Spring Data modules found, entering strict repository configuration mode
2026-07-29 12:08:03.077 [main] INFO  [] o.s.d.r.c.RepositoryConfigurationDelegate - Bootstrapping Spring Data JPA repositories in DEFAULT mode.
2026-07-29 12:08:03.969 [main] INFO  [] o.s.d.r.c.RepositoryConfigurationDelegate - Finished Spring Data repository scanning in 872 ms. Found 22 JPA repository interfaces.
2026-07-29 12:08:04.050 [main] INFO  [] o.s.d.r.c.RepositoryConfigurationDelegate - Multiple Spring Data modules found, entering strict repository configuration mode
2026-07-29 12:08:04.055 [main] INFO  [] o.s.d.r.c.RepositoryConfigurationDelegate - Bootstrapping Spring Data Redis repositories in DEFAULT mode.
2026-07-29 12:08:04.180 [main] INFO  [] o.s.d.r.c.RepositoryConfigurationExtensionSupport - Spring Data Redis - Could not safely identify store assignment for repository candidate interface com.finflow.modules.accounts.repository.AccountHolderRepository; If you want this repository to be a Redis repository, consider annotating your entities with one of these annotations: org.springframework.data.redis.core.RedisHash (preferred), or consider extending one of the following types with your repository: org.springframework.data.keyvalue.repository.KeyValueRepository
2026-07-29 12:08:04.180 [main] INFO  [] o.s.d.r.c.RepositoryConfigurationExtensionSupport - Spring Data Redis - Could not safely identify store assignment for repository candidate interface com.finflow.modules.accounts.repository.AccountRepository; If you want this repository to be a Redis repository, consider annotating your entities with one of these annotations: org.springframework.data.redis.core.RedisHash (preferred), or consider extending one of the following types with your repository: org.springframework.data.keyvalue.repository.KeyValueRepository
2026-07-29 12:08:04.180 [main] INFO  [] o.s.d.r.c.RepositoryConfigurationExtensionSupport - Spring Data Redis - Could not safely identify store assignment for repository candidate interface com.finflow.modules.accounts.repository.AccountStatusHistoryRepository; If you want this repository to be a Redis repository, consider annotating your entities with one of these annotations: org.springframework.data.redis.core.RedisHash (preferred), or consider extending one of the following types with your repository: org.springframework.data.keyvalue.repository.KeyValueRepository
2026-07-29 12:08:04.180 [main] INFO  [] o.s.d.r.c.RepositoryConfigurationExtensionSupport - Spring Data Redis - Could not safely identify store assignment for repository candidate interface com.finflow.modules.accounts.repository.HoldRepository; If you want this repository to be a Redis repository, consider annotating your entities with one of these annotations: org.springframework.data.redis.core.RedisHash (preferred), or consider extending one of the following types with your repository: org.springframework.data.keyvalue.repository.KeyValueRepository
2026-07-29 12:08:04.180 [main] INFO  [] o.s.d.r.c.RepositoryConfigurationExtensionSupport - Spring Data Redis - Could not safely identify store assignment for repository candidate interface com.finflow.modules.admin.repository.AdminAuditLogRepository; If you want this repository to be a Redis repository, consider annotating your entities with one of these annotations: org.springframework.data.redis.core.RedisHash (preferred), or consider extending one of the following types with your repository: org.springframework.data.keyvalue.repository.KeyValueRepository
2026-07-29 12:08:04.180 [main] INFO  [] o.s.d.r.c.RepositoryConfigurationExtensionSupport - Spring Data Redis - Could not safely identify store assignment for repository candidate interface com.finflow.modules.auth.repository.LoginHistoryRepository; If you want this repository to be a Redis repository, consider annotating your entities with one of these annotations: org.springframework.data.redis.core.RedisHash (preferred), or consider extending one of the following types with your repository: org.springframework.data.keyvalue.repository.KeyValueRepository
2026-07-29 12:08:04.186 [main] INFO  [] o.s.d.r.c.RepositoryConfigurationExtensionSupport - Spring Data Redis - Could not safely identify store assignment for repository candidate interface com.finflow.modules.auth.repository.RefreshTokenRepository; If you want this repository to be a Redis repository, consider annotating your entities with one of these annotations: org.springframework.data.redis.core.RedisHash (preferred), or consider extending one of the following types with your repository: org.springframework.data.keyvalue.repository.KeyValueRepository
2026-07-29 12:08:04.187 [main] INFO  [] o.s.d.r.c.RepositoryConfigurationExtensionSupport - Spring Data Redis - Could not safely identify store assignment for repository candidate interface com.finflow.modules.auth.repository.RoleRepository; If you want this repository to be a Redis repository, consider annotating your entities with one of these annotations: org.springframework.data.redis.core.RedisHash (preferred), or consider extending one of the following types with your repository: org.springframework.data.keyvalue.repository.KeyValueRepository
2026-07-29 12:08:04.187 [main] INFO  [] o.s.d.r.c.RepositoryConfigurationExtensionSupport - Spring Data Redis - Could not safely identify store assignment for repository candidate interface com.finflow.modules.auth.repository.UserCredentialRepository; If you want this repository to be a Redis repository, consider annotating your entities with one of these annotations: org.springframework.data.redis.core.RedisHash (preferred), or consider extending one of the following types with your repository: org.springframework.data.keyvalue.repository.KeyValueRepository
2026-07-29 12:08:04.187 [main] INFO  [] o.s.d.r.c.RepositoryConfigurationExtensionSupport - Spring Data Redis - Could not safely identify store assignment for repository candidate interface com.finflow.modules.auth.repository.UserRepository; If you want this repository to be a Redis repository, consider annotating your entities with one of these annotations: org.springframework.data.redis.core.RedisHash (preferred), or consider extending one of the following types with your repository: org.springframework.data.keyvalue.repository.KeyValueRepository
2026-07-29 12:08:04.187 [main] INFO  [] o.s.d.r.c.RepositoryConfigurationExtensionSupport - Spring Data Redis - Could not safely identify store assignment for repository candidate interface com.finflow.modules.auth.repository.UserRoleRepository; If you want this repository to be a Redis repository, consider annotating your entities with one of these annotations: org.springframework.data.redis.core.RedisHash (preferred), or consider extending one of the following types with your repository: org.springframework.data.keyvalue.repository.KeyValueRepository
2026-07-29 12:08:04.190 [main] INFO  [] o.s.d.r.c.RepositoryConfigurationExtensionSupport - Spring Data Redis - Could not safely identify store assignment for repository candidate interface com.finflow.modules.beneficiaries.repository.BeneficiaryRepository; If you want this repository to be a Redis repository, consider annotating your entities with one of these annotations: org.springframework.data.redis.core.RedisHash (preferred), or consider extending one of the following types with your repository: org.springframework.data.keyvalue.repository.KeyValueRepository
2026-07-29 12:08:04.190 [main] INFO  [] o.s.d.r.c.RepositoryConfigurationExtensionSupport - Spring Data Redis - Could not safely identify store assignment for repository candidate interface com.finflow.modules.cards.repository.CardRepository; If you want this repository to be a Redis repository, consider annotating your entities with one of these annotations: org.springframework.data.redis.core.RedisHash (preferred), or consider extending one of the following types with your repository: org.springframework.data.keyvalue.repository.KeyValueRepository
2026-07-29 12:08:04.190 [main] INFO  [] o.s.d.r.c.RepositoryConfigurationExtensionSupport - Spring Data Redis - Could not safely identify store assignment for repository candidate interface com.finflow.modules.cards.repository.CardTransactionRepository; If you want this repository to be a Redis repository, consider annotating your entities with one of these annotations: org.springframework.data.redis.core.RedisHash (preferred), or consider extending one of the following types with your repository: org.springframework.data.keyvalue.repository.KeyValueRepository
2026-07-29 12:08:04.190 [main] INFO  [] o.s.d.r.c.RepositoryConfigurationExtensionSupport - Spring Data Redis - Could not safely identify store assignment for repository candidate interface com.finflow.modules.notifications.repository.NotificationRepository; If you want this repository to be a Redis repository, consider annotating your entities with one of these annotations: org.springframework.data.redis.core.RedisHash (preferred), or consider extending one of the following types with your repository: org.springframework.data.keyvalue.repository.KeyValueRepository
2026-07-29 12:08:04.192 [main] INFO  [] o.s.d.r.c.RepositoryConfigurationExtensionSupport - Spring Data Redis - Could not safely identify store assignment for repository candidate interface com.finflow.modules.profiles.repository.UserProfileRepository; If you want this repository to be a Redis repository, consider annotating your entities with one of these annotations: org.springframework.data.redis.core.RedisHash (preferred), or consider extending one of the following types with your repository: org.springframework.data.keyvalue.repository.KeyValueRepository
2026-07-29 12:08:04.192 [main] INFO  [] o.s.d.r.c.RepositoryConfigurationExtensionSupport - Spring Data Redis - Could not safely identify store assignment for repository candidate interface com.finflow.modules.savings.repository.SavingsGoalRepository; If you want this repository to be a Redis repository, consider annotating your entities with one of these annotations: org.springframework.data.redis.core.RedisHash (preferred), or consider extending one of the following types with your repository: org.springframework.data.keyvalue.repository.KeyValueRepository
2026-07-29 12:08:04.192 [main] INFO  [] o.s.d.r.c.RepositoryConfigurationExtensionSupport - Spring Data Redis - Could not safely identify store assignment for repository candidate interface com.finflow.modules.settings.repository.UserSettingRepository; If you want this repository to be a Redis repository, consider annotating your entities with one of these annotations: org.springframework.data.redis.core.RedisHash (preferred), or consider extending one of the following types with your repository: org.springframework.data.keyvalue.repository.KeyValueRepository
2026-07-29 12:08:04.192 [main] INFO  [] o.s.d.r.c.RepositoryConfigurationExtensionSupport - Spring Data Redis - Could not safely identify store assignment for repository candidate interface com.finflow.modules.transactions.repository.TransactionEntryRepository; If you want this repository to be a Redis repository, consider annotating your entities with one of these annotations: org.springframework.data.redis.core.RedisHash (preferred), or consider extending one of the following types with your repository: org.springframework.data.keyvalue.repository.KeyValueRepository
2026-07-29 12:08:04.192 [main] INFO  [] o.s.d.r.c.RepositoryConfigurationExtensionSupport - Spring Data Redis - Could not safely identify store assignment for repository candidate interface com.finflow.modules.transactions.repository.TransactionRepository; If you want this repository to be a Redis repository, consider annotating your entities with one of these annotations: org.springframework.data.redis.core.RedisHash (preferred), or consider extending one of the following types with your repository: org.springframework.data.keyvalue.repository.KeyValueRepository
2026-07-29 12:08:04.192 [main] INFO  [] o.s.d.r.c.RepositoryConfigurationExtensionSupport - Spring Data Redis - Could not safely identify store assignment for repository candidate interface com.finflow.modules.transfers.repository.ScheduledTransferRepository; If you want this repository to be a Redis repository, consider annotating your entities with one of these annotations: org.springframework.data.redis.core.RedisHash (preferred), or consider extending one of the following types with your repository: org.springframework.data.keyvalue.repository.KeyValueRepository
2026-07-29 12:08:04.192 [main] INFO  [] o.s.d.r.c.RepositoryConfigurationExtensionSupport - Spring Data Redis - Could not safely identify store assignment for repository candidate interface com.finflow.modules.transfers.repository.TransferTemplateRepository; If you want this repository to be a Redis repository, consider annotating your entities with one of these annotations: org.springframework.data.redis.core.RedisHash (preferred), or consider extending one of the following types with your repository: org.springframework.data.keyvalue.repository.KeyValueRepository
2026-07-29 12:08:04.192 [main] INFO  [] o.s.d.r.c.RepositoryConfigurationDelegate - Finished Spring Data repository scanning in 107 ms. Found 0 Redis repository interfaces.
2026-07-29 12:08:07.106 [main] INFO  [] o.s.b.w.e.tomcat.TomcatWebServer - Tomcat initialized with port 8080 (http)
2026-07-29 12:08:07.139 [main] INFO  [] o.a.catalina.core.StandardService - Starting service [Tomcat]
2026-07-29 12:08:07.139 [main] INFO  [] o.a.catalina.core.StandardEngine - Starting Servlet engine: [Apache Tomcat/10.1.34]
2026-07-29 12:08:07.339 [main] INFO  [] o.a.c.c.C.[Tomcat].[localhost].[/] - Initializing Spring embedded WebApplicationContext
2026-07-29 12:08:07.339 [main] INFO  [] o.s.b.w.s.c.ServletWebServerApplicationContext - Root WebApplicationContext: initialization completed in 6583 ms
2026-07-29 12:08:07.990 [main] WARN  [] c.f.s.config.JwtSigningKeyProvider - JWT signing key 'primary' is below minimum 512 bits (57 bytes). This may cause security issues.
2026-07-29 12:08:08.012 [main] INFO  [] c.f.s.config.JwtSigningKeyProvider - JWT signing keys loaded. Active key: 'primary', total keys: 1
2026-07-29 12:08:08.230 [main] DEBUG [] c.f.s.config.JwtAuthenticationFilter - Filter 'jwtAuthenticationFilter' configured for use
2026-07-29 12:08:08.232 [main] DEBUG [] o.s.w.f.ServerHttpObservationFilter - Filter 'webMvcObservationFilter' configured for use
2026-07-29 12:08:08.232 [main] DEBUG [] o.s.web.filter.CorsFilter - Filter 'corsFilter' configured for use
2026-07-29 12:08:08.816 [main] INFO  [] com.zaxxer.hikari.HikariDataSource - finflow-dev-pool - Starting...
2026-07-29 12:08:09.189 [main] INFO  [] com.zaxxer.hikari.pool.HikariPool - finflow-dev-pool - Added connection com.mysql.cj.jdbc.ConnectionImpl@400df2b3
2026-07-29 12:08:09.191 [main] INFO  [] com.zaxxer.hikari.HikariDataSource - finflow-dev-pool - Start completed.
2026-07-29 12:08:09.277 [main] INFO  [] org.flywaydb.core.FlywayExecutor - Database: jdbc:mysql://localhost:3306/finflow_auth?createDatabaseIfNotExist=true&useSSL=false&allowPublicKeyRetrieval=true&serverTimezone=UTC (MySQL 9.7)
2026-07-29 12:08:09.298 [main] WARN  [] o.f.c.i.database.base.Database - Flyway upgrade recommended: MySQL 9.7 is newer than this version of Flyway and support has not been tested. The latest supported version of MySQL is 8.1.
2026-07-29 12:08:09.395 [main] INFO  [] o.f.core.internal.command.DbValidate - Successfully validated 14 migrations (execution time 00:00.076s)
2026-07-29 12:08:09.427 [main] INFO  [] o.f.core.internal.command.DbMigrate - Current version of schema `finflow_auth`: 14.0
2026-07-29 12:08:09.462 [main] INFO  [] o.f.core.internal.command.DbMigrate - Schema `finflow_auth` is up to date. No migration necessary.
2026-07-29 12:08:09.787 [main] INFO  [] o.h.jpa.internal.util.LogHelper - HHH000204: Processing PersistenceUnitInfo [name: default]
2026-07-29 12:08:09.935 [main] INFO  [] org.hibernate.Version - HHH000412: Hibernate ORM core version 6.6.4.Final
2026-07-29 12:08:10.026 [main] INFO  [] o.h.c.i.RegionFactoryInitiator - HHH000026: Second-level cache disabled
2026-07-29 12:08:10.574 [main] INFO  [] o.s.o.j.p.SpringPersistenceUnitInfo - No LoadTimeWeaver setup: ignoring JPA class transformer
2026-07-29 12:08:10.687 [main] WARN  [] org.hibernate.orm.deprecation - HHH90000025: MySQLDialect does not need to be specified explicitly using 'hibernate.dialect' (remove the property setting and it will be selected by default)
2026-07-29 12:08:10.709 [main] INFO  [] o.hibernate.orm.connections.pooling - HHH10001005: Database info:
	Database JDBC URL [Connecting through datasource 'HikariDataSource (finflow-dev-pool)']
	Database driver: undefined/unknown
	Database version: 9.7.1
	Autocommit mode: undefined/unknown
	Isolation level: undefined/unknown
	Minimum pool size: undefined/unknown
	Maximum pool size: undefined/unknown
2026-07-29 12:08:13.235 [main] INFO  [] o.h.e.t.j.p.i.JtaPlatformInitiator - HHH000489: No JTA platform available (set 'hibernate.transaction.jta.platform' to enable JTA platform integration)
2026-07-29 12:08:13.235 [main] INFO  [] o.s.o.j.LocalContainerEntityManagerFactoryBean - Initialized JPA EntityManagerFactory for persistence unit 'default'
2026-07-29 12:08:14.008 [main] INFO  [] o.s.d.j.r.query.QueryEnhancerFactory - Hibernate is in classpath; If applicable, HQL parser will be used.
2026-07-29 12:08:17.371 [main] INFO  [] org.redisson.Version - Redisson 3.37.0
2026-07-29 12:08:18.003 [redisson-netty-1-5] INFO  [] o.r.connection.ConnectionsHolder - 1 connections initialized for localhost/127.0.0.1:6379
2026-07-29 12:08:18.125 [redisson-netty-1-20] INFO  [] o.r.connection.ConnectionsHolder - 24 connections initialized for localhost/127.0.0.1:6379
2026-07-29 12:08:21.072 [main] WARN  [] o.s.b.a.o.j.JpaBaseConfiguration$JpaWebConfiguration - spring.jpa.open-in-view is enabled by default. Therefore, database queries may be performed during view rendering. Explicitly configure spring.jpa.open-in-view to disable this warning
2026-07-29 12:08:21.211 [main] WARN  [] o.s.b.a.s.s.UserDetailsServiceAutoConfiguration - 

Using generated security password: 236b755f-65f5-47cc-acf5-9e25b669a061

This generated password is for development use only. Your security configuration must be updated before running your application in production.

2026-07-29 12:08:21.774 [main] DEBUG [] o.s.w.s.m.m.a.RequestMappingHandlerMapping - 75 mappings in 'requestMappingHandlerMapping'
2026-07-29 12:08:21.957 [main] DEBUG [] o.s.w.s.h.SimpleUrlHandlerMapping - Patterns [/webjars/**, /**, /swagger-ui*/*swagger-initializer.js, /swagger-ui*/**] in 'resourceHandlerMapping'
2026-07-29 12:08:22.530 [main] INFO  [] o.s.b.a.e.web.EndpointLinksResolver - Exposing 5 endpoints beneath base path '/actuator'
2026-07-29 12:08:23.162 [main] DEBUG [] o.s.w.s.m.m.a.RequestMappingHandlerAdapter - ControllerAdvice beans: 0 @ModelAttribute, 0 @InitBinder, 1 RequestBodyAdvice, 1 ResponseBodyAdvice
2026-07-29 12:08:23.385 [main] DEBUG [] o.s.w.s.m.m.a.ExceptionHandlerExceptionResolver - ControllerAdvice beans: 2 @ExceptionHandler, 1 ResponseBodyAdvice
2026-07-29 12:08:26.026 [main] INFO  [] org.quartz.impl.StdSchedulerFactory - Using default implementation for ThreadExecutor
2026-07-29 12:08:26.053 [main] INFO  [] o.quartz.core.SchedulerSignalerImpl - Initialized Scheduler Signaller of type: class org.quartz.core.SchedulerSignalerImpl
2026-07-29 12:08:26.053 [main] INFO  [] org.quartz.core.QuartzScheduler - Quartz Scheduler v.2.3.2 created.
2026-07-29 12:08:26.053 [main] INFO  [] org.quartz.simpl.RAMJobStore - RAMJobStore initialized.
2026-07-29 12:08:26.053 [main] INFO  [] org.quartz.core.QuartzScheduler - Scheduler meta-data: Quartz Scheduler (v2.3.2) 'quartzScheduler' with instanceId 'NON_CLUSTERED'
  Scheduler class: 'org.quartz.core.QuartzScheduler' - running locally.
  NOT STARTED.
  Currently in standby mode.
  Number of jobs executed: 0
  Using thread pool 'org.quartz.simpl.SimpleThreadPool' - with 10 threads.
  Using job-store 'org.quartz.simpl.RAMJobStore' - which does not support persistence. and is not clustered.

2026-07-29 12:08:26.053 [main] INFO  [] org.quartz.impl.StdSchedulerFactory - Quartz scheduler 'quartzScheduler' initialized from an externally provided properties instance.
2026-07-29 12:08:26.053 [main] INFO  [] org.quartz.impl.StdSchedulerFactory - Quartz scheduler version: 2.3.2
2026-07-29 12:08:26.053 [main] INFO  [] org.quartz.core.QuartzScheduler - JobFactory set to: org.springframework.scheduling.quartz.SpringBeanJobFactory@55a42882
2026-07-29 12:08:26.695 [main] INFO  [] o.s.b.w.e.tomcat.TomcatWebServer - Tomcat started on port 8080 (http) with context path '/'
2026-07-29 12:08:26.697 [main] INFO  [] o.s.s.quartz.SchedulerFactoryBean - Starting Quartz Scheduler now
2026-07-29 12:08:26.697 [main] INFO  [] org.quartz.core.QuartzScheduler - Scheduler quartzScheduler_$_NON_CLUSTERED started.
2026-07-29 12:08:26.726 [main] INFO  [] com.finflow.FinFlowApplication - Started FinFlowApplication in 26.661 seconds (process running for 27.298)
2026-07-29 12:09:49.721 [http-nio-8080-exec-2] INFO  [] o.a.c.c.C.[Tomcat].[localhost].[/] - Initializing Spring DispatcherServlet 'dispatcherServlet'
2026-07-29 12:09:49.721 [http-nio-8080-exec-2] INFO  [] o.s.web.servlet.DispatcherServlet - Initializing Servlet 'dispatcherServlet'
2026-07-29 12:09:49.721 [http-nio-8080-exec-2] DEBUG [] o.s.web.servlet.DispatcherServlet - Detected StandardServletMultipartResolver
2026-07-29 12:09:49.721 [http-nio-8080-exec-2] DEBUG [] o.s.web.servlet.DispatcherServlet - Detected AcceptHeaderLocaleResolver
2026-07-29 12:09:49.721 [http-nio-8080-exec-2] DEBUG [] o.s.web.servlet.DispatcherServlet - Detected FixedThemeResolver
2026-07-29 12:09:49.729 [http-nio-8080-exec-2] DEBUG [] o.s.web.servlet.DispatcherServlet - Detected org.springframework.web.servlet.view.DefaultRequestToViewNameTranslator@291c9ad6
2026-07-29 12:09:49.729 [http-nio-8080-exec-2] DEBUG [] o.s.web.servlet.DispatcherServlet - Detected org.springframework.web.servlet.support.SessionFlashMapManager@3def229f
2026-07-29 12:09:49.729 [http-nio-8080-exec-2] DEBUG [] o.s.web.servlet.DispatcherServlet - enableLoggingRequestDetails='false': request parameters and headers will be masked to prevent unsafe logging of potentially sensitive data
2026-07-29 12:09:49.729 [http-nio-8080-exec-2] INFO  [] o.s.web.servlet.DispatcherServlet - Completed initialization in 8 ms
2026-07-29 12:09:49.811 [http-nio-8080-exec-2] DEBUG [] o.s.web.servlet.DispatcherServlet - POST "/api/v1/auth/register", parameters={}
2026-07-29 12:09:49.811 [http-nio-8080-exec-2] DEBUG [] o.s.w.s.m.m.a.RequestMappingHandlerMapping - Mapped to com.finflow.modules.auth.controller.AuthController#register(RegisterRequest)
2026-07-29 12:09:49.902 [http-nio-8080-exec-2] DEBUG [] o.s.w.s.m.m.a.RequestResponseBodyMethodProcessor - Read "application/json;charset=UTF-8" to [RegisterRequest[email=testuser13@example.com, phoneNumber=+2348013000000, username=testuser13, passw (truncated)...]
2026-07-29 12:09:50.040 [http-nio-8080-exec-2] INFO  [] c.f.m.auth.controller.AuthController - Registration request for email=testuser13@example.com
2026-07-29 12:09:50.244 [http-nio-8080-exec-2] DEBUG [] org.hibernate.SQL - 
    /* <criteria> */ select
        u1_0.id 
    from
        users u1_0 
    where
        upper(u1_0.email)=upper(?) 
        and not(u1_0.is_deleted) 
    limit
        ?
2026-07-29 12:09:50.323 [http-nio-8080-exec-2] DEBUG [] org.hibernate.SQL - 
    /* <criteria> */ select
        u1_0.id 
    from
        users u1_0 
    where
        u1_0.phone_number=? 
        and not(u1_0.is_deleted) 
    limit
        ?
2026-07-29 12:09:50.326 [http-nio-8080-exec-2] DEBUG [] org.hibernate.SQL - 
    /* <criteria> */ select
        u1_0.id 
    from
        users u1_0 
    where
        upper(u1_0.username)=upper(?) 
        and not(u1_0.is_deleted) 
    limit
        ?
2026-07-29 12:09:50.333 [http-nio-8080-exec-2] DEBUG [] org.hibernate.SQL - 
    /* <criteria> */ select
        r1_0.id 
    from
        roles r1_0 
    where
        r1_0.name=? 
        and r1_0.is_active 
    limit
        ?
2026-07-29 12:09:50.453 [http-nio-8080-exec-2] INFO  [] c.f.m.a.service.RegistrationService - User created: id=9ba234e0-a031-4637-bac9-ecfe1e4db3ad, email=testuser13@example.com
2026-07-29 12:09:50.929 [http-nio-8080-exec-2] INFO  [] c.f.m.a.service.RegistrationService - Password credential stored for user: 9ba234e0-a031-4637-bac9-ecfe1e4db3ad
2026-07-29 12:09:50.945 [http-nio-8080-exec-2] DEBUG [] org.hibernate.SQL - 
    /* <criteria> */ select
        r1_0.id,
        r1_0.created_at,
        r1_0.description,
        r1_0.is_active,
        r1_0.is_system_role,
        r1_0.name,
        r1_0.updated_at,
        r1_0.version 
    from
        roles r1_0 
    where
        r1_0.name=? 
        and r1_0.is_active
2026-07-29 12:09:50.977 [http-nio-8080-exec-2] INFO  [] c.f.m.a.service.RegistrationService - CUSTOMER role assigned to user: 9ba234e0-a031-4637-bac9-ecfe1e4db3ad
2026-07-29 12:09:50.995 [http-nio-8080-exec-2] DEBUG [] org.hibernate.SQL - 
    /* insert for
        com.finflow.modules.auth.domain.User */insert 
    into
        users (created_at, created_by, deleted_at, deleted_by, email, email_verified, failed_login_count, is_deleted, last_login_at, locked_until, modified_by, phone_number, phone_verified, status, terms_accepted_at, updated_at, username, version, id) 
    values
        (?, ?, ?, ?, ?, ?, ?, ?, ?, ?, ?, ?, ?, ?, ?, ?, ?, ?, ?)
2026-07-29 12:09:51.015 [http-nio-8080-exec-2] DEBUG [] org.hibernate.SQL - 
    /* insert for
        com.finflow.modules.auth.domain.UserCredential */insert 
    into
        user_credentials (created_at, created_by, credential_type, deleted_at, deleted_by, expires_at, hashed_value, is_active, is_deleted, last_used_at, modified_by, updated_at, user_id, version, id) 
    values
        (?, ?, ?, ?, ?, ?, ?, ?, ?, ?, ?, ?, ?, ?, ?)
2026-07-29 12:09:51.038 [http-nio-8080-exec-2] DEBUG [] org.hibernate.SQL - 
    /* insert for
        com.finflow.modules.auth.domain.UserRole */insert 
    into
        user_roles (created_at, granted_at, granted_by, role_id, updated_at, user_id, version, id) 
    values
        (?, ?, ?, ?, ?, ?, ?, ?)
2026-07-29 12:09:51.082 [http-nio-8080-exec-2] DEBUG [] o.s.w.s.m.m.a.HttpEntityMethodProcessor - Using 'application/json', given [*/*] and supported [application/json, application/*+json, application/yaml]
2026-07-29 12:09:51.093 [http-nio-8080-exec-2] DEBUG [] o.s.w.s.m.m.a.HttpEntityMethodProcessor - Writing [ApiResponse[success=true, data=RegisterResponse[id=9ba234e0-a031-4637-bac9-ecfe1e4db3ad, email=testu (truncated)...]
2026-07-29 12:09:51.117 [http-nio-8080-exec-2] DEBUG [] o.s.web.servlet.DispatcherServlet - Completed 201 CREATED
2026-07-29 12:10:01.178 [http-nio-8080-exec-3] DEBUG [] o.s.web.servlet.DispatcherServlet - POST "/api/v1/auth/register", parameters={}
2026-07-29 12:10:01.178 [http-nio-8080-exec-3] DEBUG [] o.s.w.s.m.m.a.RequestMappingHandlerMapping - Mapped to com.finflow.modules.auth.controller.AuthController#register(RegisterRequest)
2026-07-29 12:10:01.178 [http-nio-8080-exec-3] DEBUG [] o.s.w.s.m.m.a.RequestResponseBodyMethodProcessor - Read "application/json;charset=UTF-8" to [RegisterRequest[email=testuser14@example.com, phoneNumber=+2348014000000, username=testuser14, passw (truncated)...]
2026-07-29 12:10:01.178 [http-nio-8080-exec-3] INFO  [] c.f.m.auth.controller.AuthController - Registration request for email=testuser14@example.com
2026-07-29 12:10:01.185 [http-nio-8080-exec-3] DEBUG [] org.hibernate.SQL - 
    /* <criteria> */ select
        u1_0.id 
    from
        users u1_0 
    where
        upper(u1_0.email)=upper(?) 
        and not(u1_0.is_deleted) 
    limit
        ?
2026-07-29 12:10:01.185 [http-nio-8080-exec-3] DEBUG [] org.hibernate.SQL - 
    /* <criteria> */ select
        u1_0.id 
    from
        users u1_0 
    where
        u1_0.phone_number=? 
        and not(u1_0.is_deleted) 
    limit
        ?
2026-07-29 12:10:01.185 [http-nio-8080-exec-3] DEBUG [] org.hibernate.SQL - 
    /* <criteria> */ select
        u1_0.id 
    from
        users u1_0 
    where
        upper(u1_0.username)=upper(?) 
        and not(u1_0.is_deleted) 
    limit
        ?
2026-07-29 12:10:01.195 [http-nio-8080-exec-3] DEBUG [] org.hibernate.SQL - 
    /* <criteria> */ select
        r1_0.id 
    from
        roles r1_0 
    where
        r1_0.name=? 
        and r1_0.is_active 
    limit
        ?
2026-07-29 12:10:01.199 [http-nio-8080-exec-3] INFO  [] c.f.m.a.service.RegistrationService - User created: id=29561a4e-b81f-40af-b9cb-7637530d0f4e, email=testuser14@example.com
2026-07-29 12:10:01.390 [http-nio-8080-exec-3] INFO  [] c.f.m.a.service.RegistrationService - Password credential stored for user: 29561a4e-b81f-40af-b9cb-7637530d0f4e
2026-07-29 12:10:01.390 [http-nio-8080-exec-3] DEBUG [] org.hibernate.SQL - 
    /* <criteria> */ select
        r1_0.id,
        r1_0.created_at,
        r1_0.description,
        r1_0.is_active,
        r1_0.is_system_role,
        r1_0.name,
        r1_0.updated_at,
        r1_0.version 
    from
        roles r1_0 
    where
        r1_0.name=? 
        and r1_0.is_active
2026-07-29 12:10:01.390 [http-nio-8080-exec-3] INFO  [] c.f.m.a.service.RegistrationService - CUSTOMER role assigned to user: 29561a4e-b81f-40af-b9cb-7637530d0f4e
2026-07-29 12:10:01.390 [http-nio-8080-exec-3] DEBUG [] org.hibernate.SQL - 
    /* insert for
        com.finflow.modules.auth.domain.User */insert 
    into
        users (created_at, created_by, deleted_at, deleted_by, email, email_verified, failed_login_count, is_deleted, last_login_at, locked_until, modified_by, phone_number, phone_verified, status, terms_accepted_at, updated_at, username, version, id) 
    values
        (?, ?, ?, ?, ?, ?, ?, ?, ?, ?, ?, ?, ?, ?, ?, ?, ?, ?, ?)
2026-07-29 12:10:01.401 [http-nio-8080-exec-3] DEBUG [] org.hibernate.SQL - 
    /* insert for
        com.finflow.modules.auth.domain.UserCredential */insert 
    into
        user_credentials (created_at, created_by, credential_type, deleted_at, deleted_by, expires_at, hashed_value, is_active, is_deleted, last_used_at, modified_by, updated_at, user_id, version, id) 
    values
        (?, ?, ?, ?, ?, ?, ?, ?, ?, ?, ?, ?, ?, ?, ?)
2026-07-29 12:10:01.404 [http-nio-8080-exec-3] DEBUG [] org.hibernate.SQL - 
    /* insert for
        com.finflow.modules.auth.domain.UserRole */insert 
    into
        user_roles (created_at, granted_at, granted_by, role_id, updated_at, user_id, version, id) 
    values
        (?, ?, ?, ?, ?, ?, ?, ?)
2026-07-29 12:10:01.409 [http-nio-8080-exec-3] DEBUG [] o.s.w.s.m.m.a.HttpEntityMethodProcessor - Using 'application/json', given [*/*] and supported [application/json, application/*+json, application/yaml]
2026-07-29 12:10:01.409 [http-nio-8080-exec-3] DEBUG [] o.s.w.s.m.m.a.HttpEntityMethodProcessor - Writing [ApiResponse[success=true, data=RegisterResponse[id=29561a4e-b81f-40af-b9cb-7637530d0f4e, email=testu (truncated)...]
2026-07-29 12:10:01.416 [http-nio-8080-exec-3] DEBUG [] o.s.web.servlet.DispatcherServlet - Completed 201 CREATED
2026-07-29 12:11:02.162 [main] INFO  [] c.f.m.a.r.AuthRepositoryIntegrationTest - Starting AuthRepositoryIntegrationTest using Java 21.0.11 with PID 972 (started by Lenovo in C:\Users\Lenovo\OneDrive\Desktop\FinFlow\backend)
2026-07-29 12:11:02.166 [main] DEBUG [] c.f.m.a.r.AuthRepositoryIntegrationTest - Running with Spring Boot v3.4.1, Spring v6.2.1
2026-07-29 12:11:02.166 [main] INFO  [] c.f.m.a.r.AuthRepositoryIntegrationTest - The following 1 profile is active: "test"
2026-07-29 12:11:03.370 [main] INFO  [] o.s.d.r.c.RepositoryConfigurationDelegate - Multiple Spring Data modules found, entering strict repository configuration mode
2026-07-29 12:11:03.376 [main] INFO  [] o.s.d.r.c.RepositoryConfigurationDelegate - Bootstrapping Spring Data JPA repositories in DEFAULT mode.
2026-07-29 12:11:03.803 [main] INFO  [] o.s.d.r.c.RepositoryConfigurationDelegate - Finished Spring Data repository scanning in 390 ms. Found 22 JPA repository interfaces.
2026-07-29 12:11:03.956 [main] INFO  [] o.s.b.t.a.j.TestDatabaseAutoConfiguration$EmbeddedDataSourceBeanFactoryPostProcessor - Replacing 'dataSource' DataSource bean with embedded version
2026-07-29 12:11:04.518 [main] INFO  [] o.s.j.d.e.EmbeddedDatabaseFactory - Starting embedded database: url='jdbc:h2:mem:39cb3b6f-e3ec-4f32-821c-29caa1e5c64f;DB_CLOSE_DELAY=-1;DB_CLOSE_ON_EXIT=false', username='sa'
2026-07-29 12:11:05.595 [main] INFO  [] o.h.jpa.internal.util.LogHelper - HHH000204: Processing PersistenceUnitInfo [name: default]
2026-07-29 12:11:05.804 [main] INFO  [] org.hibernate.Version - HHH000412: Hibernate ORM core version 6.6.4.Final
2026-07-29 12:11:05.899 [main] INFO  [] o.h.c.i.RegionFactoryInitiator - HHH000026: Second-level cache disabled
2026-07-29 12:11:06.327 [main] INFO  [] o.s.o.j.p.SpringPersistenceUnitInfo - No LoadTimeWeaver setup: ignoring JPA class transformer
2026-07-29 12:11:06.474 [main] WARN  [] org.hibernate.orm.deprecation - HHH90000025: H2Dialect does not need to be specified explicitly using 'hibernate.dialect' (remove the property setting and it will be selected by default)
2026-07-29 12:11:06.540 [main] INFO  [] o.hibernate.orm.connections.pooling - HHH10001005: Database info:
	Database JDBC URL [Connecting through datasource 'org.springframework.jdbc.datasource.embedded.EmbeddedDatabaseFactory$EmbeddedDataSourceProxy@631130cb']
	Database driver: undefined/unknown
	Database version: 2.3.232
	Autocommit mode: undefined/unknown
	Isolation level: undefined/unknown
	Minimum pool size: undefined/unknown
	Maximum pool size: undefined/unknown
2026-07-29 12:11:10.125 [main] INFO  [] o.h.e.t.j.p.i.JtaPlatformInitiator - HHH000489: No JTA platform available (set 'hibernate.transaction.jta.platform' to enable JTA platform integration)
2026-07-29 12:11:10.184 [main] DEBUG [] org.hibernate.SQL - 
    drop table if exists finflow_accounts.account_holders cascade 
2026-07-29 12:11:10.201 [main] DEBUG [] org.hibernate.SQL - 
    drop table if exists finflow_accounts.account_status_history cascade 
2026-07-29 12:11:10.202 [main] DEBUG [] org.hibernate.SQL - 
    drop table if exists finflow_accounts.accounts cascade 
2026-07-29 12:11:10.204 [main] DEBUG [] org.hibernate.SQL - 
    drop table if exists finflow_accounts.beneficiaries cascade 
2026-07-29 12:11:10.204 [main] DEBUG [] org.hibernate.SQL - 
    drop table if exists finflow_accounts.card_transactions cascade 
2026-07-29 12:11:10.204 [main] DEBUG [] org.hibernate.SQL - 
    drop table if exists finflow_accounts.cards cascade 
2026-07-29 12:11:10.206 [main] DEBUG [] org.hibernate.SQL - 
    drop table if exists finflow_accounts.holds cascade 
2026-07-29 12:11:10.206 [main] DEBUG [] org.hibernate.SQL - 
    drop table if exists finflow_admin.admin_audit_log cascade 
2026-07-29 12:11:10.208 [main] DEBUG [] org.hibernate.SQL - 
    drop table if exists finflow_auth.login_history cascade 
2026-07-29 12:11:10.208 [main] DEBUG [] org.hibernate.SQL - 
    drop table if exists finflow_auth.refresh_tokens cascade 
2026-07-29 12:11:10.210 [main] DEBUG [] org.hibernate.SQL - 
    drop table if exists finflow_auth.roles cascade 
2026-07-29 12:11:10.212 [main] DEBUG [] org.hibernate.SQL - 
    drop table if exists finflow_auth.user_credentials cascade 
2026-07-29 12:11:10.212 [main] DEBUG [] org.hibernate.SQL - 
    drop table if exists finflow_auth.user_roles cascade 
2026-07-29 12:11:10.212 [main] DEBUG [] org.hibernate.SQL - 
    drop table if exists finflow_auth.users cascade 
2026-07-29 12:11:10.212 [main] DEBUG [] org.hibernate.SQL - 
    drop table if exists finflow_notifications.notifications cascade 
2026-07-29 12:11:10.214 [main] DEBUG [] org.hibernate.SQL - 
    drop table if exists finflow_profiles.user_profiles cascade 
2026-07-29 12:11:10.226 [main] DEBUG [] org.hibernate.SQL - 
    drop table if exists finflow_savings.savings_goals cascade 
2026-07-29 12:11:10.228 [main] DEBUG [] org.hibernate.SQL - 
    drop table if exists finflow_settings.user_settings cascade 
2026-07-29 12:11:10.237 [main] DEBUG [] org.hibernate.SQL - 
    drop table if exists finflow_transactions.transaction_entries cascade 
2026-07-29 12:11:10.243 [main] DEBUG [] org.hibernate.SQL - 
    drop table if exists finflow_transactions.transactions cascade 
2026-07-29 12:11:10.247 [main] DEBUG [] org.hibernate.SQL - 
    drop table if exists finflow_transfers.scheduled_transfers cascade 
2026-07-29 12:11:10.249 [main] DEBUG [] org.hibernate.SQL - 
    drop table if exists finflow_transfers.transfer_templates cascade 
2026-07-29 12:11:10.272 [main] DEBUG [] org.hibernate.SQL - 
    create table finflow_accounts.account_holders (
        created_at timestamp(6) not null,
        updated_at timestamp(6) not null,
        version bigint not null,
        account_id CHAR(36) not null,
        id CHAR(36) not null,
        user_id varchar(36) not null,
        ownership_type enum ('AUTHORIZED','JOINT','PRIMARY') not null,
        primary key (id),
        unique (account_id, user_id)
    )
2026-07-29 12:11:10.297 [main] DEBUG [] org.hibernate.SQL - 
    create table finflow_accounts.account_status_history (
        changed_at timestamp(6) not null,
        id bigint generated by default as identity,
        new_status varchar(25) not null,
        previous_status varchar(25),
        account_id CHAR(36) not null,
        changed_by varchar(36) not null,
        reason varchar(500),
        primary key (id)
    )
2026-07-29 12:11:10.311 [main] DEBUG [] org.hibernate.SQL - 
    create table finflow_accounts.accounts (
        currency varchar(3) not null,
        is_deleted boolean not null,
        available_balance_cents bigint not null,
        created_at timestamp(6) not null,
        deleted_at timestamp(6),
        ledger_balance_cents bigint not null,
        updated_at timestamp(6) not null,
        version bigint not null,
        account_number varchar(20) not null unique,
        created_by varchar(36) not null,
        deleted_by varchar(36),
        id CHAR(36) not null,
        modified_by varchar(36) not null,
        owner_id varchar(36) not null,
        nickname varchar(100),
        account_status enum ('ACTIVE','CLOSED','PENDING','RESTRICTED','SUSPENDED') not null,
        account_type enum ('CHECKING','CREDIT','INVESTMENT','SAVINGS') not null,
        primary key (id)
    )
2026-07-29 12:11:10.315 [main] DEBUG [] org.hibernate.SQL - 
    create table finflow_accounts.beneficiaries (
        currency varchar(3) not null,
        is_deleted boolean not null,
        created_at timestamp(6) not null,
        deleted_at timestamp(6),
        updated_at timestamp(6) not null,
        version bigint not null,
        routing_number varchar(20),
        swift_code varchar(20),
        created_by varchar(36) not null,
        deleted_by varchar(36),
        id CHAR(36) not null,
        modified_by varchar(36) not null,
        owner_id varchar(36) not null,
        account_number varchar(50) not null,
        iban varchar(50),
        nickname varchar(100),
        bank_name varchar(200),
        beneficiary_name varchar(200) not null,
        email varchar(254),
        beneficiary_status enum ('ACTIVE','BLOCKED','INACTIVE') not null,
        primary key (id),
        constraint uk_beneficiary_account unique (owner_id, account_number)
    )
2026-07-29 12:11:10.318 [main] DEBUG [] org.hibernate.SQL - 
    create table finflow_accounts.card_transactions (
        currency varchar(3) not null,
        amount_cents bigint not null,
        created_at timestamp(6) not null,
        updated_at timestamp(6) not null,
        version bigint not null,
        authorization_code varchar(20),
        card_id varchar(36) not null,
        id CHAR(36) not null,
        merchant_category varchar(50),
        merchant_name varchar(200),
        status enum ('AUTHORIZED','CAPTURED','DECLINED','REFUNDED','REVERSED','SETTLED') not null,
        transaction_type enum ('AUTHORIZATION','CAPTURE','CASHBACK','FEE','REFUND','REVERSAL','SETTLEMENT') not null,
        primary key (id)
    )
2026-07-29 12:11:10.324 [main] DEBUG [] org.hibernate.SQL - 
    create table finflow_accounts.cards (
        card_last_four varchar(4) not null,
        currency varchar(3) not null,
        expiry_month integer not null,
        expiry_year integer not null,
        pin_set boolean not null,
        created_at timestamp(6) not null,
        credit_limit_cents bigint,
        daily_limit_cents bigint,
        monthly_limit_cents bigint,
        updated_at timestamp(6) not null,
        version bigint not null,
        account_id varchar(36) not null,
        id CHAR(36) not null,
        owner_id varchar(36) not null,
        cardholder_name varchar(200) not null,
        card_number_hash varchar(255) not null,
        card_status enum ('ACTIVE','BLOCKED','CANCELLED','EXPIRED','FROZEN','PENDING') not null,
        card_type enum ('CREDIT','DEBIT','PREPAID') not null,
        primary key (id)
    )
2026-07-29 12:11:10.328 [main] DEBUG [] org.hibernate.SQL - 
    create table finflow_accounts.holds (
        amount_cents bigint not null,
        created_at timestamp(6) not null,
        expires_at timestamp(6),
        released_at timestamp(6),
        updated_at timestamp(6) not null,
        version bigint not null,
        account_id CHAR(36) not null,
        id CHAR(36) not null,
        released_by varchar(36),
        source_id varchar(36),
        source_type varchar(50),
        reason varchar(500) not null,
        hold_status enum ('ACTIVE','EXPIRED','RELEASED') not null,
        primary key (id)
    )
2026-07-29 12:11:10.337 [main] DEBUG [] org.hibernate.SQL - 
    create table finflow_admin.admin_audit_log (
        created_at timestamp(6) not null,
        updated_at timestamp(6) not null,
        version bigint not null,
        admin_user_id varchar(36) not null,
        created_by varchar(36) not null,
        id CHAR(36) not null,
        modified_by varchar(36) not null,
        target_id varchar(36) not null,
        ip_address varchar(45),
        target_type varchar(50) not null,
        action varchar(100) not null,
        details TEXT,
        primary key (id)
    )
2026-07-29 12:11:10.340 [main] DEBUG [] org.hibernate.SQL - 
    create table finflow_auth.login_history (
        success boolean not null,
        created_at timestamp(6) not null,
        id bigint generated by default as identity,
        user_id CHAR(36),
        ip_address varchar(45),
        identifier varchar(254) not null,
        user_agent varchar(500),
        failure_reason enum ('ACCOUNT_CLOSED','ACCOUNT_LOCKED','ACCOUNT_NOT_VERIFIED','ACCOUNT_SUSPENDED','INVALID_CREDENTIALS'),
        primary key (id)
    )
2026-07-29 12:11:10.345 [main] DEBUG [] org.hibernate.SQL - 
    create table finflow_auth.refresh_tokens (
        is_revoked boolean not null,
        created_at timestamp(6) not null,
        expires_at timestamp(6) not null,
        last_used_at timestamp(6),
        revoked_at timestamp(6),
        updated_at timestamp(6) not null,
        version bigint not null,
        family_id varchar(36) not null,
        id CHAR(36) not null,
        session_id varchar(36) not null unique,
        user_id CHAR(36) not null,
        created_ip varchar(45),
        last_used_ip varchar(45),
        refresh_token_hash varchar(64) not null,
        created_user_agent varchar(500),
        primary key (id)
    )
2026-07-29 12:11:10.349 [main] DEBUG [] org.hibernate.SQL - 
    create table finflow_auth.roles (
        is_active boolean not null,
        is_system_role boolean not null,
        created_at timestamp(6) not null,
        updated_at timestamp(6) not null,
        version bigint not null,
        id CHAR(36) not null,
        name varchar(50) not null unique,
        description varchar(255),
        primary key (id)
    )
2026-07-29 12:11:10.359 [main] DEBUG [] org.hibernate.SQL - 
    create table finflow_auth.user_credentials (
        is_active boolean not null,
        is_deleted boolean not null,
        created_at timestamp(6) not null,
        deleted_at timestamp(6),
        expires_at timestamp(6),
        last_used_at timestamp(6),
        updated_at timestamp(6) not null,
        version bigint not null,
        created_by varchar(36) not null,
        deleted_by varchar(36),
        id CHAR(36) not null,
        modified_by varchar(36) not null,
        user_id CHAR(36) not null,
        hashed_value varchar(255) not null,
        credential_type enum ('BIOMETRIC','PASSKEY','PASSWORD') not null,
        primary key (id)
    )
2026-07-29 12:11:10.364 [main] DEBUG [] org.hibernate.SQL - 
    create table finflow_auth.user_roles (
        created_at timestamp(6) not null,
        granted_at timestamp(6) not null,
        updated_at timestamp(6) not null,
        version bigint not null,
        granted_by varchar(36) not null,
        id CHAR(36) not null,
        role_id CHAR(36) not null,
        user_id CHAR(36) not null,
        primary key (id),
        unique (user_id, role_id)
    )
2026-07-29 12:11:10.372 [main] DEBUG [] org.hibernate.SQL - 
    create table finflow_auth.users (
        email_verified boolean not null,
        failed_login_count integer not null,
        is_deleted boolean not null,
        phone_verified boolean not null,
        created_at timestamp(6) not null,
        deleted_at timestamp(6),
        last_login_at timestamp(6),
        locked_until timestamp(6),
        terms_accepted_at timestamp(6),
        updated_at timestamp(6) not null,
        version bigint not null,
        phone_number varchar(20),
        username varchar(30) not null,
        created_by varchar(36) not null,
        deleted_by varchar(36),
        id CHAR(36) not null,
        modified_by varchar(36) not null,
        email varchar(254) not null,
        status enum ('ACTIVE','CLOSED','PENDING_VERIFICATION','SUSPENDED') not null,
        primary key (id)
    )
2026-07-29 12:11:10.377 [main] DEBUG [] org.hibernate.SQL - 
    create table finflow_notifications.notifications (
        is_read boolean not null,
        created_at timestamp(6) not null,
        read_at timestamp(6),
        updated_at timestamp(6) not null,
        version bigint not null,
        created_by varchar(36) not null,
        id CHAR(36) not null,
        modified_by varchar(36) not null,
        owner_id varchar(36) not null,
        reference_id varchar(36),
        reference_type varchar(50),
        message TEXT not null,
        title varchar(255) not null,
        notification_type enum ('ACCOUNT','PROMOTION','SECURITY','SYSTEM','TRANSACTION') not null,
        primary key (id)
    )
2026-07-29 12:11:10.379 [main] DEBUG [] org.hibernate.SQL - 
    create table finflow_profiles.user_profiles (
        country varchar(2),
        date_of_birth date,
        created_at timestamp(6) not null,
        updated_at timestamp(6) not null,
        version bigint not null,
        postal_code varchar(20),
        created_by varchar(36) not null,
        id CHAR(36) not null,
        modified_by varchar(36) not null,
        user_id varchar(36) not null unique,
        city varchar(100),
        first_name varchar(100),
        last_name varchar(100),
        state varchar(100),
        avatar_url varchar(500),
        address_line1 varchar(255),
        address_line2 varchar(255),
        primary key (id)
    )
2026-07-29 12:11:10.388 [main] DEBUG [] org.hibernate.SQL - 
    create table finflow_savings.savings_goals (
        currency varchar(3) not null,
        deadline date,
        created_at timestamp(6) not null,
        current_amount_cents bigint not null,
        target_amount_cents bigint not null,
        updated_at timestamp(6) not null,
        version bigint not null,
        account_id varchar(36) not null,
        id CHAR(36) not null,
        owner_id varchar(36) not null,
        goal_name varchar(100) not null,
        description varchar(255),
        goal_status enum ('ACTIVE','CANCELLED','COMPLETED','PAUSED') not null,
        primary key (id)
    )
2026-07-29 12:11:10.394 [main] DEBUG [] org.hibernate.SQL - 
    create table finflow_settings.user_settings (
        created_at timestamp(6) not null,
        updated_at timestamp(6) not null,
        version bigint not null,
        id CHAR(36) not null,
        user_id varchar(36) not null,
        setting_key varchar(100) not null,
        setting_value TEXT not null,
        primary key (id)
    )
2026-07-29 12:11:10.397 [main] DEBUG [] org.hibernate.SQL - 
    create table finflow_transactions.transaction_entries (
        currency varchar(3) not null,
        amount_cents bigint not null,
        balance_after_cents bigint not null,
        balance_before_cents bigint not null,
        created_at timestamp(6) not null,
        updated_at timestamp(6) not null,
        version bigint not null,
        account_id varchar(36) not null,
        id CHAR(36) not null,
        transaction_id CHAR(36) not null,
        description varchar(255),
        entry_type enum ('CREDIT','DEBIT') not null,
        primary key (id)
    )
2026-07-29 12:11:10.400 [main] DEBUG [] org.hibernate.SQL - 
    create table finflow_transactions.transactions (
        currency varchar(3) not null,
        amount_cents bigint not null,
        completed_at timestamp(6),
        created_at timestamp(6) not null,
        fee_amount_cents bigint not null,
        updated_at timestamp(6) not null,
        version bigint not null,
        id CHAR(36) not null,
        source_account_id varchar(36),
        target_account_id varchar(36),
        user_id varchar(36) not null,
        reference_number varchar(50) unique,
        idempotency_key varchar(100) unique,
        failed_reason varchar(500),
        description varchar(255),
        metadata_json TEXT,
        transaction_status enum ('CANCELLED','COMPLETED','FAILED','PENDING') not null,
        transaction_type enum ('DEPOSIT','FEE','REVERSAL','TRANSFER','WITHDRAWAL') not null,
        primary key (id)
    )
2026-07-29 12:11:10.406 [main] DEBUG [] org.hibernate.SQL - 
    create table finflow_transfers.scheduled_transfers (
        currency varchar(3) not null,
        execution_count integer not null,
        max_executions integer,
        amount_cents bigint not null,
        created_at timestamp(6) not null,
        end_date timestamp(6),
        last_execution timestamp(6),
        next_execution timestamp(6) not null,
        updated_at timestamp(6) not null,
        version bigint not null,
        id CHAR(36) not null,
        owner_id varchar(36) not null,
        source_account_id varchar(36) not null,
        target_account_id varchar(36),
        target_beneficiary_id varchar(36),
        template_id varchar(36),
        description varchar(255),
        frequency enum ('BIWEEKLY','DAILY','MONTHLY','QUARTERLY','WEEKLY','YEARLY'),
        schedule_status enum ('ACTIVE','CANCELLED','COMPLETED','FAILED','PAUSED') not null,
        schedule_type enum ('ONE_TIME','RECURRING') not null,
        primary key (id)
    )
2026-07-29 12:11:10.410 [main] DEBUG [] org.hibernate.SQL - 
    create table finflow_transfers.transfer_templates (
        currency varchar(3) not null,
        amount_cents bigint not null,
        created_at timestamp(6) not null,
        updated_at timestamp(6) not null,
        version bigint not null,
        id CHAR(36) not null,
        owner_id varchar(36) not null,
        source_account_id varchar(36) not null,
        target_account_id varchar(36),
        target_beneficiary_id varchar(36),
        template_name varchar(100) not null,
        description varchar(255),
        template_status enum ('ACTIVE','CANCELLED','COMPLETED','FAILED','PAUSED') not null,
        primary key (id)
    )
2026-07-29 12:11:10.414 [main] DEBUG [] org.hibernate.SQL - 
    alter table if exists finflow_accounts.account_holders 
       add constraint fk_ah_account 
       foreign key (account_id) 
       references finflow_accounts.accounts
2026-07-29 12:11:10.459 [main] DEBUG [] org.hibernate.SQL - 
    alter table if exists finflow_accounts.account_status_history 
       add constraint fk_ash_account 
       foreign key (account_id) 
       references finflow_accounts.accounts
2026-07-29 12:11:10.461 [main] DEBUG [] org.hibernate.SQL - 
    alter table if exists finflow_accounts.holds 
       add constraint fk_holds_account 
       foreign key (account_id) 
       references finflow_accounts.accounts
2026-07-29 12:11:10.464 [main] DEBUG [] org.hibernate.SQL - 
    alter table if exists finflow_auth.login_history 
       add constraint fk_lh_user 
       foreign key (user_id) 
       references finflow_auth.users
2026-07-29 12:11:10.469 [main] DEBUG [] org.hibernate.SQL - 
    alter table if exists finflow_auth.refresh_tokens 
       add constraint fk_rt_user 
       foreign key (user_id) 
       references finflow_auth.users
2026-07-29 12:11:10.469 [main] DEBUG [] org.hibernate.SQL - 
    alter table if exists finflow_auth.user_credentials 
       add constraint fk_uc_user 
       foreign key (user_id) 
       references finflow_auth.users
2026-07-29 12:11:10.475 [main] DEBUG [] org.hibernate.SQL - 
    alter table if exists finflow_auth.user_roles 
       add constraint fk_ur_role 
       foreign key (role_id) 
       references finflow_auth.roles
2026-07-29 12:11:10.475 [main] DEBUG [] org.hibernate.SQL - 
    alter table if exists finflow_auth.user_roles 
       add constraint fk_ur_user 
       foreign key (user_id) 
       references finflow_auth.users
2026-07-29 12:11:10.482 [main] DEBUG [] org.hibernate.SQL - 
    alter table if exists finflow_transactions.transaction_entries 
       add constraint fk_txn_entry_transaction 
       foreign key (transaction_id) 
       references finflow_transactions.transactions
2026-07-29 12:11:10.500 [main] INFO  [] o.s.o.j.LocalContainerEntityManagerFactoryBean - Initialized JPA EntityManagerFactory for persistence unit 'default'
2026-07-29 12:11:11.215 [main] INFO  [] o.s.d.j.r.query.QueryEnhancerFactory - Hibernate is in classpath; If applicable, HQL parser will be used.
2026-07-29 12:11:15.503 [main] INFO  [] c.f.m.a.r.AuthRepositoryIntegrationTest - Started AuthRepositoryIntegrationTest in 14.367 seconds (process running for 28.759)
2026-07-29 12:11:16.004 [main] DEBUG [] org.hibernate.SQL - 
    insert 
    into
        finflow_auth.roles
        (created_at, description, is_active, is_system_role, name, updated_at, version, id) 
    values
        (?, ?, ?, ?, ?, ?, ?, ?)
2026-07-29 12:11:16.050 [main] DEBUG [] org.hibernate.SQL - 
    insert 
    into
        finflow_auth.users
        (created_at, created_by, deleted_at, deleted_by, email, email_verified, failed_login_count, is_deleted, last_login_at, locked_until, modified_by, phone_number, phone_verified, status, terms_accepted_at, updated_at, username, version, id) 
    values
        (?, ?, ?, ?, ?, ?, ?, ?, ?, ?, ?, ?, ?, ?, ?, ?, ?, ?, ?)
2026-07-29 12:11:16.053 [main] DEBUG [] org.hibernate.SQL - 
    insert 
    into
        finflow_auth.user_roles
        (created_at, granted_at, granted_by, role_id, updated_at, user_id, version, id) 
    values
        (?, ?, ?, ?, ?, ?, ?, ?)
2026-07-29 12:11:16.085 [main] DEBUG [] org.hibernate.SQL - 
    select
        ur1_0.id,
        ur1_0.created_at,
        ur1_0.granted_at,
        ur1_0.granted_by,
        ur1_0.role_id,
        r1_0.id,
        r1_0.created_at,
        r1_0.description,
        r1_0.is_active,
        r1_0.is_system_role,
        r1_0.name,
        r1_0.updated_at,
        r1_0.version,
        ur1_0.updated_at,
        ur1_0.user_id,
        ur1_0.version 
    from
        finflow_auth.user_roles ur1_0 
    join
        finflow_auth.roles r1_0 
            on r1_0.id=ur1_0.role_id 
    where
        ur1_0.user_id=? 
        and r1_0.is_active=true
2026-07-29 12:11:16.216 [main] DEBUG [] org.hibernate.SQL - 
    insert 
    into
        finflow_auth.roles
        (created_at, description, is_active, is_system_role, name, updated_at, version, id) 
    values
        (?, ?, ?, ?, ?, ?, ?, ?)
2026-07-29 12:11:16.216 [main] DEBUG [] org.hibernate.SQL - 
    insert 
    into
        finflow_auth.users
        (created_at, created_by, deleted_at, deleted_by, email, email_verified, failed_login_count, is_deleted, last_login_at, locked_until, modified_by, phone_number, phone_verified, status, terms_accepted_at, updated_at, username, version, id) 
    values
        (?, ?, ?, ?, ?, ?, ?, ?, ?, ?, ?, ?, ?, ?, ?, ?, ?, ?, ?)
2026-07-29 12:11:16.225 [main] DEBUG [] org.hibernate.SQL - 
    insert 
    into
        finflow_auth.user_roles
        (created_at, granted_at, granted_by, role_id, updated_at, user_id, version, id) 
    values
        (?, ?, ?, ?, ?, ?, ?, ?)
2026-07-29 12:11:16.227 [main] DEBUG [] org.hibernate.SQL - 
    select
        ur1_0.id 
    from
        finflow_auth.user_roles ur1_0 
    join
        finflow_auth.roles r1_0 
            on r1_0.id=ur1_0.role_id 
    where
        ur1_0.user_id=? 
        and r1_0.name=? 
        and r1_0.is_active 
    fetch
        first ? rows only
2026-07-29 12:11:16.235 [main] DEBUG [] org.hibernate.SQL - 
    select
        ur1_0.id 
    from
        finflow_auth.user_roles ur1_0 
    join
        finflow_auth.roles r1_0 
            on r1_0.id=ur1_0.role_id 
    where
        ur1_0.user_id=? 
        and r1_0.name=? 
        and r1_0.is_active 
    fetch
        first ? rows only
2026-07-29 12:11:16.253 [main] INFO  [] o.s.t.c.s.AnnotationConfigContextLoaderUtils - Could not detect default configuration classes for test class [com.finflow.modules.auth.repository.AuthRepositoryIntegrationTest$RoleRepositoryTests]: RoleRepositoryTests does not declare any static, non-private, non-final, nested classes annotated with @Configuration.
2026-07-29 12:11:16.274 [main] INFO  [] o.s.b.t.c.SpringBootTestContextBootstrapper - Found @SpringBootConfiguration com.finflow.FinFlowApplication for test class com.finflow.modules.auth.repository.AuthRepositoryIntegrationTest$RoleRepositoryTests
2026-07-29 12:11:16.294 [main] DEBUG [] org.hibernate.SQL - 
    insert 
    into
        finflow_auth.roles
        (created_at, description, is_active, is_system_role, name, updated_at, version, id) 
    values
        (?, ?, ?, ?, ?, ?, ?, ?)
2026-07-29 12:11:16.296 [main] DEBUG [] org.hibernate.SQL - 
    insert 
    into
        finflow_auth.users
        (created_at, created_by, deleted_at, deleted_by, email, email_verified, failed_login_count, is_deleted, last_login_at, locked_until, modified_by, phone_number, phone_verified, status, terms_accepted_at, updated_at, username, version, id) 
    values
        (?, ?, ?, ?, ?, ?, ?, ?, ?, ?, ?, ?, ?, ?, ?, ?, ?, ?, ?)
2026-07-29 12:11:16.298 [main] DEBUG [] org.hibernate.SQL - 
    select
        r1_0.id,
        r1_0.created_at,
        r1_0.description,
        r1_0.is_active,
        r1_0.is_system_role,
        r1_0.name,
        r1_0.updated_at,
        r1_0.version 
    from
        finflow_auth.roles r1_0 
    where
        r1_0.name=? 
        and r1_0.is_active
2026-07-29 12:11:16.321 [main] DEBUG [] org.hibernate.SQL - 
    insert 
    into
        finflow_auth.roles
        (created_at, description, is_active, is_system_role, name, updated_at, version, id) 
    values
        (?, ?, ?, ?, ?, ?, ?, ?)
2026-07-29 12:11:16.325 [main] DEBUG [] org.hibernate.SQL - 
    insert 
    into
        finflow_auth.users
        (created_at, created_by, deleted_at, deleted_by, email, email_verified, failed_login_count, is_deleted, last_login_at, locked_until, modified_by, phone_number, phone_verified, status, terms_accepted_at, updated_at, username, version, id) 
    values
        (?, ?, ?, ?, ?, ?, ?, ?, ?, ?, ?, ?, ?, ?, ?, ?, ?, ?, ?)
2026-07-29 12:11:16.327 [main] DEBUG [] org.hibernate.SQL - 
    select
        r1_0.id 
    from
        finflow_auth.roles r1_0 
    where
        r1_0.name=? 
        and r1_0.is_active 
    fetch
        first ? rows only
2026-07-29 12:11:16.327 [main] DEBUG [] org.hibernate.SQL - 
    select
        r1_0.id 
    from
        finflow_auth.roles r1_0 
    where
        r1_0.name=? 
        and r1_0.is_active 
    fetch
        first ? rows only
2026-07-29 12:11:16.342 [main] INFO  [] o.s.t.c.s.AnnotationConfigContextLoaderUtils - Could not detect default configuration classes for test class [com.finflow.modules.auth.repository.AuthRepositoryIntegrationTest$UserCredentialRepositoryTests]: UserCredentialRepositoryTests does not declare any static, non-private, non-final, nested classes annotated with @Configuration.
2026-07-29 12:11:16.365 [main] INFO  [] o.s.b.t.c.SpringBootTestContextBootstrapper - Found @SpringBootConfiguration com.finflow.FinFlowApplication for test class com.finflow.modules.auth.repository.AuthRepositoryIntegrationTest$UserCredentialRepositoryTests
2026-07-29 12:11:16.384 [main] DEBUG [] org.hibernate.SQL - 
    insert 
    into
        finflow_auth.roles
        (created_at, description, is_active, is_system_role, name, updated_at, version, id) 
    values
        (?, ?, ?, ?, ?, ?, ?, ?)
2026-07-29 12:11:16.388 [main] DEBUG [] org.hibernate.SQL - 
    insert 
    into
        finflow_auth.users
        (created_at, created_by, deleted_at, deleted_by, email, email_verified, failed_login_count, is_deleted, last_login_at, locked_until, modified_by, phone_number, phone_verified, status, terms_accepted_at, updated_at, username, version, id) 
    values
        (?, ?, ?, ?, ?, ?, ?, ?, ?, ?, ?, ?, ?, ?, ?, ?, ?, ?, ?)
2026-07-29 12:11:16.390 [main] DEBUG [] org.hibernate.SQL - 
    insert 
    into
        finflow_auth.user_credentials
        (created_at, created_by, credential_type, deleted_at, deleted_by, expires_at, hashed_value, is_active, is_deleted, last_used_at, modified_by, updated_at, user_id, version, id) 
    values
        (?, ?, ?, ?, ?, ?, ?, ?, ?, ?, ?, ?, ?, ?, ?)
2026-07-29 12:11:16.390 [main] DEBUG [] org.hibernate.SQL - 
    select
        uc1_0.id 
    from
        finflow_auth.user_credentials uc1_0 
    where
        uc1_0.user_id=? 
        and uc1_0.credential_type=? 
        and uc1_0.is_active 
        and not(uc1_0.is_deleted) 
    fetch
        first ? rows only
2026-07-29 12:11:16.398 [main] DEBUG [] org.hibernate.SQL - 
    select
        uc1_0.id 
    from
        finflow_auth.user_credentials uc1_0 
    where
        uc1_0.user_id=? 
        and uc1_0.credential_type=? 
        and uc1_0.is_active 
        and not(uc1_0.is_deleted) 
    fetch
        first ? rows only
2026-07-29 12:11:16.414 [main] DEBUG [] org.hibernate.SQL - 
    insert 
    into
        finflow_auth.roles
        (created_at, description, is_active, is_system_role, name, updated_at, version, id) 
    values
        (?, ?, ?, ?, ?, ?, ?, ?)
2026-07-29 12:11:16.423 [main] DEBUG [] org.hibernate.SQL - 
    insert 
    into
        finflow_auth.users
        (created_at, created_by, deleted_at, deleted_by, email, email_verified, failed_login_count, is_deleted, last_login_at, locked_until, modified_by, phone_number, phone_verified, status, terms_accepted_at, updated_at, username, version, id) 
    values
        (?, ?, ?, ?, ?, ?, ?, ?, ?, ?, ?, ?, ?, ?, ?, ?, ?, ?, ?)
2026-07-29 12:11:16.425 [main] DEBUG [] org.hibernate.SQL - 
    insert 
    into
        finflow_auth.user_credentials
        (created_at, created_by, credential_type, deleted_at, deleted_by, expires_at, hashed_value, is_active, is_deleted, last_used_at, modified_by, updated_at, user_id, version, id) 
    values
        (?, ?, ?, ?, ?, ?, ?, ?, ?, ?, ?, ?, ?, ?, ?)
2026-07-29 12:11:16.427 [main] DEBUG [] org.hibernate.SQL - 
    select
        uc1_0.id,
        uc1_0.created_at,
        uc1_0.created_by,
        uc1_0.credential_type,
        uc1_0.deleted_at,
        uc1_0.deleted_by,
        uc1_0.expires_at,
        uc1_0.hashed_value,
        uc1_0.is_active,
        uc1_0.is_deleted,
        uc1_0.last_used_at,
        uc1_0.modified_by,
        uc1_0.updated_at,
        uc1_0.user_id,
        uc1_0.version 
    from
        finflow_auth.user_credentials uc1_0 
    where
        uc1_0.user_id=? 
        and uc1_0.credential_type=? 
        and uc1_0.is_active 
        and not(uc1_0.is_deleted)
2026-07-29 12:11:16.442 [main] INFO  [] o.s.t.c.s.AnnotationConfigContextLoaderUtils - Could not detect default configuration classes for test class [com.finflow.modules.auth.repository.AuthRepositoryIntegrationTest$UserRepositoryTests]: UserRepositoryTests does not declare any static, non-private, non-final, nested classes annotated with @Configuration.
2026-07-29 12:11:16.464 [main] INFO  [] o.s.b.t.c.SpringBootTestContextBootstrapper - Found @SpringBootConfiguration com.finflow.FinFlowApplication for test class com.finflow.modules.auth.repository.AuthRepositoryIntegrationTest$UserRepositoryTests
2026-07-29 12:11:16.480 [main] DEBUG [] org.hibernate.SQL - 
    insert 
    into
        finflow_auth.roles
        (created_at, description, is_active, is_system_role, name, updated_at, version, id) 
    values
        (?, ?, ?, ?, ?, ?, ?, ?)
2026-07-29 12:11:16.484 [main] DEBUG [] org.hibernate.SQL - 
    insert 
    into
        finflow_auth.users
        (created_at, created_by, deleted_at, deleted_by, email, email_verified, failed_login_count, is_deleted, last_login_at, locked_until, modified_by, phone_number, phone_verified, status, terms_accepted_at, updated_at, username, version, id) 
    values
        (?, ?, ?, ?, ?, ?, ?, ?, ?, ?, ?, ?, ?, ?, ?, ?, ?, ?, ?)
2026-07-29 12:11:16.484 [main] DEBUG [] org.hibernate.SQL - 
    select
        u1_0.id 
    from
        finflow_auth.users u1_0 
    where
        u1_0.phone_number=? 
        and not(u1_0.is_deleted) 
    fetch
        first ? rows only
2026-07-29 12:11:16.488 [main] DEBUG [] org.hibernate.SQL - 
    select
        u1_0.id 
    from
        finflow_auth.users u1_0 
    where
        u1_0.phone_number=? 
        and not(u1_0.is_deleted) 
    fetch
        first ? rows only
2026-07-29 12:11:16.521 [main] DEBUG [] org.hibernate.SQL - 
    insert 
    into
        finflow_auth.roles
        (created_at, description, is_active, is_system_role, name, updated_at, version, id) 
    values
        (?, ?, ?, ?, ?, ?, ?, ?)
2026-07-29 12:11:16.525 [main] DEBUG [] org.hibernate.SQL - 
    insert 
    into
        finflow_auth.users
        (created_at, created_by, deleted_at, deleted_by, email, email_verified, failed_login_count, is_deleted, last_login_at, locked_until, modified_by, phone_number, phone_verified, status, terms_accepted_at, updated_at, username, version, id) 
    values
        (?, ?, ?, ?, ?, ?, ?, ?, ?, ?, ?, ?, ?, ?, ?, ?, ?, ?, ?)
2026-07-29 12:11:16.529 [main] DEBUG [] org.hibernate.SQL - 
    update
        finflow_auth.users 
    set
        deleted_at=?,
        deleted_by=?,
        email=?,
        email_verified=?,
        failed_login_count=?,
        is_deleted=?,
        last_login_at=?,
        locked_until=?,
        modified_by=?,
        phone_number=?,
        phone_verified=?,
        status=?,
        terms_accepted_at=?,
        updated_at=?,
        username=?,
        version=? 
    where
        id=? 
        and version=?
2026-07-29 12:11:16.544 [main] DEBUG [] org.hibernate.SQL - 
    select
        u1_0.id,
        u1_0.created_at,
        u1_0.created_by,
        u1_0.deleted_at,
        u1_0.deleted_by,
        u1_0.email,
        u1_0.email_verified,
        u1_0.failed_login_count,
        u1_0.is_deleted,
        u1_0.last_login_at,
        u1_0.locked_until,
        u1_0.modified_by,
        u1_0.phone_number,
        u1_0.phone_verified,
        u1_0.status,
        u1_0.terms_accepted_at,
        u1_0.updated_at,
        u1_0.username,
        u1_0.version 
    from
        finflow_auth.users u1_0 
    where
        upper(u1_0.email)=upper(?) 
        and not(u1_0.is_deleted)
2026-07-29 12:11:16.570 [main] DEBUG [] org.hibernate.SQL - 
    insert 
    into
        finflow_auth.roles
        (created_at, description, is_active, is_system_role, name, updated_at, version, id) 
    values
        (?, ?, ?, ?, ?, ?, ?, ?)
2026-07-29 12:11:16.570 [main] DEBUG [] org.hibernate.SQL - 
    insert 
    into
        finflow_auth.users
        (created_at, created_by, deleted_at, deleted_by, email, email_verified, failed_login_count, is_deleted, last_login_at, locked_until, modified_by, phone_number, phone_verified, status, terms_accepted_at, updated_at, username, version, id) 
    values
        (?, ?, ?, ?, ?, ?, ?, ?, ?, ?, ?, ?, ?, ?, ?, ?, ?, ?, ?)
2026-07-29 12:11:16.578 [main] DEBUG [] org.hibernate.SQL - 
    select
        count(u1_0.id) 
    from
        finflow_auth.users u1_0 
    where
        u1_0.status=? 
        and not(u1_0.is_deleted)
2026-07-29 12:11:16.609 [main] DEBUG [] org.hibernate.SQL - 
    insert 
    into
        finflow_auth.roles
        (created_at, description, is_active, is_system_role, name, updated_at, version, id) 
    values
        (?, ?, ?, ?, ?, ?, ?, ?)
2026-07-29 12:11:16.611 [main] DEBUG [] org.hibernate.SQL - 
    insert 
    into
        finflow_auth.users
        (created_at, created_by, deleted_at, deleted_by, email, email_verified, failed_login_count, is_deleted, last_login_at, locked_until, modified_by, phone_number, phone_verified, status, terms_accepted_at, updated_at, username, version, id) 
    values
        (?, ?, ?, ?, ?, ?, ?, ?, ?, ?, ?, ?, ?, ?, ?, ?, ?, ?, ?)
2026-07-29 12:11:16.611 [main] DEBUG [] org.hibernate.SQL - 
    select
        u1_0.id 
    from
        finflow_auth.users u1_0 
    where
        upper(u1_0.username)=upper(?) 
        and not(u1_0.is_deleted) 
    fetch
        first ? rows only
2026-07-29 12:11:16.616 [main] DEBUG [] org.hibernate.SQL - 
    select
        u1_0.id 
    from
        finflow_auth.users u1_0 
    where
        upper(u1_0.username)=upper(?) 
        and not(u1_0.is_deleted) 
    fetch
        first ? rows only
2026-07-29 12:11:16.635 [main] DEBUG [] org.hibernate.SQL - 
    insert 
    into
        finflow_auth.roles
        (created_at, description, is_active, is_system_role, name, updated_at, version, id) 
    values
        (?, ?, ?, ?, ?, ?, ?, ?)
2026-07-29 12:11:16.637 [main] DEBUG [] org.hibernate.SQL - 
    insert 
    into
        finflow_auth.users
        (created_at, created_by, deleted_at, deleted_by, email, email_verified, failed_login_count, is_deleted, last_login_at, locked_until, modified_by, phone_number, phone_verified, status, terms_accepted_at, updated_at, username, version, id) 
    values
        (?, ?, ?, ?, ?, ?, ?, ?, ?, ?, ?, ?, ?, ?, ?, ?, ?, ?, ?)
2026-07-29 12:11:16.641 [main] DEBUG [] org.hibernate.SQL - 
    select
        u1_0.id 
    from
        finflow_auth.users u1_0 
    where
        upper(u1_0.email)=upper(?) 
        and not(u1_0.is_deleted) 
    fetch
        first ? rows only
2026-07-29 12:11:16.645 [main] DEBUG [] org.hibernate.SQL - 
    select
        u1_0.id 
    from
        finflow_auth.users u1_0 
    where
        upper(u1_0.email)=upper(?) 
        and not(u1_0.is_deleted) 
    fetch
        first ? rows only
2026-07-29 12:11:16.667 [main] DEBUG [] org.hibernate.SQL - 
    insert 
    into
        finflow_auth.roles
        (created_at, description, is_active, is_system_role, name, updated_at, version, id) 
    values
        (?, ?, ?, ?, ?, ?, ?, ?)
2026-07-29 12:11:16.670 [main] DEBUG [] org.hibernate.SQL - 
    insert 
    into
        finflow_auth.users
        (created_at, created_by, deleted_at, deleted_by, email, email_verified, failed_login_count, is_deleted, last_login_at, locked_until, modified_by, phone_number, phone_verified, status, terms_accepted_at, updated_at, username, version, id) 
    values
        (?, ?, ?, ?, ?, ?, ?, ?, ?, ?, ?, ?, ?, ?, ?, ?, ?, ?, ?)
2026-07-29 12:11:16.670 [main] DEBUG [] org.hibernate.SQL - 
    select
        u1_0.id,
        u1_0.created_at,
        u1_0.created_by,
        u1_0.deleted_at,
        u1_0.deleted_by,
        u1_0.email,
        u1_0.email_verified,
        u1_0.failed_login_count,
        u1_0.is_deleted,
        u1_0.last_login_at,
        u1_0.locked_until,
        u1_0.modified_by,
        u1_0.phone_number,
        u1_0.phone_verified,
        u1_0.status,
        u1_0.terms_accepted_at,
        u1_0.updated_at,
        u1_0.username,
        u1_0.version 
    from
        finflow_auth.users u1_0 
    where
        upper(u1_0.email)=upper(?) 
        and not(u1_0.is_deleted)
2026-07-29 12:11:16.692 [main] DEBUG [] org.hibernate.SQL - 
    insert 
    into
        finflow_auth.roles
        (created_at, description, is_active, is_system_role, name, updated_at, version, id) 
    values
        (?, ?, ?, ?, ?, ?, ?, ?)
2026-07-29 12:11:16.693 [main] DEBUG [] org.hibernate.SQL - 
    insert 
    into
        finflow_auth.users
        (created_at, created_by, deleted_at, deleted_by, email, email_verified, failed_login_count, is_deleted, last_login_at, locked_until, modified_by, phone_number, phone_verified, status, terms_accepted_at, updated_at, username, version, id) 
    values
        (?, ?, ?, ?, ?, ?, ?, ?, ?, ?, ?, ?, ?, ?, ?, ?, ?, ?, ?)
2026-07-29 12:11:16.696 [main] DEBUG [] org.hibernate.SQL - 
    select
        u1_0.id,
        u1_0.created_at,
        u1_0.created_by,
        u1_0.deleted_at,
        u1_0.deleted_by,
        u1_0.email,
        u1_0.email_verified,
        u1_0.failed_login_count,
        u1_0.is_deleted,
        u1_0.last_login_at,
        u1_0.locked_until,
        u1_0.modified_by,
        u1_0.phone_number,
        u1_0.phone_verified,
        u1_0.status,
        u1_0.terms_accepted_at,
        u1_0.updated_at,
        u1_0.username,
        u1_0.version 
    from
        finflow_auth.users u1_0 
    where
        upper(u1_0.email)=upper(?) 
        and not(u1_0.is_deleted)
2026-07-29 12:11:16.711 [main] INFO  [] o.s.t.c.s.AnnotationConfigContextLoaderUtils - Could not detect default configuration classes for test class [com.finflow.modules.auth.repository.RefreshTokenRepositoryIntegrationTest]: RefreshTokenRepositoryIntegrationTest does not declare any static, non-private, non-final, nested classes annotated with @Configuration.
2026-07-29 12:11:16.728 [main] INFO  [] o.s.b.t.c.SpringBootTestContextBootstrapper - Found @SpringBootConfiguration com.finflow.FinFlowApplication for test class com.finflow.modules.auth.repository.RefreshTokenRepositoryIntegrationTest
2026-07-29 12:11:16.733 [main] INFO  [] o.s.t.c.s.AnnotationConfigContextLoaderUtils - Could not detect default configuration classes for test class [com.finflow.modules.auth.repository.RefreshTokenRepositoryIntegrationTest$CountActiveByUserId]: CountActiveByUserId does not declare any static, non-private, non-final, nested classes annotated with @Configuration.
2026-07-29 12:11:16.750 [main] INFO  [] o.s.b.t.c.SpringBootTestContextBootstrapper - Found @SpringBootConfiguration com.finflow.FinFlowApplication for test class com.finflow.modules.auth.repository.RefreshTokenRepositoryIntegrationTest$CountActiveByUserId
2026-07-29 12:11:16.833 [main] INFO  [] c.f.m.a.r.RefreshTokenRepositoryIntegrationTest - Starting RefreshTokenRepositoryIntegrationTest using Java 21.0.11 with PID 972 (started by Lenovo in C:\Users\Lenovo\OneDrive\Desktop\FinFlow\backend)
2026-07-29 12:11:16.838 [main] DEBUG [] c.f.m.a.r.RefreshTokenRepositoryIntegrationTest - Running with Spring Boot v3.4.1, Spring v6.2.1
2026-07-29 12:11:16.838 [main] INFO  [] c.f.m.a.r.RefreshTokenRepositoryIntegrationTest - The following 1 profile is active: "test"
2026-07-29 12:11:17.200 [main] INFO  [] o.s.d.r.c.RepositoryConfigurationDelegate - Multiple Spring Data modules found, entering strict repository configuration mode
2026-07-29 12:11:17.200 [main] INFO  [] o.s.d.r.c.RepositoryConfigurationDelegate - Bootstrapping Spring Data JPA repositories in DEFAULT mode.
2026-07-29 12:11:17.474 [main] INFO  [] o.s.d.r.c.RepositoryConfigurationDelegate - Finished Spring Data repository scanning in 264 ms. Found 22 JPA repository interfaces.
2026-07-29 12:11:17.511 [main] INFO  [] o.s.b.t.a.j.TestDatabaseAutoConfiguration$EmbeddedDataSourceBeanFactoryPostProcessor - Replacing 'dataSource' DataSource bean with embedded version
2026-07-29 12:11:17.562 [main] INFO  [] o.s.j.d.e.EmbeddedDatabaseFactory - Starting embedded database: url='jdbc:h2:mem:ed0d27ea-d909-49dd-b534-a7e72b4f00d4;DB_CLOSE_DELAY=-1;DB_CLOSE_ON_EXIT=false', username='sa'
2026-07-29 12:11:17.688 [main] INFO  [] o.h.jpa.internal.util.LogHelper - HHH000204: Processing PersistenceUnitInfo [name: default]
2026-07-29 12:11:17.696 [main] INFO  [] o.h.c.i.RegionFactoryInitiator - HHH000026: Second-level cache disabled
2026-07-29 12:11:17.734 [main] INFO  [] o.s.o.j.p.SpringPersistenceUnitInfo - No LoadTimeWeaver setup: ignoring JPA class transformer
2026-07-29 12:11:17.739 [main] WARN  [] org.hibernate.orm.deprecation - HHH90000025: H2Dialect does not need to be specified explicitly using 'hibernate.dialect' (remove the property setting and it will be selected by default)
2026-07-29 12:11:17.739 [main] INFO  [] o.hibernate.orm.connections.pooling - HHH10001005: Database info:
	Database JDBC URL [Connecting through datasource 'org.springframework.jdbc.datasource.embedded.EmbeddedDatabaseFactory$EmbeddedDataSourceProxy@21f0c3a0']
	Database driver: undefined/unknown
	Database version: 2.3.232
	Autocommit mode: undefined/unknown
	Isolation level: undefined/unknown
	Minimum pool size: undefined/unknown
	Maximum pool size: undefined/unknown
2026-07-29 12:11:18.627 [main] INFO  [] o.h.e.t.j.p.i.JtaPlatformInitiator - HHH000489: No JTA platform available (set 'hibernate.transaction.jta.platform' to enable JTA platform integration)
2026-07-29 12:11:18.627 [main] DEBUG [] org.hibernate.SQL - 
    drop table if exists finflow_accounts.account_holders cascade 
2026-07-29 12:11:18.629 [main] DEBUG [] org.hibernate.SQL - 
    drop table if exists finflow_accounts.account_status_history cascade 
2026-07-29 12:11:18.629 [main] DEBUG [] org.hibernate.SQL - 
    drop table if exists finflow_accounts.accounts cascade 
2026-07-29 12:11:18.629 [main] DEBUG [] org.hibernate.SQL - 
    drop table if exists finflow_accounts.beneficiaries cascade 
2026-07-29 12:11:18.629 [main] DEBUG [] org.hibernate.SQL - 
    drop table if exists finflow_accounts.card_transactions cascade 
2026-07-29 12:11:18.629 [main] DEBUG [] org.hibernate.SQL - 
    drop table if exists finflow_accounts.cards cascade 
2026-07-29 12:11:18.629 [main] DEBUG [] org.hibernate.SQL - 
    drop table if exists finflow_accounts.holds cascade 
2026-07-29 12:11:18.632 [main] DEBUG [] org.hibernate.SQL - 
    drop table if exists finflow_admin.admin_audit_log cascade 
2026-07-29 12:11:18.632 [main] DEBUG [] org.hibernate.SQL - 
    drop table if exists finflow_auth.login_history cascade 
2026-07-29 12:11:18.632 [main] DEBUG [] org.hibernate.SQL - 
    drop table if exists finflow_auth.refresh_tokens cascade 
2026-07-29 12:11:18.632 [main] DEBUG [] org.hibernate.SQL - 
    drop table if exists finflow_auth.roles cascade 
2026-07-29 12:11:18.633 [main] DEBUG [] org.hibernate.SQL - 
    drop table if exists finflow_auth.user_credentials cascade 
2026-07-29 12:11:18.633 [main] DEBUG [] org.hibernate.SQL - 
    drop table if exists finflow_auth.user_roles cascade 
2026-07-29 12:11:18.633 [main] DEBUG [] org.hibernate.SQL - 
    drop table if exists finflow_auth.users cascade 
2026-07-29 12:11:18.633 [main] DEBUG [] org.hibernate.SQL - 
    drop table if exists finflow_notifications.notifications cascade 
2026-07-29 12:11:18.633 [main] DEBUG [] org.hibernate.SQL - 
    drop table if exists finflow_profiles.user_profiles cascade 
2026-07-29 12:11:18.633 [main] DEBUG [] org.hibernate.SQL - 
    drop table if exists finflow_savings.savings_goals cascade 
2026-07-29 12:11:18.633 [main] DEBUG [] org.hibernate.SQL - 
    drop table if exists finflow_settings.user_settings cascade 
2026-07-29 12:11:18.633 [main] DEBUG [] org.hibernate.SQL - 
    drop table if exists finflow_transactions.transaction_entries cascade 
2026-07-29 12:11:18.633 [main] DEBUG [] org.hibernate.SQL - 
    drop table if exists finflow_transactions.transactions cascade 
2026-07-29 12:11:18.633 [main] DEBUG [] org.hibernate.SQL - 
    drop table if exists finflow_transfers.scheduled_transfers cascade 
2026-07-29 12:11:18.633 [main] DEBUG [] org.hibernate.SQL - 
    drop table if exists finflow_transfers.transfer_templates cascade 
2026-07-29 12:11:18.633 [main] DEBUG [] org.hibernate.SQL - 
    create table finflow_accounts.account_holders (
        created_at timestamp(6) not null,
        updated_at timestamp(6) not null,
        version bigint not null,
        account_id CHAR(36) not null,
        id CHAR(36) not null,
        user_id varchar(36) not null,
        ownership_type enum ('AUTHORIZED','JOINT','PRIMARY') not null,
        primary key (id),
        unique (account_id, user_id)
    )
2026-07-29 12:11:18.636 [main] DEBUG [] org.hibernate.SQL - 
    create table finflow_accounts.account_status_history (
        changed_at timestamp(6) not null,
        id bigint generated by default as identity,
        new_status varchar(25) not null,
        previous_status varchar(25),
        account_id CHAR(36) not null,
        changed_by varchar(36) not null,
        reason varchar(500),
        primary key (id)
    )
2026-07-29 12:11:18.640 [main] DEBUG [] org.hibernate.SQL - 
    create table finflow_accounts.accounts (
        currency varchar(3) not null,
        is_deleted boolean not null,
        available_balance_cents bigint not null,
        created_at timestamp(6) not null,
        deleted_at timestamp(6),
        ledger_balance_cents bigint not null,
        updated_at timestamp(6) not null,
        version bigint not null,
        account_number varchar(20) not null unique,
        created_by varchar(36) not null,
        deleted_by varchar(36),
        id CHAR(36) not null,
        modified_by varchar(36) not null,
        owner_id varchar(36) not null,
        nickname varchar(100),
        account_status enum ('ACTIVE','CLOSED','PENDING','RESTRICTED','SUSPENDED') not null,
        account_type enum ('CHECKING','CREDIT','INVESTMENT','SAVINGS') not null,
        primary key (id)
    )
2026-07-29 12:11:18.640 [main] DEBUG [] org.hibernate.SQL - 
    create table finflow_accounts.beneficiaries (
        currency varchar(3) not null,
        is_deleted boolean not null,
        created_at timestamp(6) not null,
        deleted_at timestamp(6),
        updated_at timestamp(6) not null,
        version bigint not null,
        routing_number varchar(20),
        swift_code varchar(20),
        created_by varchar(36) not null,
        deleted_by varchar(36),
        id CHAR(36) not null,
        modified_by varchar(36) not null,
        owner_id varchar(36) not null,
        account_number varchar(50) not null,
        iban varchar(50),
        nickname varchar(100),
        bank_name varchar(200),
        beneficiary_name varchar(200) not null,
        email varchar(254),
        beneficiary_status enum ('ACTIVE','BLOCKED','INACTIVE') not null,
        primary key (id),
        constraint uk_beneficiary_account unique (owner_id, account_number)
    )
2026-07-29 12:11:18.651 [main] DEBUG [] org.hibernate.SQL - 
    create table finflow_accounts.card_transactions (
        currency varchar(3) not null,
        amount_cents bigint not null,
        created_at timestamp(6) not null,
        updated_at timestamp(6) not null,
        version bigint not null,
        authorization_code varchar(20),
        card_id varchar(36) not null,
        id CHAR(36) not null,
        merchant_category varchar(50),
        merchant_name varchar(200),
        status enum ('AUTHORIZED','CAPTURED','DECLINED','REFUNDED','REVERSED','SETTLED') not null,
        transaction_type enum ('AUTHORIZATION','CAPTURE','CASHBACK','FEE','REFUND','REVERSAL','SETTLEMENT') not null,
        primary key (id)
    )
2026-07-29 12:11:18.651 [main] DEBUG [] org.hibernate.SQL - 
    create table finflow_accounts.cards (
        card_last_four varchar(4) not null,
        currency varchar(3) not null,
        expiry_month integer not null,
        expiry_year integer not null,
        pin_set boolean not null,
        created_at timestamp(6) not null,
        credit_limit_cents bigint,
        daily_limit_cents bigint,
        monthly_limit_cents bigint,
        updated_at timestamp(6) not null,
        version bigint not null,
        account_id varchar(36) not null,
        id CHAR(36) not null,
        owner_id varchar(36) not null,
        cardholder_name varchar(200) not null,
        card_number_hash varchar(255) not null,
        card_status enum ('ACTIVE','BLOCKED','CANCELLED','EXPIRED','FROZEN','PENDING') not null,
        card_type enum ('CREDIT','DEBIT','PREPAID') not null,
        primary key (id)
    )
2026-07-29 12:11:18.656 [main] DEBUG [] org.hibernate.SQL - 
    create table finflow_accounts.holds (
        amount_cents bigint not null,
        created_at timestamp(6) not null,
        expires_at timestamp(6),
        released_at timestamp(6),
        updated_at timestamp(6) not null,
        version bigint not null,
        account_id CHAR(36) not null,
        id CHAR(36) not null,
        released_by varchar(36),
        source_id varchar(36),
        source_type varchar(50),
        reason varchar(500) not null,
        hold_status enum ('ACTIVE','EXPIRED','RELEASED') not null,
        primary key (id)
    )
2026-07-29 12:11:18.656 [main] DEBUG [] org.hibernate.SQL - 
    create table finflow_admin.admin_audit_log (
        created_at timestamp(6) not null,
        updated_at timestamp(6) not null,
        version bigint not null,
        admin_user_id varchar(36) not null,
        created_by varchar(36) not null,
        id CHAR(36) not null,
        modified_by varchar(36) not null,
        target_id varchar(36) not null,
        ip_address varchar(45),
        target_type varchar(50) not null,
        action varchar(100) not null,
        details TEXT,
        primary key (id)
    )
2026-07-29 12:11:18.662 [main] DEBUG [] org.hibernate.SQL - 
    create table finflow_auth.login_history (
        success boolean not null,
        created_at timestamp(6) not null,
        id bigint generated by default as identity,
        user_id CHAR(36),
        ip_address varchar(45),
        identifier varchar(254) not null,
        user_agent varchar(500),
        failure_reason enum ('ACCOUNT_CLOSED','ACCOUNT_LOCKED','ACCOUNT_NOT_VERIFIED','ACCOUNT_SUSPENDED','INVALID_CREDENTIALS'),
        primary key (id)
    )
2026-07-29 12:11:18.668 [main] DEBUG [] org.hibernate.SQL - 
    create table finflow_auth.refresh_tokens (
        is_revoked boolean not null,
        created_at timestamp(6) not null,
        expires_at timestamp(6) not null,
        last_used_at timestamp(6),
        revoked_at timestamp(6),
        updated_at timestamp(6) not null,
        version bigint not null,
        family_id varchar(36) not null,
        id CHAR(36) not null,
        session_id varchar(36) not null unique,
        user_id CHAR(36) not null,
        created_ip varchar(45),
        last_used_ip varchar(45),
        refresh_token_hash varchar(64) not null,
        created_user_agent varchar(500),
        primary key (id)
    )
2026-07-29 12:11:18.673 [main] DEBUG [] org.hibernate.SQL - 
    create table finflow_auth.roles (
        is_active boolean not null,
        is_system_role boolean not null,
        created_at timestamp(6) not null,
        updated_at timestamp(6) not null,
        version bigint not null,
        id CHAR(36) not null,
        name varchar(50) not null unique,
        description varchar(255),
        primary key (id)
    )
2026-07-29 12:11:18.675 [main] DEBUG [] org.hibernate.SQL - 
    create table finflow_auth.user_credentials (
        is_active boolean not null,
        is_deleted boolean not null,
        created_at timestamp(6) not null,
        deleted_at timestamp(6),
        expires_at timestamp(6),
        last_used_at timestamp(6),
        updated_at timestamp(6) not null,
        version bigint not null,
        created_by varchar(36) not null,
        deleted_by varchar(36),
        id CHAR(36) not null,
        modified_by varchar(36) not null,
        user_id CHAR(36) not null,
        hashed_value varchar(255) not null,
        credential_type enum ('BIOMETRIC','PASSKEY','PASSWORD') not null,
        primary key (id)
    )
2026-07-29 12:11:18.675 [main] DEBUG [] org.hibernate.SQL - 
    create table finflow_auth.user_roles (
        created_at timestamp(6) not null,
        granted_at timestamp(6) not null,
        updated_at timestamp(6) not null,
        version bigint not null,
        granted_by varchar(36) not null,
        id CHAR(36) not null,
        role_id CHAR(36) not null,
        user_id CHAR(36) not null,
        primary key (id),
        unique (user_id, role_id)
    )
2026-07-29 12:11:18.681 [main] DEBUG [] org.hibernate.SQL - 
    create table finflow_auth.users (
        email_verified boolean not null,
        failed_login_count integer not null,
        is_deleted boolean not null,
        phone_verified boolean not null,
        created_at timestamp(6) not null,
        deleted_at timestamp(6),
        last_login_at timestamp(6),
        locked_until timestamp(6),
        terms_accepted_at timestamp(6),
        updated_at timestamp(6) not null,
        version bigint not null,
        phone_number varchar(20),
        username varchar(30) not null,
        created_by varchar(36) not null,
        deleted_by varchar(36),
        id CHAR(36) not null,
        modified_by varchar(36) not null,
        email varchar(254) not null,
        status enum ('ACTIVE','CLOSED','PENDING_VERIFICATION','SUSPENDED') not null,
        primary key (id)
    )
2026-07-29 12:11:18.682 [main] DEBUG [] org.hibernate.SQL - 
    create table finflow_notifications.notifications (
        is_read boolean not null,
        created_at timestamp(6) not null,
        read_at timestamp(6),
        updated_at timestamp(6) not null,
        version bigint not null,
        created_by varchar(36) not null,
        id CHAR(36) not null,
        modified_by varchar(36) not null,
        owner_id varchar(36) not null,
        reference_id varchar(36),
        reference_type varchar(50),
        message TEXT not null,
        title varchar(255) not null,
        notification_type enum ('ACCOUNT','PROMOTION','SECURITY','SYSTEM','TRANSACTION') not null,
        primary key (id)
    )
2026-07-29 12:11:18.685 [main] DEBUG [] org.hibernate.SQL - 
    create table finflow_profiles.user_profiles (
        country varchar(2),
        date_of_birth date,
        created_at timestamp(6) not null,
        updated_at timestamp(6) not null,
        version bigint not null,
        postal_code varchar(20),
        created_by varchar(36) not null,
        id CHAR(36) not null,
        modified_by varchar(36) not null,
        user_id varchar(36) not null unique,
        city varchar(100),
        first_name varchar(100),
        last_name varchar(100),
        state varchar(100),
        avatar_url varchar(500),
        address_line1 varchar(255),
        address_line2 varchar(255),
        primary key (id)
    )
2026-07-29 12:11:18.690 [main] DEBUG [] org.hibernate.SQL - 
    create table finflow_savings.savings_goals (
        currency varchar(3) not null,
        deadline date,
        created_at timestamp(6) not null,
        current_amount_cents bigint not null,
        target_amount_cents bigint not null,
        updated_at timestamp(6) not null,
        version bigint not null,
        account_id varchar(36) not null,
        id CHAR(36) not null,
        owner_id varchar(36) not null,
        goal_name varchar(100) not null,
        description varchar(255),
        goal_status enum ('ACTIVE','CANCELLED','COMPLETED','PAUSED') not null,
        primary key (id)
    )
2026-07-29 12:11:18.692 [main] DEBUG [] org.hibernate.SQL - 
    create table finflow_settings.user_settings (
        created_at timestamp(6) not null,
        updated_at timestamp(6) not null,
        version bigint not null,
        id CHAR(36) not null,
        user_id varchar(36) not null,
        setting_key varchar(100) not null,
        setting_value TEXT not null,
        primary key (id)
    )
2026-07-29 12:11:18.698 [main] DEBUG [] org.hibernate.SQL - 
    create table finflow_transactions.transaction_entries (
        currency varchar(3) not null,
        amount_cents bigint not null,
        balance_after_cents bigint not null,
        balance_before_cents bigint not null,
        created_at timestamp(6) not null,
        updated_at timestamp(6) not null,
        version bigint not null,
        account_id varchar(36) not null,
        id CHAR(36) not null,
        transaction_id CHAR(36) not null,
        description varchar(255),
        entry_type enum ('CREDIT','DEBIT') not null,
        primary key (id)
    )
2026-07-29 12:11:18.701 [main] DEBUG [] org.hibernate.SQL - 
    create table finflow_transactions.transactions (
        currency varchar(3) not null,
        amount_cents bigint not null,
        completed_at timestamp(6),
        created_at timestamp(6) not null,
        fee_amount_cents bigint not null,
        updated_at timestamp(6) not null,
        version bigint not null,
        id CHAR(36) not null,
        source_account_id varchar(36),
        target_account_id varchar(36),
        user_id varchar(36) not null,
        reference_number varchar(50) unique,
        idempotency_key varchar(100) unique,
        failed_reason varchar(500),
        description varchar(255),
        metadata_json TEXT,
        transaction_status enum ('CANCELLED','COMPLETED','FAILED','PENDING') not null,
        transaction_type enum ('DEPOSIT','FEE','REVERSAL','TRANSFER','WITHDRAWAL') not null,
        primary key (id)
    )
2026-07-29 12:11:18.701 [main] DEBUG [] org.hibernate.SQL - 
    create table finflow_transfers.scheduled_transfers (
        currency varchar(3) not null,
        execution_count integer not null,
        max_executions integer,
        amount_cents bigint not null,
        created_at timestamp(6) not null,
        end_date timestamp(6),
        last_execution timestamp(6),
        next_execution timestamp(6) not null,
        updated_at timestamp(6) not null,
        version bigint not null,
        id CHAR(36) not null,
        owner_id varchar(36) not null,
        source_account_id varchar(36) not null,
        target_account_id varchar(36),
        target_beneficiary_id varchar(36),
        template_id varchar(36),
        description varchar(255),
        frequency enum ('BIWEEKLY','DAILY','MONTHLY','QUARTERLY','WEEKLY','YEARLY'),
        schedule_status enum ('ACTIVE','CANCELLED','COMPLETED','FAILED','PAUSED') not null,
        schedule_type enum ('ONE_TIME','RECURRING') not null,
        primary key (id)
    )
2026-07-29 12:11:18.706 [main] DEBUG [] org.hibernate.SQL - 
    create table finflow_transfers.transfer_templates (
        currency varchar(3) not null,
        amount_cents bigint not null,
        created_at timestamp(6) not null,
        updated_at timestamp(6) not null,
        version bigint not null,
        id CHAR(36) not null,
        owner_id varchar(36) not null,
        source_account_id varchar(36) not null,
        target_account_id varchar(36),
        target_beneficiary_id varchar(36),
        template_name varchar(100) not null,
        description varchar(255),
        template_status enum ('ACTIVE','CANCELLED','COMPLETED','FAILED','PAUSED') not null,
        primary key (id)
    )
2026-07-29 12:11:18.706 [main] DEBUG [] org.hibernate.SQL - 
    alter table if exists finflow_accounts.account_holders 
       add constraint fk_ah_account 
       foreign key (account_id) 
       references finflow_accounts.accounts
2026-07-29 12:11:18.706 [main] DEBUG [] org.hibernate.SQL - 
    alter table if exists finflow_accounts.account_status_history 
       add constraint fk_ash_account 
       foreign key (account_id) 
       references finflow_accounts.accounts
2026-07-29 12:11:18.715 [main] DEBUG [] org.hibernate.SQL - 
    alter table if exists finflow_accounts.holds 
       add constraint fk_holds_account 
       foreign key (account_id) 
       references finflow_accounts.accounts
2026-07-29 12:11:18.719 [main] DEBUG [] org.hibernate.SQL - 
    alter table if exists finflow_auth.login_history 
       add constraint fk_lh_user 
       foreign key (user_id) 
       references finflow_auth.users
2026-07-29 12:11:18.721 [main] DEBUG [] org.hibernate.SQL - 
    alter table if exists finflow_auth.refresh_tokens 
       add constraint fk_rt_user 
       foreign key (user_id) 
       references finflow_auth.users
2026-07-29 12:11:18.724 [main] DEBUG [] org.hibernate.SQL - 
    alter table if exists finflow_auth.user_credentials 
       add constraint fk_uc_user 
       foreign key (user_id) 
       references finflow_auth.users
2026-07-29 12:11:18.728 [main] DEBUG [] org.hibernate.SQL - 
    alter table if exists finflow_auth.user_roles 
       add constraint fk_ur_role 
       foreign key (role_id) 
       references finflow_auth.roles
2026-07-29 12:11:18.729 [main] DEBUG [] org.hibernate.SQL - 
    alter table if exists finflow_auth.user_roles 
       add constraint fk_ur_user 
       foreign key (user_id) 
       references finflow_auth.users
2026-07-29 12:11:18.731 [main] DEBUG [] org.hibernate.SQL - 
    alter table if exists finflow_transactions.transaction_entries 
       add constraint fk_txn_entry_transaction 
       foreign key (transaction_id) 
       references finflow_transactions.transactions
2026-07-29 12:11:18.739 [main] INFO  [] o.s.o.j.LocalContainerEntityManagerFactoryBean - Initialized JPA EntityManagerFactory for persistence unit 'default'
2026-07-29 12:11:19.582 [main] INFO  [] c.f.m.a.r.RefreshTokenRepositoryIntegrationTest - Started RefreshTokenRepositoryIntegrationTest in 2.824 seconds (process running for 32.835)
2026-07-29 12:11:19.658 [main] DEBUG [] org.hibernate.SQL - 
    select
        rt1_0.id,
        rt1_0.created_at,
        rt1_0.created_ip,
        rt1_0.created_user_agent,
        rt1_0.expires_at,
        rt1_0.family_id,
        rt1_0.is_revoked,
        rt1_0.last_used_at,
        rt1_0.last_used_ip,
        rt1_0.refresh_token_hash,
        rt1_0.revoked_at,
        rt1_0.session_id,
        rt1_0.updated_at,
        rt1_0.user_id,
        rt1_0.version 
    from
        finflow_auth.refresh_tokens rt1_0
2026-07-29 12:11:19.666 [main] DEBUG [] org.hibernate.SQL - 
    select
        u1_0.id,
        u1_0.created_at,
        u1_0.created_by,
        u1_0.deleted_at,
        u1_0.deleted_by,
        u1_0.email,
        u1_0.email_verified,
        u1_0.failed_login_count,
        u1_0.is_deleted,
        u1_0.last_login_at,
        u1_0.locked_until,
        u1_0.modified_by,
        u1_0.phone_number,
        u1_0.phone_verified,
        u1_0.status,
        u1_0.terms_accepted_at,
        u1_0.updated_at,
        u1_0.username,
        u1_0.version 
    from
        finflow_auth.users u1_0
2026-07-29 12:11:19.670 [main] DEBUG [] org.hibernate.SQL - 
    select
        r1_0.id,
        r1_0.created_at,
        r1_0.description,
        r1_0.is_active,
        r1_0.is_system_role,
        r1_0.name,
        r1_0.updated_at,
        r1_0.version 
    from
        finflow_auth.roles r1_0
2026-07-29 12:11:19.683 [main] DEBUG [] org.hibernate.SQL - 
    insert 
    into
        finflow_auth.roles
        (created_at, description, is_active, is_system_role, name, updated_at, version, id) 
    values
        (?, ?, ?, ?, ?, ?, ?, ?)
2026-07-29 12:11:19.685 [main] DEBUG [] org.hibernate.SQL - 
    insert 
    into
        finflow_auth.users
        (created_at, created_by, deleted_at, deleted_by, email, email_verified, failed_login_count, is_deleted, last_login_at, locked_until, modified_by, phone_number, phone_verified, status, terms_accepted_at, updated_at, username, version, id) 
    values
        (?, ?, ?, ?, ?, ?, ?, ?, ?, ?, ?, ?, ?, ?, ?, ?, ?, ?, ?)
2026-07-29 12:11:19.687 [main] DEBUG [] org.hibernate.SQL - 
    insert 
    into
        finflow_auth.refresh_tokens
        (created_at, created_ip, created_user_agent, expires_at, family_id, is_revoked, last_used_at, last_used_ip, refresh_token_hash, revoked_at, session_id, updated_at, user_id, version, id) 
    values
        (?, ?, ?, ?, ?, ?, ?, ?, ?, ?, ?, ?, ?, ?, ?)
2026-07-29 12:11:19.689 [main] DEBUG [] org.hibernate.SQL - 
    insert 
    into
        finflow_auth.refresh_tokens
        (created_at, created_ip, created_user_agent, expires_at, family_id, is_revoked, last_used_at, last_used_ip, refresh_token_hash, revoked_at, session_id, updated_at, user_id, version, id) 
    values
        (?, ?, ?, ?, ?, ?, ?, ?, ?, ?, ?, ?, ?, ?, ?)
2026-07-29 12:11:19.689 [main] DEBUG [] org.hibernate.SQL - 
    insert 
    into
        finflow_auth.refresh_tokens
        (created_at, created_ip, created_user_agent, expires_at, family_id, is_revoked, last_used_at, last_used_ip, refresh_token_hash, revoked_at, session_id, updated_at, user_id, version, id) 
    values
        (?, ?, ?, ?, ?, ?, ?, ?, ?, ?, ?, ?, ?, ?, ?)
2026-07-29 12:11:19.691 [main] DEBUG [] org.hibernate.SQL - 
    update
        finflow_auth.refresh_tokens 
    set
        created_ip=?,
        created_user_agent=?,
        expires_at=?,
        family_id=?,
        is_revoked=?,
        last_used_at=?,
        last_used_ip=?,
        refresh_token_hash=?,
        revoked_at=?,
        session_id=?,
        updated_at=?,
        user_id=?,
        version=? 
    where
        id=? 
        and version=?
2026-07-29 12:11:19.693 [main] DEBUG [] org.hibernate.SQL - 
    select
        count(rt1_0.id) 
    from
        finflow_auth.refresh_tokens rt1_0 
    where
        rt1_0.user_id=? 
        and rt1_0.is_revoked=false 
        and rt1_0.expires_at>localtimestamp
2026-07-29 12:11:19.705 [main] INFO  [] o.s.t.c.s.AnnotationConfigContextLoaderUtils - Could not detect default configuration classes for test class [com.finflow.modules.auth.repository.RefreshTokenRepositoryIntegrationTest$FindExpiredNotRevoked]: FindExpiredNotRevoked does not declare any static, non-private, non-final, nested classes annotated with @Configuration.
2026-07-29 12:11:19.731 [main] INFO  [] o.s.b.t.c.SpringBootTestContextBootstrapper - Found @SpringBootConfiguration com.finflow.FinFlowApplication for test class com.finflow.modules.auth.repository.RefreshTokenRepositoryIntegrationTest$FindExpiredNotRevoked
2026-07-29 12:11:19.739 [main] DEBUG [] org.hibernate.SQL - 
    select
        rt1_0.id,
        rt1_0.created_at,
        rt1_0.created_ip,
        rt1_0.created_user_agent,
        rt1_0.expires_at,
        rt1_0.family_id,
        rt1_0.is_revoked,
        rt1_0.last_used_at,
        rt1_0.last_used_ip,
        rt1_0.refresh_token_hash,
        rt1_0.revoked_at,
        rt1_0.session_id,
        rt1_0.updated_at,
        rt1_0.user_id,
        rt1_0.version 
    from
        finflow_auth.refresh_tokens rt1_0
2026-07-29 12:11:19.747 [main] DEBUG [] org.hibernate.SQL - 
    select
        u1_0.id,
        u1_0.created_at,
        u1_0.created_by,
        u1_0.deleted_at,
        u1_0.deleted_by,
        u1_0.email,
        u1_0.email_verified,
        u1_0.failed_login_count,
        u1_0.is_deleted,
        u1_0.last_login_at,
        u1_0.locked_until,
        u1_0.modified_by,
        u1_0.phone_number,
        u1_0.phone_verified,
        u1_0.status,
        u1_0.terms_accepted_at,
        u1_0.updated_at,
        u1_0.username,
        u1_0.version 
    from
        finflow_auth.users u1_0
2026-07-29 12:11:19.747 [main] DEBUG [] org.hibernate.SQL - 
    select
        r1_0.id,
        r1_0.created_at,
        r1_0.description,
        r1_0.is_active,
        r1_0.is_system_role,
        r1_0.name,
        r1_0.updated_at,
        r1_0.version 
    from
        finflow_auth.roles r1_0
2026-07-29 12:11:19.763 [main] DEBUG [] org.hibernate.SQL - 
    insert 
    into
        finflow_auth.roles
        (created_at, description, is_active, is_system_role, name, updated_at, version, id) 
    values
        (?, ?, ?, ?, ?, ?, ?, ?)
2026-07-29 12:11:19.765 [main] DEBUG [] org.hibernate.SQL - 
    insert 
    into
        finflow_auth.users
        (created_at, created_by, deleted_at, deleted_by, email, email_verified, failed_login_count, is_deleted, last_login_at, locked_until, modified_by, phone_number, phone_verified, status, terms_accepted_at, updated_at, username, version, id) 
    values
        (?, ?, ?, ?, ?, ?, ?, ?, ?, ?, ?, ?, ?, ?, ?, ?, ?, ?, ?)
2026-07-29 12:11:19.765 [main] DEBUG [] org.hibernate.SQL - 
    insert 
    into
        finflow_auth.refresh_tokens
        (created_at, created_ip, created_user_agent, expires_at, family_id, is_revoked, last_used_at, last_used_ip, refresh_token_hash, revoked_at, session_id, updated_at, user_id, version, id) 
    values
        (?, ?, ?, ?, ?, ?, ?, ?, ?, ?, ?, ?, ?, ?, ?)
2026-07-29 12:11:19.765 [main] DEBUG [] org.hibernate.SQL - 
    insert 
    into
        finflow_auth.refresh_tokens
        (created_at, created_ip, created_user_agent, expires_at, family_id, is_revoked, last_used_at, last_used_ip, refresh_token_hash, revoked_at, session_id, updated_at, user_id, version, id) 
    values
        (?, ?, ?, ?, ?, ?, ?, ?, ?, ?, ?, ?, ?, ?, ?)
2026-07-29 12:11:19.765 [main] DEBUG [] org.hibernate.SQL - 
    select
        rt1_0.id,
        rt1_0.created_at,
        rt1_0.created_ip,
        rt1_0.created_user_agent,
        rt1_0.expires_at,
        rt1_0.family_id,
        rt1_0.is_revoked,
        rt1_0.last_used_at,
        rt1_0.last_used_ip,
        rt1_0.refresh_token_hash,
        rt1_0.revoked_at,
        rt1_0.session_id,
        rt1_0.updated_at,
        rt1_0.user_id,
        rt1_0.version 
    from
        finflow_auth.refresh_tokens rt1_0 
    where
        rt1_0.expires_at<? 
        and rt1_0.is_revoked=false
2026-07-29 12:11:19.780 [main] INFO  [] o.s.t.c.s.AnnotationConfigContextLoaderUtils - Could not detect default configuration classes for test class [com.finflow.modules.auth.repository.RefreshTokenRepositoryIntegrationTest$RevokeAllByUserId]: RevokeAllByUserId does not declare any static, non-private, non-final, nested classes annotated with @Configuration.
2026-07-29 12:11:19.797 [main] INFO  [] o.s.b.t.c.SpringBootTestContextBootstrapper - Found @SpringBootConfiguration com.finflow.FinFlowApplication for test class com.finflow.modules.auth.repository.RefreshTokenRepositoryIntegrationTest$RevokeAllByUserId
2026-07-29 12:11:19.808 [main] DEBUG [] org.hibernate.SQL - 
    select
        rt1_0.id,
        rt1_0.created_at,
        rt1_0.created_ip,
        rt1_0.created_user_agent,
        rt1_0.expires_at,
        rt1_0.family_id,
        rt1_0.is_revoked,
        rt1_0.last_used_at,
        rt1_0.last_used_ip,
        rt1_0.refresh_token_hash,
        rt1_0.revoked_at,
        rt1_0.session_id,
        rt1_0.updated_at,
        rt1_0.user_id,
        rt1_0.version 
    from
        finflow_auth.refresh_tokens rt1_0
2026-07-29 12:11:19.813 [main] DEBUG [] org.hibernate.SQL - 
    select
        u1_0.id,
        u1_0.created_at,
        u1_0.created_by,
        u1_0.deleted_at,
        u1_0.deleted_by,
        u1_0.email,
        u1_0.email_verified,
        u1_0.failed_login_count,
        u1_0.is_deleted,
        u1_0.last_login_at,
        u1_0.locked_until,
        u1_0.modified_by,
        u1_0.phone_number,
        u1_0.phone_verified,
        u1_0.status,
        u1_0.terms_accepted_at,
        u1_0.updated_at,
        u1_0.username,
        u1_0.version 
    from
        finflow_auth.users u1_0
2026-07-29 12:11:19.813 [main] DEBUG [] org.hibernate.SQL - 
    select
        r1_0.id,
        r1_0.created_at,
        r1_0.description,
        r1_0.is_active,
        r1_0.is_system_role,
        r1_0.name,
        r1_0.updated_at,
        r1_0.version 
    from
        finflow_auth.roles r1_0
2026-07-29 12:11:19.845 [main] DEBUG [] org.hibernate.SQL - 
    insert 
    into
        finflow_auth.roles
        (created_at, description, is_active, is_system_role, name, updated_at, version, id) 
    values
        (?, ?, ?, ?, ?, ?, ?, ?)
2026-07-29 12:11:19.845 [main] DEBUG [] org.hibernate.SQL - 
    insert 
    into
        finflow_auth.users
        (created_at, created_by, deleted_at, deleted_by, email, email_verified, failed_login_count, is_deleted, last_login_at, locked_until, modified_by, phone_number, phone_verified, status, terms_accepted_at, updated_at, username, version, id) 
    values
        (?, ?, ?, ?, ?, ?, ?, ?, ?, ?, ?, ?, ?, ?, ?, ?, ?, ?, ?)
2026-07-29 12:11:19.851 [main] DEBUG [] org.hibernate.SQL - 
    insert 
    into
        finflow_auth.refresh_tokens
        (created_at, created_ip, created_user_agent, expires_at, family_id, is_revoked, last_used_at, last_used_ip, refresh_token_hash, revoked_at, session_id, updated_at, user_id, version, id) 
    values
        (?, ?, ?, ?, ?, ?, ?, ?, ?, ?, ?, ?, ?, ?, ?)
2026-07-29 12:11:19.853 [main] DEBUG [] org.hibernate.SQL - 
    insert 
    into
        finflow_auth.refresh_tokens
        (created_at, created_ip, created_user_agent, expires_at, family_id, is_revoked, last_used_at, last_used_ip, refresh_token_hash, revoked_at, session_id, updated_at, user_id, version, id) 
    values
        (?, ?, ?, ?, ?, ?, ?, ?, ?, ?, ?, ?, ?, ?, ?)
2026-07-29 12:11:19.853 [main] DEBUG [] org.hibernate.SQL - 
    update
        finflow_auth.refresh_tokens rt1_0 
    set
        is_revoked=true,
        revoked_at=? 
    where
        rt1_0.user_id=? 
        and rt1_0.is_revoked=false
2026-07-29 12:11:19.861 [main] DEBUG [] org.hibernate.SQL - 
    select
        rt1_0.id,
        rt1_0.created_at,
        rt1_0.created_ip,
        rt1_0.created_user_agent,
        rt1_0.expires_at,
        rt1_0.family_id,
        rt1_0.is_revoked,
        rt1_0.last_used_at,
        rt1_0.last_used_ip,
        rt1_0.refresh_token_hash,
        rt1_0.revoked_at,
        rt1_0.session_id,
        rt1_0.updated_at,
        rt1_0.user_id,
        rt1_0.version 
    from
        finflow_auth.refresh_tokens rt1_0 
    where
        rt1_0.user_id=? 
        and rt1_0.is_revoked=false 
        and rt1_0.expires_at>localtimestamp 
    order by
        rt1_0.created_at desc
2026-07-29 12:11:19.876 [main] INFO  [] o.s.t.c.s.AnnotationConfigContextLoaderUtils - Could not detect default configuration classes for test class [com.finflow.modules.auth.repository.RefreshTokenRepositoryIntegrationTest$RevokeAllByFamilyId]: RevokeAllByFamilyId does not declare any static, non-private, non-final, nested classes annotated with @Configuration.
2026-07-29 12:11:19.898 [main] INFO  [] o.s.b.t.c.SpringBootTestContextBootstrapper - Found @SpringBootConfiguration com.finflow.FinFlowApplication for test class com.finflow.modules.auth.repository.RefreshTokenRepositoryIntegrationTest$RevokeAllByFamilyId
2026-07-29 12:11:19.909 [main] DEBUG [] org.hibernate.SQL - 
    select
        rt1_0.id,
        rt1_0.created_at,
        rt1_0.created_ip,
        rt1_0.created_user_agent,
        rt1_0.expires_at,
        rt1_0.family_id,
        rt1_0.is_revoked,
        rt1_0.last_used_at,
        rt1_0.last_used_ip,
        rt1_0.refresh_token_hash,
        rt1_0.revoked_at,
        rt1_0.session_id,
        rt1_0.updated_at,
        rt1_0.user_id,
        rt1_0.version 
    from
        finflow_auth.refresh_tokens rt1_0
2026-07-29 12:11:19.911 [main] DEBUG [] org.hibernate.SQL - 
    select
        u1_0.id,
        u1_0.created_at,
        u1_0.created_by,
        u1_0.deleted_at,
        u1_0.deleted_by,
        u1_0.email,
        u1_0.email_verified,
        u1_0.failed_login_count,
        u1_0.is_deleted,
        u1_0.last_login_at,
        u1_0.locked_until,
        u1_0.modified_by,
        u1_0.phone_number,
        u1_0.phone_verified,
        u1_0.status,
        u1_0.terms_accepted_at,
        u1_0.updated_at,
        u1_0.username,
        u1_0.version 
    from
        finflow_auth.users u1_0
2026-07-29 12:11:19.918 [main] DEBUG [] org.hibernate.SQL - 
    select
        r1_0.id,
        r1_0.created_at,
        r1_0.description,
        r1_0.is_active,
        r1_0.is_system_role,
        r1_0.name,
        r1_0.updated_at,
        r1_0.version 
    from
        finflow_auth.roles r1_0
2026-07-29 12:11:19.926 [main] DEBUG [] org.hibernate.SQL - 
    insert 
    into
        finflow_auth.roles
        (created_at, description, is_active, is_system_role, name, updated_at, version, id) 
    values
        (?, ?, ?, ?, ?, ?, ?, ?)
2026-07-29 12:11:19.926 [main] DEBUG [] org.hibernate.SQL - 
    insert 
    into
        finflow_auth.users
        (created_at, created_by, deleted_at, deleted_by, email, email_verified, failed_login_count, is_deleted, last_login_at, locked_until, modified_by, phone_number, phone_verified, status, terms_accepted_at, updated_at, username, version, id) 
    values
        (?, ?, ?, ?, ?, ?, ?, ?, ?, ?, ?, ?, ?, ?, ?, ?, ?, ?, ?)
2026-07-29 12:11:19.931 [main] DEBUG [] org.hibernate.SQL - 
    insert 
    into
        finflow_auth.refresh_tokens
        (created_at, created_ip, created_user_agent, expires_at, family_id, is_revoked, last_used_at, last_used_ip, refresh_token_hash, revoked_at, session_id, updated_at, user_id, version, id) 
    values
        (?, ?, ?, ?, ?, ?, ?, ?, ?, ?, ?, ?, ?, ?, ?)
2026-07-29 12:11:19.935 [main] DEBUG [] org.hibernate.SQL - 
    insert 
    into
        finflow_auth.refresh_tokens
        (created_at, created_ip, created_user_agent, expires_at, family_id, is_revoked, last_used_at, last_used_ip, refresh_token_hash, revoked_at, session_id, updated_at, user_id, version, id) 
    values
        (?, ?, ?, ?, ?, ?, ?, ?, ?, ?, ?, ?, ?, ?, ?)
2026-07-29 12:11:19.935 [main] DEBUG [] org.hibernate.SQL - 
    insert 
    into
        finflow_auth.refresh_tokens
        (created_at, created_ip, created_user_agent, expires_at, family_id, is_revoked, last_used_at, last_used_ip, refresh_token_hash, revoked_at, session_id, updated_at, user_id, version, id) 
    values
        (?, ?, ?, ?, ?, ?, ?, ?, ?, ?, ?, ?, ?, ?, ?)
2026-07-29 12:11:19.935 [main] DEBUG [] org.hibernate.SQL - 
    update
        finflow_auth.refresh_tokens 
    set
        created_ip=?,
        created_user_agent=?,
        expires_at=?,
        family_id=?,
        is_revoked=?,
        last_used_at=?,
        last_used_ip=?,
        refresh_token_hash=?,
        revoked_at=?,
        session_id=?,
        updated_at=?,
        user_id=?,
        version=? 
    where
        id=? 
        and version=?
2026-07-29 12:11:19.935 [main] DEBUG [] org.hibernate.SQL - 
    update
        finflow_auth.refresh_tokens rt1_0 
    set
        is_revoked=true,
        revoked_at=? 
    where
        rt1_0.family_id=? 
        and rt1_0.is_revoked=false
2026-07-29 12:11:19.958 [main] DEBUG [] org.hibernate.SQL - 
    select
        rt1_0.id,
        rt1_0.created_at,
        rt1_0.created_ip,
        rt1_0.created_user_agent,
        rt1_0.expires_at,
        rt1_0.family_id,
        rt1_0.is_revoked,
        rt1_0.last_used_at,
        rt1_0.last_used_ip,
        rt1_0.refresh_token_hash,
        rt1_0.revoked_at,
        rt1_0.session_id,
        rt1_0.updated_at,
        rt1_0.user_id,
        rt1_0.version 
    from
        finflow_auth.refresh_tokens rt1_0 
    where
        rt1_0.id=?
2026-07-29 12:11:19.967 [main] DEBUG [] org.hibernate.SQL - 
    select
        rt1_0.id,
        rt1_0.created_at,
        rt1_0.created_ip,
        rt1_0.created_user_agent,
        rt1_0.expires_at,
        rt1_0.family_id,
        rt1_0.is_revoked,
        rt1_0.last_used_at,
        rt1_0.last_used_ip,
        rt1_0.refresh_token_hash,
        rt1_0.revoked_at,
        rt1_0.session_id,
        rt1_0.updated_at,
        rt1_0.user_id,
        rt1_0.version 
    from
        finflow_auth.refresh_tokens rt1_0 
    where
        rt1_0.id=?
2026-07-29 12:11:19.984 [main] INFO  [] o.s.t.c.s.AnnotationConfigContextLoaderUtils - Could not detect default configuration classes for test class [com.finflow.modules.auth.repository.RefreshTokenRepositoryIntegrationTest$FindAllByFamilyId]: FindAllByFamilyId does not declare any static, non-private, non-final, nested classes annotated with @Configuration.
2026-07-29 12:11:20.003 [main] INFO  [] o.s.b.t.c.SpringBootTestContextBootstrapper - Found @SpringBootConfiguration com.finflow.FinFlowApplication for test class com.finflow.modules.auth.repository.RefreshTokenRepositoryIntegrationTest$FindAllByFamilyId
2026-07-29 12:11:20.018 [main] DEBUG [] org.hibernate.SQL - 
    select
        rt1_0.id,
        rt1_0.created_at,
        rt1_0.created_ip,
        rt1_0.created_user_agent,
        rt1_0.expires_at,
        rt1_0.family_id,
        rt1_0.is_revoked,
        rt1_0.last_used_at,
        rt1_0.last_used_ip,
        rt1_0.refresh_token_hash,
        rt1_0.revoked_at,
        rt1_0.session_id,
        rt1_0.updated_at,
        rt1_0.user_id,
        rt1_0.version 
    from
        finflow_auth.refresh_tokens rt1_0
2026-07-29 12:11:20.018 [main] DEBUG [] org.hibernate.SQL - 
    select
        u1_0.id,
        u1_0.created_at,
        u1_0.created_by,
        u1_0.deleted_at,
        u1_0.deleted_by,
        u1_0.email,
        u1_0.email_verified,
        u1_0.failed_login_count,
        u1_0.is_deleted,
        u1_0.last_login_at,
        u1_0.locked_until,
        u1_0.modified_by,
        u1_0.phone_number,
        u1_0.phone_verified,
        u1_0.status,
        u1_0.terms_accepted_at,
        u1_0.updated_at,
        u1_0.username,
        u1_0.version 
    from
        finflow_auth.users u1_0
2026-07-29 12:11:20.024 [main] DEBUG [] org.hibernate.SQL - 
    select
        r1_0.id,
        r1_0.created_at,
        r1_0.description,
        r1_0.is_active,
        r1_0.is_system_role,
        r1_0.name,
        r1_0.updated_at,
        r1_0.version 
    from
        finflow_auth.roles r1_0
2026-07-29 12:11:20.033 [main] DEBUG [] org.hibernate.SQL - 
    insert 
    into
        finflow_auth.roles
        (created_at, description, is_active, is_system_role, name, updated_at, version, id) 
    values
        (?, ?, ?, ?, ?, ?, ?, ?)
2026-07-29 12:11:20.033 [main] DEBUG [] org.hibernate.SQL - 
    insert 
    into
        finflow_auth.users
        (created_at, created_by, deleted_at, deleted_by, email, email_verified, failed_login_count, is_deleted, last_login_at, locked_until, modified_by, phone_number, phone_verified, status, terms_accepted_at, updated_at, username, version, id) 
    values
        (?, ?, ?, ?, ?, ?, ?, ?, ?, ?, ?, ?, ?, ?, ?, ?, ?, ?, ?)
2026-07-29 12:11:20.033 [main] DEBUG [] org.hibernate.SQL - 
    insert 
    into
        finflow_auth.refresh_tokens
        (created_at, created_ip, created_user_agent, expires_at, family_id, is_revoked, last_used_at, last_used_ip, refresh_token_hash, revoked_at, session_id, updated_at, user_id, version, id) 
    values
        (?, ?, ?, ?, ?, ?, ?, ?, ?, ?, ?, ?, ?, ?, ?)
2026-07-29 12:11:20.041 [main] DEBUG [] org.hibernate.SQL - 
    insert 
    into
        finflow_auth.refresh_tokens
        (created_at, created_ip, created_user_agent, expires_at, family_id, is_revoked, last_used_at, last_used_ip, refresh_token_hash, revoked_at, session_id, updated_at, user_id, version, id) 
    values
        (?, ?, ?, ?, ?, ?, ?, ?, ?, ?, ?, ?, ?, ?, ?)
2026-07-29 12:11:20.043 [main] DEBUG [] org.hibernate.SQL - 
    insert 
    into
        finflow_auth.refresh_tokens
        (created_at, created_ip, created_user_agent, expires_at, family_id, is_revoked, last_used_at, last_used_ip, refresh_token_hash, revoked_at, session_id, updated_at, user_id, version, id) 
    values
        (?, ?, ?, ?, ?, ?, ?, ?, ?, ?, ?, ?, ?, ?, ?)
2026-07-29 12:11:20.043 [main] DEBUG [] org.hibernate.SQL - 
    update
        finflow_auth.refresh_tokens 
    set
        created_ip=?,
        created_user_agent=?,
        expires_at=?,
        family_id=?,
        is_revoked=?,
        last_used_at=?,
        last_used_ip=?,
        refresh_token_hash=?,
        revoked_at=?,
        session_id=?,
        updated_at=?,
        user_id=?,
        version=? 
    where
        id=? 
        and version=?
2026-07-29 12:11:20.043 [main] DEBUG [] org.hibernate.SQL - 
    select
        rt1_0.id,
        rt1_0.created_at,
        rt1_0.created_ip,
        rt1_0.created_user_agent,
        rt1_0.expires_at,
        rt1_0.family_id,
        rt1_0.is_revoked,
        rt1_0.last_used_at,
        rt1_0.last_used_ip,
        rt1_0.refresh_token_hash,
        rt1_0.revoked_at,
        rt1_0.session_id,
        rt1_0.updated_at,
        rt1_0.user_id,
        rt1_0.version 
    from
        finflow_auth.refresh_tokens rt1_0 
    where
        rt1_0.family_id=? 
    order by
        rt1_0.created_at desc
2026-07-29 12:11:20.057 [main] INFO  [] o.s.t.c.s.AnnotationConfigContextLoaderUtils - Could not detect default configuration classes for test class [com.finflow.modules.auth.repository.RefreshTokenRepositoryIntegrationTest$FindActiveByUserId]: FindActiveByUserId does not declare any static, non-private, non-final, nested classes annotated with @Configuration.
2026-07-29 12:11:20.066 [main] INFO  [] o.s.b.t.c.SpringBootTestContextBootstrapper - Found @SpringBootConfiguration com.finflow.FinFlowApplication for test class com.finflow.modules.auth.repository.RefreshTokenRepositoryIntegrationTest$FindActiveByUserId
2026-07-29 12:11:20.074 [main] DEBUG [] org.hibernate.SQL - 
    select
        rt1_0.id,
        rt1_0.created_at,
        rt1_0.created_ip,
        rt1_0.created_user_agent,
        rt1_0.expires_at,
        rt1_0.family_id,
        rt1_0.is_revoked,
        rt1_0.last_used_at,
        rt1_0.last_used_ip,
        rt1_0.refresh_token_hash,
        rt1_0.revoked_at,
        rt1_0.session_id,
        rt1_0.updated_at,
        rt1_0.user_id,
        rt1_0.version 
    from
        finflow_auth.refresh_tokens rt1_0
2026-07-29 12:11:20.084 [main] DEBUG [] org.hibernate.SQL - 
    select
        u1_0.id,
        u1_0.created_at,
        u1_0.created_by,
        u1_0.deleted_at,
        u1_0.deleted_by,
        u1_0.email,
        u1_0.email_verified,
        u1_0.failed_login_count,
        u1_0.is_deleted,
        u1_0.last_login_at,
        u1_0.locked_until,
        u1_0.modified_by,
        u1_0.phone_number,
        u1_0.phone_verified,
        u1_0.status,
        u1_0.terms_accepted_at,
        u1_0.updated_at,
        u1_0.username,
        u1_0.version 
    from
        finflow_auth.users u1_0
2026-07-29 12:11:20.084 [main] DEBUG [] org.hibernate.SQL - 
    select
        r1_0.id,
        r1_0.created_at,
        r1_0.description,
        r1_0.is_active,
        r1_0.is_system_role,
        r1_0.name,
        r1_0.updated_at,
        r1_0.version 
    from
        finflow_auth.roles r1_0
2026-07-29 12:11:20.099 [main] DEBUG [] org.hibernate.SQL - 
    insert 
    into
        finflow_auth.roles
        (created_at, description, is_active, is_system_role, name, updated_at, version, id) 
    values
        (?, ?, ?, ?, ?, ?, ?, ?)
2026-07-29 12:11:20.099 [main] DEBUG [] org.hibernate.SQL - 
    insert 
    into
        finflow_auth.users
        (created_at, created_by, deleted_at, deleted_by, email, email_verified, failed_login_count, is_deleted, last_login_at, locked_until, modified_by, phone_number, phone_verified, status, terms_accepted_at, updated_at, username, version, id) 
    values
        (?, ?, ?, ?, ?, ?, ?, ?, ?, ?, ?, ?, ?, ?, ?, ?, ?, ?, ?)
2026-07-29 12:11:20.099 [main] DEBUG [] org.hibernate.SQL - 
    insert 
    into
        finflow_auth.refresh_tokens
        (created_at, created_ip, created_user_agent, expires_at, family_id, is_revoked, last_used_at, last_used_ip, refresh_token_hash, revoked_at, session_id, updated_at, user_id, version, id) 
    values
        (?, ?, ?, ?, ?, ?, ?, ?, ?, ?, ?, ?, ?, ?, ?)
2026-07-29 12:11:20.099 [main] DEBUG [] org.hibernate.SQL - 
    insert 
    into
        finflow_auth.refresh_tokens
        (created_at, created_ip, created_user_agent, expires_at, family_id, is_revoked, last_used_at, last_used_ip, refresh_token_hash, revoked_at, session_id, updated_at, user_id, version, id) 
    values
        (?, ?, ?, ?, ?, ?, ?, ?, ?, ?, ?, ?, ?, ?, ?)
2026-07-29 12:11:20.099 [main] DEBUG [] org.hibernate.SQL - 
    insert 
    into
        finflow_auth.refresh_tokens
        (created_at, created_ip, created_user_agent, expires_at, family_id, is_revoked, last_used_at, last_used_ip, refresh_token_hash, revoked_at, session_id, updated_at, user_id, version, id) 
    values
        (?, ?, ?, ?, ?, ?, ?, ?, ?, ?, ?, ?, ?, ?, ?)
2026-07-29 12:11:20.107 [main] DEBUG [] org.hibernate.SQL - 
    update
        finflow_auth.refresh_tokens 
    set
        created_ip=?,
        created_user_agent=?,
        expires_at=?,
        family_id=?,
        is_revoked=?,
        last_used_at=?,
        last_used_ip=?,
        refresh_token_hash=?,
        revoked_at=?,
        session_id=?,
        updated_at=?,
        user_id=?,
        version=? 
    where
        id=? 
        and version=?
2026-07-29 12:11:20.109 [main] DEBUG [] org.hibernate.SQL - 
    select
        rt1_0.id,
        rt1_0.created_at,
        rt1_0.created_ip,
        rt1_0.created_user_agent,
        rt1_0.expires_at,
        rt1_0.family_id,
        rt1_0.is_revoked,
        rt1_0.last_used_at,
        rt1_0.last_used_ip,
        rt1_0.refresh_token_hash,
        rt1_0.revoked_at,
        rt1_0.session_id,
        rt1_0.updated_at,
        rt1_0.user_id,
        rt1_0.version 
    from
        finflow_auth.refresh_tokens rt1_0 
    where
        rt1_0.user_id=? 
        and rt1_0.is_revoked=false 
        and rt1_0.expires_at>localtimestamp 
    order by
        rt1_0.created_at desc
2026-07-29 12:11:20.117 [main] INFO  [] o.s.t.c.s.AnnotationConfigContextLoaderUtils - Could not detect default configuration classes for test class [com.finflow.modules.auth.repository.RefreshTokenRepositoryIntegrationTest$FindActiveBySessionId]: FindActiveBySessionId does not declare any static, non-private, non-final, nested classes annotated with @Configuration.
2026-07-29 12:11:20.136 [main] INFO  [] o.s.b.t.c.SpringBootTestContextBootstrapper - Found @SpringBootConfiguration com.finflow.FinFlowApplication for test class com.finflow.modules.auth.repository.RefreshTokenRepositoryIntegrationTest$FindActiveBySessionId
2026-07-29 12:11:20.147 [main] DEBUG [] org.hibernate.SQL - 
    select
        rt1_0.id,
        rt1_0.created_at,
        rt1_0.created_ip,
        rt1_0.created_user_agent,
        rt1_0.expires_at,
        rt1_0.family_id,
        rt1_0.is_revoked,
        rt1_0.last_used_at,
        rt1_0.last_used_ip,
        rt1_0.refresh_token_hash,
        rt1_0.revoked_at,
        rt1_0.session_id,
        rt1_0.updated_at,
        rt1_0.user_id,
        rt1_0.version 
    from
        finflow_auth.refresh_tokens rt1_0
2026-07-29 12:11:20.151 [main] DEBUG [] org.hibernate.SQL - 
    select
        u1_0.id,
        u1_0.created_at,
        u1_0.created_by,
        u1_0.deleted_at,
        u1_0.deleted_by,
        u1_0.email,
        u1_0.email_verified,
        u1_0.failed_login_count,
        u1_0.is_deleted,
        u1_0.last_login_at,
        u1_0.locked_until,
        u1_0.modified_by,
        u1_0.phone_number,
        u1_0.phone_verified,
        u1_0.status,
        u1_0.terms_accepted_at,
        u1_0.updated_at,
        u1_0.username,
        u1_0.version 
    from
        finflow_auth.users u1_0
2026-07-29 12:11:20.151 [main] DEBUG [] org.hibernate.SQL - 
    select
        r1_0.id,
        r1_0.created_at,
        r1_0.description,
        r1_0.is_active,
        r1_0.is_system_role,
        r1_0.name,
        r1_0.updated_at,
        r1_0.version 
    from
        finflow_auth.roles r1_0
2026-07-29 12:11:20.159 [main] DEBUG [] org.hibernate.SQL - 
    insert 
    into
        finflow_auth.roles
        (created_at, description, is_active, is_system_role, name, updated_at, version, id) 
    values
        (?, ?, ?, ?, ?, ?, ?, ?)
2026-07-29 12:11:20.164 [main] DEBUG [] org.hibernate.SQL - 
    insert 
    into
        finflow_auth.users
        (created_at, created_by, deleted_at, deleted_by, email, email_verified, failed_login_count, is_deleted, last_login_at, locked_until, modified_by, phone_number, phone_verified, status, terms_accepted_at, updated_at, username, version, id) 
    values
        (?, ?, ?, ?, ?, ?, ?, ?, ?, ?, ?, ?, ?, ?, ?, ?, ?, ?, ?)
2026-07-29 12:11:20.164 [main] DEBUG [] org.hibernate.SQL - 
    insert 
    into
        finflow_auth.refresh_tokens
        (created_at, created_ip, created_user_agent, expires_at, family_id, is_revoked, last_used_at, last_used_ip, refresh_token_hash, revoked_at, session_id, updated_at, user_id, version, id) 
    values
        (?, ?, ?, ?, ?, ?, ?, ?, ?, ?, ?, ?, ?, ?, ?)
2026-07-29 12:11:20.167 [main] DEBUG [] org.hibernate.SQL - 
    select
        rt1_0.id,
        rt1_0.created_at,
        rt1_0.created_ip,
        rt1_0.created_user_agent,
        rt1_0.expires_at,
        rt1_0.family_id,
        rt1_0.is_revoked,
        rt1_0.last_used_at,
        rt1_0.last_used_ip,
        rt1_0.refresh_token_hash,
        rt1_0.revoked_at,
        rt1_0.session_id,
        rt1_0.updated_at,
        rt1_0.user_id,
        rt1_0.version 
    from
        finflow_auth.refresh_tokens rt1_0 
    where
        rt1_0.session_id=? 
        and rt1_0.is_revoked=false 
        and rt1_0.expires_at>localtimestamp
2026-07-29 12:11:20.182 [main] INFO  [] o.s.t.c.s.AnnotationConfigContextLoaderUtils - Could not detect default configuration classes for test class [com.finflow.modules.auth.repository.RefreshTokenRepositoryIntegrationTest$FindByTokenHash]: FindByTokenHash does not declare any static, non-private, non-final, nested classes annotated with @Configuration.
2026-07-29 12:11:20.197 [main] INFO  [] o.s.b.t.c.SpringBootTestContextBootstrapper - Found @SpringBootConfiguration com.finflow.FinFlowApplication for test class com.finflow.modules.auth.repository.RefreshTokenRepositoryIntegrationTest$FindByTokenHash
2026-07-29 12:11:20.205 [main] DEBUG [] org.hibernate.SQL - 
    select
        rt1_0.id,
        rt1_0.created_at,
        rt1_0.created_ip,
        rt1_0.created_user_agent,
        rt1_0.expires_at,
        rt1_0.family_id,
        rt1_0.is_revoked,
        rt1_0.last_used_at,
        rt1_0.last_used_ip,
        rt1_0.refresh_token_hash,
        rt1_0.revoked_at,
        rt1_0.session_id,
        rt1_0.updated_at,
        rt1_0.user_id,
        rt1_0.version 
    from
        finflow_auth.refresh_tokens rt1_0
2026-07-29 12:11:20.214 [main] DEBUG [] org.hibernate.SQL - 
    select
        u1_0.id,
        u1_0.created_at,
        u1_0.created_by,
        u1_0.deleted_at,
        u1_0.deleted_by,
        u1_0.email,
        u1_0.email_verified,
        u1_0.failed_login_count,
        u1_0.is_deleted,
        u1_0.last_login_at,
        u1_0.locked_until,
        u1_0.modified_by,
        u1_0.phone_number,
        u1_0.phone_verified,
        u1_0.status,
        u1_0.terms_accepted_at,
        u1_0.updated_at,
        u1_0.username,
        u1_0.version 
    from
        finflow_auth.users u1_0
2026-07-29 12:11:20.219 [main] DEBUG [] org.hibernate.SQL - 
    select
        r1_0.id,
        r1_0.created_at,
        r1_0.description,
        r1_0.is_active,
        r1_0.is_system_role,
        r1_0.name,
        r1_0.updated_at,
        r1_0.version 
    from
        finflow_auth.roles r1_0
2026-07-29 12:11:20.231 [main] DEBUG [] org.hibernate.SQL - 
    insert 
    into
        finflow_auth.roles
        (created_at, description, is_active, is_system_role, name, updated_at, version, id) 
    values
        (?, ?, ?, ?, ?, ?, ?, ?)
2026-07-29 12:11:20.235 [main] DEBUG [] org.hibernate.SQL - 
    insert 
    into
        finflow_auth.users
        (created_at, created_by, deleted_at, deleted_by, email, email_verified, failed_login_count, is_deleted, last_login_at, locked_until, modified_by, phone_number, phone_verified, status, terms_accepted_at, updated_at, username, version, id) 
    values
        (?, ?, ?, ?, ?, ?, ?, ?, ?, ?, ?, ?, ?, ?, ?, ?, ?, ?, ?)
2026-07-29 12:11:20.235 [main] DEBUG [] org.hibernate.SQL - 
    insert 
    into
        finflow_auth.refresh_tokens
        (created_at, created_ip, created_user_agent, expires_at, family_id, is_revoked, last_used_at, last_used_ip, refresh_token_hash, revoked_at, session_id, updated_at, user_id, version, id) 
    values
        (?, ?, ?, ?, ?, ?, ?, ?, ?, ?, ?, ?, ?, ?, ?)
2026-07-29 12:11:20.237 [main] DEBUG [] org.hibernate.SQL - 
    update
        finflow_auth.refresh_tokens 
    set
        created_ip=?,
        created_user_agent=?,
        expires_at=?,
        family_id=?,
        is_revoked=?,
        last_used_at=?,
        last_used_ip=?,
        refresh_token_hash=?,
        revoked_at=?,
        session_id=?,
        updated_at=?,
        user_id=?,
        version=? 
    where
        id=? 
        and version=?
2026-07-29 12:11:20.240 [main] DEBUG [] org.hibernate.SQL - 
    select
        rt1_0.id,
        rt1_0.created_at,
        rt1_0.created_ip,
        rt1_0.created_user_agent,
        rt1_0.expires_at,
        rt1_0.family_id,
        rt1_0.is_revoked,
        rt1_0.last_used_at,
        rt1_0.last_used_ip,
        rt1_0.refresh_token_hash,
        rt1_0.revoked_at,
        rt1_0.session_id,
        rt1_0.updated_at,
        rt1_0.user_id,
        rt1_0.version 
    from
        finflow_auth.refresh_tokens rt1_0 
    where
        rt1_0.refresh_token_hash=?
2026-07-29 12:11:20.252 [main] INFO  [] o.s.t.c.s.AnnotationConfigContextLoaderUtils - Could not detect default configuration classes for test class [com.finflow.modules.auth.repository.RefreshTokenRepositoryIntegrationTest$FindActiveByTokenHash]: FindActiveByTokenHash does not declare any static, non-private, non-final, nested classes annotated with @Configuration.
2026-07-29 12:11:20.272 [main] INFO  [] o.s.b.t.c.SpringBootTestContextBootstrapper - Found @SpringBootConfiguration com.finflow.FinFlowApplication for test class com.finflow.modules.auth.repository.RefreshTokenRepositoryIntegrationTest$FindActiveByTokenHash
2026-07-29 12:11:20.285 [main] DEBUG [] org.hibernate.SQL - 
    select
        rt1_0.id,
        rt1_0.created_at,
        rt1_0.created_ip,
        rt1_0.created_user_agent,
        rt1_0.expires_at,
        rt1_0.family_id,
        rt1_0.is_revoked,
        rt1_0.last_used_at,
        rt1_0.last_used_ip,
        rt1_0.refresh_token_hash,
        rt1_0.revoked_at,
        rt1_0.session_id,
        rt1_0.updated_at,
        rt1_0.user_id,
        rt1_0.version 
    from
        finflow_auth.refresh_tokens rt1_0
2026-07-29 12:11:20.289 [main] DEBUG [] org.hibernate.SQL - 
    select
        u1_0.id,
        u1_0.created_at,
        u1_0.created_by,
        u1_0.deleted_at,
        u1_0.deleted_by,
        u1_0.email,
        u1_0.email_verified,
        u1_0.failed_login_count,
        u1_0.is_deleted,
        u1_0.last_login_at,
        u1_0.locked_until,
        u1_0.modified_by,
        u1_0.phone_number,
        u1_0.phone_verified,
        u1_0.status,
        u1_0.terms_accepted_at,
        u1_0.updated_at,
        u1_0.username,
        u1_0.version 
    from
        finflow_auth.users u1_0
2026-07-29 12:11:20.293 [main] DEBUG [] org.hibernate.SQL - 
    select
        r1_0.id,
        r1_0.created_at,
        r1_0.description,
        r1_0.is_active,
        r1_0.is_system_role,
        r1_0.name,
        r1_0.updated_at,
        r1_0.version 
    from
        finflow_auth.roles r1_0
2026-07-29 12:11:20.303 [main] DEBUG [] org.hibernate.SQL - 
    insert 
    into
        finflow_auth.roles
        (created_at, description, is_active, is_system_role, name, updated_at, version, id) 
    values
        (?, ?, ?, ?, ?, ?, ?, ?)
2026-07-29 12:11:20.303 [main] DEBUG [] org.hibernate.SQL - 
    insert 
    into
        finflow_auth.users
        (created_at, created_by, deleted_at, deleted_by, email, email_verified, failed_login_count, is_deleted, last_login_at, locked_until, modified_by, phone_number, phone_verified, status, terms_accepted_at, updated_at, username, version, id) 
    values
        (?, ?, ?, ?, ?, ?, ?, ?, ?, ?, ?, ?, ?, ?, ?, ?, ?, ?, ?)
2026-07-29 12:11:20.303 [main] DEBUG [] org.hibernate.SQL - 
    insert 
    into
        finflow_auth.refresh_tokens
        (created_at, created_ip, created_user_agent, expires_at, family_id, is_revoked, last_used_at, last_used_ip, refresh_token_hash, revoked_at, session_id, updated_at, user_id, version, id) 
    values
        (?, ?, ?, ?, ?, ?, ?, ?, ?, ?, ?, ?, ?, ?, ?)
2026-07-29 12:11:20.312 [main] DEBUG [] org.hibernate.SQL - 
    select
        rt1_0.id,
        rt1_0.created_at,
        rt1_0.created_ip,
        rt1_0.created_user_agent,
        rt1_0.expires_at,
        rt1_0.family_id,
        rt1_0.is_revoked,
        rt1_0.last_used_at,
        rt1_0.last_used_ip,
        rt1_0.refresh_token_hash,
        rt1_0.revoked_at,
        rt1_0.session_id,
        rt1_0.updated_at,
        rt1_0.user_id,
        rt1_0.version 
    from
        finflow_auth.refresh_tokens rt1_0 
    where
        rt1_0.refresh_token_hash=? 
        and rt1_0.is_revoked=false 
        and rt1_0.expires_at>localtimestamp
2026-07-29 12:11:20.322 [main] DEBUG [] org.hibernate.SQL - 
    select
        rt1_0.id,
        rt1_0.created_at,
        rt1_0.created_ip,
        rt1_0.created_user_agent,
        rt1_0.expires_at,
        rt1_0.family_id,
        rt1_0.is_revoked,
        rt1_0.last_used_at,
        rt1_0.last_used_ip,
        rt1_0.refresh_token_hash,
        rt1_0.revoked_at,
        rt1_0.session_id,
        rt1_0.updated_at,
        rt1_0.user_id,
        rt1_0.version 
    from
        finflow_auth.refresh_tokens rt1_0
2026-07-29 12:11:20.328 [main] DEBUG [] org.hibernate.SQL - 
    select
        u1_0.id,
        u1_0.created_at,
        u1_0.created_by,
        u1_0.deleted_at,
        u1_0.deleted_by,
        u1_0.email,
        u1_0.email_verified,
        u1_0.failed_login_count,
        u1_0.is_deleted,
        u1_0.last_login_at,
        u1_0.locked_until,
        u1_0.modified_by,
        u1_0.phone_number,
        u1_0.phone_verified,
        u1_0.status,
        u1_0.terms_accepted_at,
        u1_0.updated_at,
        u1_0.username,
        u1_0.version 
    from
        finflow_auth.users u1_0
2026-07-29 12:11:20.331 [main] DEBUG [] org.hibernate.SQL - 
    select
        r1_0.id,
        r1_0.created_at,
        r1_0.description,
        r1_0.is_active,
        r1_0.is_system_role,
        r1_0.name,
        r1_0.updated_at,
        r1_0.version 
    from
        finflow_auth.roles r1_0
2026-07-29 12:11:20.335 [main] DEBUG [] org.hibernate.SQL - 
    select
        rt1_0.id,
        rt1_0.created_at,
        rt1_0.created_ip,
        rt1_0.created_user_agent,
        rt1_0.expires_at,
        rt1_0.family_id,
        rt1_0.is_revoked,
        rt1_0.last_used_at,
        rt1_0.last_used_ip,
        rt1_0.refresh_token_hash,
        rt1_0.revoked_at,
        rt1_0.session_id,
        rt1_0.updated_at,
        rt1_0.user_id,
        rt1_0.version 
    from
        finflow_auth.refresh_tokens rt1_0 
    where
        rt1_0.refresh_token_hash=? 
        and rt1_0.is_revoked=false 
        and rt1_0.expires_at>localtimestamp
2026-07-29 12:11:20.352 [main] DEBUG [] org.hibernate.SQL - 
    select
        rt1_0.id,
        rt1_0.created_at,
        rt1_0.created_ip,
        rt1_0.created_user_agent,
        rt1_0.expires_at,
        rt1_0.family_id,
        rt1_0.is_revoked,
        rt1_0.last_used_at,
        rt1_0.last_used_ip,
        rt1_0.refresh_token_hash,
        rt1_0.revoked_at,
        rt1_0.session_id,
        rt1_0.updated_at,
        rt1_0.user_id,
        rt1_0.version 
    from
        finflow_auth.refresh_tokens rt1_0
2026-07-29 12:11:20.356 [main] DEBUG [] org.hibernate.SQL - 
    select
        u1_0.id,
        u1_0.created_at,
        u1_0.created_by,
        u1_0.deleted_at,
        u1_0.deleted_by,
        u1_0.email,
        u1_0.email_verified,
        u1_0.failed_login_count,
        u1_0.is_deleted,
        u1_0.last_login_at,
        u1_0.locked_until,
        u1_0.modified_by,
        u1_0.phone_number,
        u1_0.phone_verified,
        u1_0.status,
        u1_0.terms_accepted_at,
        u1_0.updated_at,
        u1_0.username,
        u1_0.version 
    from
        finflow_auth.users u1_0
2026-07-29 12:11:20.360 [main] DEBUG [] org.hibernate.SQL - 
    select
        r1_0.id,
        r1_0.created_at,
        r1_0.description,
        r1_0.is_active,
        r1_0.is_system_role,
        r1_0.name,
        r1_0.updated_at,
        r1_0.version 
    from
        finflow_auth.roles r1_0
2026-07-29 12:11:20.366 [main] DEBUG [] org.hibernate.SQL - 
    insert 
    into
        finflow_auth.roles
        (created_at, description, is_active, is_system_role, name, updated_at, version, id) 
    values
        (?, ?, ?, ?, ?, ?, ?, ?)
2026-07-29 12:11:20.368 [main] DEBUG [] org.hibernate.SQL - 
    insert 
    into
        finflow_auth.users
        (created_at, created_by, deleted_at, deleted_by, email, email_verified, failed_login_count, is_deleted, last_login_at, locked_until, modified_by, phone_number, phone_verified, status, terms_accepted_at, updated_at, username, version, id) 
    values
        (?, ?, ?, ?, ?, ?, ?, ?, ?, ?, ?, ?, ?, ?, ?, ?, ?, ?, ?)
2026-07-29 12:11:20.368 [main] DEBUG [] org.hibernate.SQL - 
    insert 
    into
        finflow_auth.refresh_tokens
        (created_at, created_ip, created_user_agent, expires_at, family_id, is_revoked, last_used_at, last_used_ip, refresh_token_hash, revoked_at, session_id, updated_at, user_id, version, id) 
    values
        (?, ?, ?, ?, ?, ?, ?, ?, ?, ?, ?, ?, ?, ?, ?)
2026-07-29 12:11:20.368 [main] DEBUG [] org.hibernate.SQL - 
    update
        finflow_auth.refresh_tokens 
    set
        created_ip=?,
        created_user_agent=?,
        expires_at=?,
        family_id=?,
        is_revoked=?,
        last_used_at=?,
        last_used_ip=?,
        refresh_token_hash=?,
        revoked_at=?,
        session_id=?,
        updated_at=?,
        user_id=?,
        version=? 
    where
        id=? 
        and version=?
2026-07-29 12:11:20.368 [main] DEBUG [] org.hibernate.SQL - 
    select
        rt1_0.id,
        rt1_0.created_at,
        rt1_0.created_ip,
        rt1_0.created_user_agent,
        rt1_0.expires_at,
        rt1_0.family_id,
        rt1_0.is_revoked,
        rt1_0.last_used_at,
        rt1_0.last_used_ip,
        rt1_0.refresh_token_hash,
        rt1_0.revoked_at,
        rt1_0.session_id,
        rt1_0.updated_at,
        rt1_0.user_id,
        rt1_0.version 
    from
        finflow_auth.refresh_tokens rt1_0 
    where
        rt1_0.refresh_token_hash=? 
        and rt1_0.is_revoked=false 
        and rt1_0.expires_at>localtimestamp
2026-07-29 12:11:20.384 [main] DEBUG [] org.hibernate.SQL - 
    select
        rt1_0.id,
        rt1_0.created_at,
        rt1_0.created_ip,
        rt1_0.created_user_agent,
        rt1_0.expires_at,
        rt1_0.family_id,
        rt1_0.is_revoked,
        rt1_0.last_used_at,
        rt1_0.last_used_ip,
        rt1_0.refresh_token_hash,
        rt1_0.revoked_at,
        rt1_0.session_id,
        rt1_0.updated_at,
        rt1_0.user_id,
        rt1_0.version 
    from
        finflow_auth.refresh_tokens rt1_0
2026-07-29 12:11:20.384 [main] DEBUG [] org.hibernate.SQL - 
    select
        u1_0.id,
        u1_0.created_at,
        u1_0.created_by,
        u1_0.deleted_at,
        u1_0.deleted_by,
        u1_0.email,
        u1_0.email_verified,
        u1_0.failed_login_count,
        u1_0.is_deleted,
        u1_0.last_login_at,
        u1_0.locked_until,
        u1_0.modified_by,
        u1_0.phone_number,
        u1_0.phone_verified,
        u1_0.status,
        u1_0.terms_accepted_at,
        u1_0.updated_at,
        u1_0.username,
        u1_0.version 
    from
        finflow_auth.users u1_0
2026-07-29 12:11:20.394 [main] DEBUG [] org.hibernate.SQL - 
    select
        r1_0.id,
        r1_0.created_at,
        r1_0.description,
        r1_0.is_active,
        r1_0.is_system_role,
        r1_0.name,
        r1_0.updated_at,
        r1_0.version 
    from
        finflow_auth.roles r1_0
2026-07-29 12:11:20.394 [main] DEBUG [] org.hibernate.SQL - 
    insert 
    into
        finflow_auth.roles
        (created_at, description, is_active, is_system_role, name, updated_at, version, id) 
    values
        (?, ?, ?, ?, ?, ?, ?, ?)
2026-07-29 12:11:20.394 [main] DEBUG [] org.hibernate.SQL - 
    insert 
    into
        finflow_auth.users
        (created_at, created_by, deleted_at, deleted_by, email, email_verified, failed_login_count, is_deleted, last_login_at, locked_until, modified_by, phone_number, phone_verified, status, terms_accepted_at, updated_at, username, version, id) 
    values
        (?, ?, ?, ?, ?, ?, ?, ?, ?, ?, ?, ?, ?, ?, ?, ?, ?, ?, ?)
2026-07-29 12:11:20.401 [main] DEBUG [] org.hibernate.SQL - 
    insert 
    into
        finflow_auth.refresh_tokens
        (created_at, created_ip, created_user_agent, expires_at, family_id, is_revoked, last_used_at, last_used_ip, refresh_token_hash, revoked_at, session_id, updated_at, user_id, version, id) 
    values
        (?, ?, ?, ?, ?, ?, ?, ?, ?, ?, ?, ?, ?, ?, ?)
2026-07-29 12:11:20.401 [main] DEBUG [] org.hibernate.SQL - 
    select
        rt1_0.id,
        rt1_0.created_at,
        rt1_0.created_ip,
        rt1_0.created_user_agent,
        rt1_0.expires_at,
        rt1_0.family_id,
        rt1_0.is_revoked,
        rt1_0.last_used_at,
        rt1_0.last_used_ip,
        rt1_0.refresh_token_hash,
        rt1_0.revoked_at,
        rt1_0.session_id,
        rt1_0.updated_at,
        rt1_0.user_id,
        rt1_0.version 
    from
        finflow_auth.refresh_tokens rt1_0 
    where
        rt1_0.refresh_token_hash=? 
        and rt1_0.is_revoked=false 
        and rt1_0.expires_at>localtimestamp
2026-07-29 12:11:20.921 [main] INFO  [] c.f.m.b.service.BeneficiaryService - Changing beneficiary status: id=42b87321-5c83-48d1-a084-89e1976f2b78, status=BLOCKED, userId=f7517883-ec29-413b-838c-0fa79bd4b854
2026-07-29 12:11:20.923 [main] INFO  [] c.f.m.b.service.BeneficiaryService - Beneficiary status changed: id=42b87321-5c83-48d1-a084-89e1976f2b78, status=BLOCKED
2026-07-29 12:11:20.930 [main] INFO  [] c.f.m.b.service.BeneficiaryService - Deleting beneficiary: id=d82112c1-4d5c-48a2-9f0d-aca210ea3241, userId=33112fc5-3f05-4791-92ba-3ec8275667bc
2026-07-29 12:11:20.930 [main] INFO  [] c.f.m.b.service.BeneficiaryService - Beneficiary deleted: id=d82112c1-4d5c-48a2-9f0d-aca210ea3241
2026-07-29 12:11:20.939 [main] INFO  [] c.f.m.b.service.BeneficiaryService - Updating beneficiary: id=b90dd932-7fb6-4b97-b96a-338534fe5807, userId=7632e926-a5e8-4f44-8075-6a92bdbeee3b
2026-07-29 12:11:20.939 [main] INFO  [] c.f.m.b.service.BeneficiaryService - Beneficiary updated: id=b90dd932-7fb6-4b97-b96a-338534fe5807
2026-07-29 12:11:20.958 [main] INFO  [] c.f.m.b.service.BeneficiaryService - Creating beneficiary: userId=6a96c44f-eb70-4a8b-a34f-b4cda3331780, name=John Doe
2026-07-29 12:11:20.967 [main] INFO  [] c.f.m.b.service.BeneficiaryService - Creating beneficiary: userId=6c5469ce-1d73-4cca-9937-031851c3dec4, name=John Doe
2026-07-29 12:11:20.967 [main] INFO  [] c.f.m.b.service.BeneficiaryService - Beneficiary created: id=null
2026-07-29 12:11:21.571 [main] INFO  [] c.f.m.n.service.NotificationService - Notification deleted: id=56b2e2c6-135f-48f0-ac52-2bcabd366534, userId=d32e08c8-92d7-4658-aa1c-12affbc0ded9
2026-07-29 12:11:21.579 [main] INFO  [] c.f.m.n.service.NotificationService - Marking all notifications read for user: 375d6d16-2dd2-417d-8b52-e4a2a1058d34
2026-07-29 12:11:21.931 [main] INFO  [] c.f.m.p.service.UserProfileService - Profile updated: userId=45f6ebdb-3dd3-4340-8b2c-82cca0676b8a
2026-07-29 12:11:21.937 [main] INFO  [] c.f.m.p.service.UserProfileService - Default profile created: userId=47812203-1c3f-48f1-a546-e3d84a9e2244
2026-07-29 12:11:21.937 [main] INFO  [] c.f.m.p.service.UserProfileService - Profile updated: userId=47812203-1c3f-48f1-a546-e3d84a9e2244
2026-07-29 12:11:21.945 [main] INFO  [] c.f.m.p.service.UserProfileService - Profile updated: userId=e0b6f945-6985-4a86-8891-b0e97abbea72
2026-07-29 12:11:21.951 [main] INFO  [] c.f.m.p.service.UserProfileService - Profile updated: userId=c5268198-f455-4ec9-8aed-1f93781aa4b6
2026-07-29 12:11:21.959 [main] INFO  [] c.f.m.p.service.UserProfileService - Profile updated: userId=7794608f-852a-42a8-bbb9-bf143184d315
2026-07-29 12:11:21.965 [main] INFO  [] c.f.m.p.service.UserProfileService - Profile updated: userId=6fe83e02-575e-437c-8075-f1a5a7b7e616
2026-07-29 12:11:21.977 [main] INFO  [] c.f.m.p.service.UserProfileService - Default profile created: userId=fb898123-d4e4-4b79-a181-bd55918f12d5
2026-07-29 12:11:22.521 [main] INFO  [] c.f.m.s.service.SettingService - Setting deleted: userId=b588ef47-bd2d-42d2-87a4-683a28c649d2, key=notification_email
2026-07-29 12:11:22.603 [main] INFO  [] c.f.m.s.service.SettingService - Bulk settings updated: userId=53bb4774-98b1-45e9-a8fb-5d6b4a7e2349, count=2
2026-07-29 12:11:22.613 [main] INFO  [] c.f.m.s.service.SettingService - Setting updated: userId=cd75d11a-b306-4902-80a9-e020b7f546ce, key=notification_email, value=true
2026-07-29 12:11:22.621 [main] INFO  [] c.f.m.s.service.SettingService - Setting updated: userId=34017d33-6d30-4e3d-bf24-fcdf19c50a4b, key=notification_email, value=true
2026-07-29 12:11:22.627 [main] INFO  [] c.f.m.s.service.SettingService - Setting updated: userId=6aae3179-41bc-48d1-ada0-73a6c32ee774, key=language, value=es
2026-07-29 12:11:23.039 [main] INFO  [] c.f.m.t.service.TransactionService - Cancelling transaction: txnId=0da096a3-e061-4fbb-96f9-54233daee026, userId=75ccd36b-f693-4ce7-afc2-e1564c0a24e0
2026-07-29 12:11:23.045 [main] INFO  [] c.f.m.t.service.TransactionService - Cancelling transaction: txnId=a78c4aab-a6de-4f50-9749-ddd24edb17e6, userId=aac7dd10-cdfd-4e20-97bc-0fca4aaabc1a
2026-07-29 12:11:23.046 [main] INFO  [] c.f.m.t.service.TransactionService - Transaction cancelled: txnId=a78c4aab-a6de-4f50-9749-ddd24edb17e6
2026-07-29 12:11:23.063 [main] INFO  [] c.f.m.t.service.TransactionService - Creating transfer: userId=e543ad59-dd12-40ac-b37f-1d8db6f06ef2, amountCents=50000, source=192901e5-5537-4454-b56e-389e064a27f2, target=06eb7dbf-988f-4b50-9759-02419e670878
2026-07-29 12:11:23.070 [main] INFO  [] c.f.m.t.service.TransactionService - Creating transfer: userId=f9d4bb94-9cfb-4d4e-b9f2-c2aa348d467a, amountCents=3000, source=c099f232-dbf8-4c39-8cbd-096dba0cd4d6, target=c099f232-dbf8-4c39-8cbd-096dba0cd4d6
2026-07-29 12:11:23.076 [main] INFO  [] c.f.m.t.service.TransactionService - Creating transfer: userId=49989380-4c0e-43e1-857b-ff6dcabed0c8, amountCents=3000, source=46161496-8354-4b41-b1f1-a123e11cff8c, target=814ae3b5-d9b8-46fb-a10b-4581b4c80fce
2026-07-29 12:11:23.079 [main] INFO  [] c.f.m.t.service.TransactionService - Transfer completed: txnId=null, ref=TXN-1785307283078-598EB7DB
2026-07-29 12:11:23.086 [main] INFO  [] c.f.m.t.service.TransactionService - Creating withdrawal: userId=b6ebecab-5f3f-4e1a-8981-e91a0a69c3f6, amountCents=2000, accountId=48f2e18e-65d7-4d1c-81cd-96a65149ddf6
2026-07-29 12:11:23.086 [main] INFO  [] c.f.m.t.service.TransactionService - Withdrawal completed: txnId=null, ref=TXN-1785307283086-C928B7CD
2026-07-29 12:11:23.091 [main] INFO  [] c.f.m.t.service.TransactionService - Creating withdrawal: userId=c07adc45-9c7e-4bf1-8391-9b30eda3a421, amountCents=20000, accountId=29af9adb-6301-44e8-9ff9-e144da51c568
2026-07-29 12:11:23.099 [main] INFO  [] c.f.m.t.service.TransactionService - Creating deposit: userId=a22cd55a-7266-46d6-a7cf-8045da968a01, amountCents=0, accountId=9c4f624e-630a-4791-97da-91cb7afaf714
2026-07-29 12:11:23.103 [main] INFO  [] c.f.m.t.service.TransactionService - Creating deposit: userId=086c6260-778d-4f97-8b6b-a10b338316de, amountCents=5000, accountId=095bc139-4aff-4d98-9188-719f50aa1552
2026-07-29 12:11:23.116 [main] INFO  [] c.f.m.t.service.TransactionService - Creating deposit: userId=b40d1582-b471-4690-abe7-172041d88202, amountCents=5000, accountId=f4d08357-cd2f-4019-8356-94b78887ef2f
2026-07-29 12:11:23.117 [main] INFO  [] c.f.m.t.service.TransactionService - Deposit completed: txnId=null, ref=TXN-1785307283116-1BAD1C6A
2026-07-29 12:11:23.122 [main] INFO  [] c.f.m.t.service.TransactionService - Creating deposit: userId=c7dcf424-aac5-487a-b4b6-befaa6c7f69c, amountCents=5000, accountId=3903f0bf-776a-474b-8b18-a4f2a01be148
2026-07-29 12:11:24.406 [main] INFO  [] c.f.s.config.JwtSigningKeyProvider - JWT signing keys loaded. Active key: 'primary', total keys: 1
2026-07-29 12:11:24.632 [main] DEBUG [] c.f.s.config.JwtSigningKeyProvider - Could not extract kid from token: Malformed protected header JSON: Unable to deserialize: Unrecognized token 'm': was expecting (JSON String, Number, Array, Object or token 'null', 'true' or 'false')
 at [Source: REDACTED (`StreamReadFeature.INCLUDE_SOURCE_IN_LOCATION` disabled); line: 1, column: 2]
2026-07-29 12:11:24.638 [main] DEBUG [] c.f.shared.config.JwtTokenProvider - Invalid JWT token: Malformed protected header JSON: Unable to deserialize: Unrecognized token 'm': was expecting (JSON String, Number, Array, Object or token 'null', 'true' or 'false')
 at [Source: REDACTED (`StreamReadFeature.INCLUDE_SOURCE_IN_LOCATION` disabled); line: 1, column: 2]
2026-07-29 12:11:24.638 [main] INFO  [] c.f.s.config.JwtSigningKeyProvider - JWT signing keys loaded. Active key: 'primary', total keys: 1
2026-07-29 12:11:24.641 [main] INFO  [] c.f.s.config.JwtSigningKeyProvider - JWT signing keys loaded. Active key: 'primary', total keys: 1
2026-07-29 12:11:24.646 [main] INFO  [] c.f.s.config.JwtSigningKeyProvider - JWT signing keys loaded. Active key: 'primary', total keys: 1
2026-07-29 12:11:24.749 [main] INFO  [] c.f.s.config.JwtSigningKeyProvider - JWT signing keys loaded. Active key: 'primary', total keys: 1
2026-07-29 12:11:24.749 [main] DEBUG [] c.f.s.config.JwtSigningKeyProvider - Could not extract kid from token: Invalid compact JWT string: Compact JWSs must contain exactly 2 period characters, and compact JWEs must contain exactly 4.  Found: 0
2026-07-29 12:11:24.749 [main] DEBUG [] c.f.shared.config.JwtTokenProvider - Invalid JWT token: Invalid compact JWT string: Compact JWSs must contain exactly 2 period characters, and compact JWEs must contain exactly 4.  Found: 0
2026-07-29 12:11:24.753 [main] INFO  [] c.f.s.config.JwtSigningKeyProvider - JWT signing keys loaded. Active key: 'primary', total keys: 1
2026-07-29 12:11:24.805 [main] INFO  [] c.f.s.config.JwtSigningKeyProvider - JWT signing keys loaded. Active key: 'primary', total keys: 1
2026-07-29 12:11:24.811 [main] INFO  [] c.f.s.config.JwtSigningKeyProvider - JWT signing keys loaded. Active key: 'primary', total keys: 1
2026-07-29 12:11:24.813 [main] DEBUG [] c.f.s.config.JwtSigningKeyProvider - Could not extract kid from token: Malformed protected header JSON: Unable to deserialize: Unexpected character ('�' (code 65533 / 0xfffd)): expected a valid value (JSON String, Number, Array, Object or token 'null', 'true' or 'false')
 at [Source: REDACTED (`StreamReadFeature.INCLUDE_SOURCE_IN_LOCATION` disabled); line: 1, column: 1]
2026-07-29 12:11:24.813 [main] DEBUG [] c.f.shared.config.JwtTokenProvider - Invalid JWT token: Malformed protected header JSON: Unable to deserialize: Unexpected character ('�' (code 65533 / 0xfffd)): expected a valid value (JSON String, Number, Array, Object or token 'null', 'true' or 'false')
 at [Source: REDACTED (`StreamReadFeature.INCLUDE_SOURCE_IN_LOCATION` disabled); line: 1, column: 1]
2026-07-29 12:11:24.813 [main] INFO  [] c.f.s.config.JwtSigningKeyProvider - JWT signing keys loaded. Active key: 'primary', total keys: 1
2026-07-29 12:11:24.821 [main] INFO  [] c.f.s.config.JwtSigningKeyProvider - JWT signing keys loaded. Active key: 'primary', total keys: 1
2026-07-29 12:11:24.843 [main] INFO  [] c.f.s.config.JwtSigningKeyProvider - JWT signing keys loaded. Active key: 'primary', total keys: 1
2026-07-29 12:11:24.849 [main] INFO  [] c.f.s.config.JwtSigningKeyProvider - JWT signing keys loaded. Active key: 'primary', total keys: 1
2026-07-29 12:11:24.849 [main] INFO  [] c.f.s.config.JwtSigningKeyProvider - JWT signing keys loaded. Active key: 'primary', total keys: 1
2026-07-29 12:11:24.851 [main] DEBUG [] c.f.shared.config.JwtTokenProvider - Invalid JWT token: Expected iss claim to be: wrong-issuer, but was: finflow.
2026-07-29 12:11:24.851 [main] INFO  [] c.f.s.config.JwtSigningKeyProvider - JWT signing keys loaded. Active key: 'primary', total keys: 1
2026-07-29 12:11:24.864 [main] INFO  [] c.f.s.config.JwtSigningKeyProvider - JWT signing keys loaded. Active key: 'primary', total keys: 1
2026-07-29 12:11:24.864 [main] INFO  [] c.f.s.config.JwtSigningKeyProvider - JWT signing keys loaded. Active key: 'other', total keys: 1
2026-07-29 12:11:24.867 [main] DEBUG [] c.f.s.config.JwtSigningKeyProvider - Could not extract kid from token: JWT signature does not match locally computed signature. JWT validity cannot be asserted and should not be trusted.
2026-07-29 12:11:24.867 [main] WARN  [] c.f.shared.config.JwtTokenProvider - JWT signature validation failed: JWT signature does not match locally computed signature. JWT validity cannot be asserted and should not be trusted.
2026-07-29 12:11:24.898 [SpringApplicationShutdownHook] INFO  [] o.s.o.j.LocalContainerEntityManagerFactoryBean - Closing JPA EntityManagerFactory for persistence unit 'default'
2026-07-29 12:11:25.401 [SpringApplicationShutdownHook] DEBUG [] org.hibernate.SQL - 
    drop table if exists finflow_accounts.account_holders cascade 
2026-07-29 12:11:25.404 [SpringApplicationShutdownHook] DEBUG [] org.hibernate.SQL - 
    drop table if exists finflow_accounts.account_status_history cascade 
2026-07-29 12:11:25.404 [SpringApplicationShutdownHook] DEBUG [] org.hibernate.SQL - 
    drop table if exists finflow_accounts.accounts cascade 
2026-07-29 12:11:25.404 [SpringApplicationShutdownHook] DEBUG [] org.hibernate.SQL - 
    drop table if exists finflow_accounts.beneficiaries cascade 
2026-07-29 12:11:25.404 [SpringApplicationShutdownHook] DEBUG [] org.hibernate.SQL - 
    drop table if exists finflow_accounts.card_transactions cascade 
2026-07-29 12:11:25.404 [SpringApplicationShutdownHook] DEBUG [] org.hibernate.SQL - 
    drop table if exists finflow_accounts.cards cascade 
2026-07-29 12:11:25.404 [SpringApplicationShutdownHook] DEBUG [] org.hibernate.SQL - 
    drop table if exists finflow_accounts.holds cascade 
2026-07-29 12:11:25.410 [SpringApplicationShutdownHook] DEBUG [] org.hibernate.SQL - 
    drop table if exists finflow_admin.admin_audit_log cascade 
2026-07-29 12:11:25.410 [SpringApplicationShutdownHook] DEBUG [] org.hibernate.SQL - 
    drop table if exists finflow_auth.login_history cascade 
2026-07-29 12:11:25.410 [SpringApplicationShutdownHook] DEBUG [] org.hibernate.SQL - 
    drop table if exists finflow_auth.refresh_tokens cascade 
2026-07-29 12:11:25.410 [SpringApplicationShutdownHook] DEBUG [] org.hibernate.SQL - 
    drop table if exists finflow_auth.roles cascade 
2026-07-29 12:11:25.410 [SpringApplicationShutdownHook] DEBUG [] org.hibernate.SQL - 
    drop table if exists finflow_auth.user_credentials cascade 
2026-07-29 12:11:25.415 [SpringApplicationShutdownHook] DEBUG [] org.hibernate.SQL - 
    drop table if exists finflow_auth.user_roles cascade 
2026-07-29 12:11:25.415 [SpringApplicationShutdownHook] DEBUG [] org.hibernate.SQL - 
    drop table if exists finflow_auth.users cascade 
2026-07-29 12:11:25.415 [SpringApplicationShutdownHook] DEBUG [] org.hibernate.SQL - 
    drop table if exists finflow_notifications.notifications cascade 
2026-07-29 12:11:25.415 [SpringApplicationShutdownHook] DEBUG [] org.hibernate.SQL - 
    drop table if exists finflow_profiles.user_profiles cascade 
2026-07-29 12:11:25.418 [SpringApplicationShutdownHook] DEBUG [] org.hibernate.SQL - 
    drop table if exists finflow_savings.savings_goals cascade 
2026-07-29 12:11:25.418 [SpringApplicationShutdownHook] DEBUG [] org.hibernate.SQL - 
    drop table if exists finflow_settings.user_settings cascade 
2026-07-29 12:11:25.418 [SpringApplicationShutdownHook] DEBUG [] org.hibernate.SQL - 
    drop table if exists finflow_transactions.transaction_entries cascade 
2026-07-29 12:11:25.418 [SpringApplicationShutdownHook] DEBUG [] org.hibernate.SQL - 
    drop table if exists finflow_transactions.transactions cascade 
2026-07-29 12:11:25.418 [SpringApplicationShutdownHook] DEBUG [] org.hibernate.SQL - 
    drop table if exists finflow_transfers.scheduled_transfers cascade 
2026-07-29 12:11:25.418 [SpringApplicationShutdownHook] DEBUG [] org.hibernate.SQL - 
    drop table if exists finflow_transfers.transfer_templates cascade 
2026-07-29 12:11:25.418 [SpringApplicationShutdownHook] INFO  [] o.s.o.j.LocalContainerEntityManagerFactoryBean - Closing JPA EntityManagerFactory for persistence unit 'default'
2026-07-29 12:11:25.418 [SpringApplicationShutdownHook] DEBUG [] org.hibernate.SQL - 
    drop table if exists finflow_accounts.account_holders cascade 
2026-07-29 12:11:25.418 [SpringApplicationShutdownHook] DEBUG [] org.hibernate.SQL - 
    drop table if exists finflow_accounts.account_status_history cascade 
2026-07-29 12:11:25.418 [SpringApplicationShutdownHook] DEBUG [] org.hibernate.SQL - 
    drop table if exists finflow_accounts.accounts cascade 
2026-07-29 12:11:25.426 [SpringApplicationShutdownHook] DEBUG [] org.hibernate.SQL - 
    drop table if exists finflow_accounts.beneficiaries cascade 
2026-07-29 12:11:25.426 [SpringApplicationShutdownHook] DEBUG [] org.hibernate.SQL - 
    drop table if exists finflow_accounts.card_transactions cascade 
2026-07-29 12:11:25.426 [SpringApplicationShutdownHook] DEBUG [] org.hibernate.SQL - 
    drop table if exists finflow_accounts.cards cascade 
2026-07-29 12:11:25.426 [SpringApplicationShutdownHook] DEBUG [] org.hibernate.SQL - 
    drop table if exists finflow_accounts.holds cascade 
2026-07-29 12:11:25.426 [SpringApplicationShutdownHook] DEBUG [] org.hibernate.SQL - 
    drop table if exists finflow_admin.admin_audit_log cascade 
2026-07-29 12:11:25.426 [SpringApplicationShutdownHook] DEBUG [] org.hibernate.SQL - 
    drop table if exists finflow_auth.login_history cascade 
2026-07-29 12:11:25.426 [SpringApplicationShutdownHook] DEBUG [] org.hibernate.SQL - 
    drop table if exists finflow_auth.refresh_tokens cascade 
2026-07-29 12:11:25.426 [SpringApplicationShutdownHook] DEBUG [] org.hibernate.SQL - 
    drop table if exists finflow_auth.roles cascade 
2026-07-29 12:11:25.426 [SpringApplicationShutdownHook] DEBUG [] org.hibernate.SQL - 
    drop table if exists finflow_auth.user_credentials cascade 
2026-07-29 12:11:25.426 [SpringApplicationShutdownHook] DEBUG [] org.hibernate.SQL - 
    drop table if exists finflow_auth.user_roles cascade 
2026-07-29 12:11:25.431 [SpringApplicationShutdownHook] DEBUG [] org.hibernate.SQL - 
    drop table if exists finflow_auth.users cascade 
2026-07-29 12:11:25.431 [SpringApplicationShutdownHook] DEBUG [] org.hibernate.SQL - 
    drop table if exists finflow_notifications.notifications cascade 
2026-07-29 12:11:25.431 [SpringApplicationShutdownHook] DEBUG [] org.hibernate.SQL - 
    drop table if exists finflow_profiles.user_profiles cascade 
2026-07-29 12:11:25.431 [SpringApplicationShutdownHook] DEBUG [] org.hibernate.SQL - 
    drop table if exists finflow_savings.savings_goals cascade 
2026-07-29 12:11:25.431 [SpringApplicationShutdownHook] DEBUG [] org.hibernate.SQL - 
    drop table if exists finflow_settings.user_settings cascade 
2026-07-29 12:11:25.431 [SpringApplicationShutdownHook] DEBUG [] org.hibernate.SQL - 
    drop table if exists finflow_transactions.transaction_entries cascade 
2026-07-29 12:11:25.431 [SpringApplicationShutdownHook] DEBUG [] org.hibernate.SQL - 
    drop table if exists finflow_transactions.transactions cascade 
2026-07-29 12:11:25.433 [SpringApplicationShutdownHook] DEBUG [] org.hibernate.SQL - 
    drop table if exists finflow_transfers.scheduled_transfers cascade 
2026-07-29 12:11:25.434 [SpringApplicationShutdownHook] DEBUG [] org.hibernate.SQL - 
    drop table if exists finflow_transfers.transfer_templates cascade 
2026-07-29 12:12:21.021 [main] INFO  [] c.f.m.a.r.AuthRepositoryIntegrationTest - Starting AuthRepositoryIntegrationTest using Java 21.0.11 with PID 7936 (started by Lenovo in C:\Users\Lenovo\OneDrive\Desktop\FinFlow\backend)
2026-07-29 12:12:21.023 [main] DEBUG [] c.f.m.a.r.AuthRepositoryIntegrationTest - Running with Spring Boot v3.4.1, Spring v6.2.1
2026-07-29 12:12:21.025 [main] INFO  [] c.f.m.a.r.AuthRepositoryIntegrationTest - The following 1 profile is active: "test"
2026-07-29 12:12:22.533 [main] INFO  [] o.s.d.r.c.RepositoryConfigurationDelegate - Multiple Spring Data modules found, entering strict repository configuration mode
2026-07-29 12:12:22.541 [main] INFO  [] o.s.d.r.c.RepositoryConfigurationDelegate - Bootstrapping Spring Data JPA repositories in DEFAULT mode.
2026-07-29 12:12:23.245 [main] INFO  [] o.s.d.r.c.RepositoryConfigurationDelegate - Finished Spring Data repository scanning in 640 ms. Found 22 JPA repository interfaces.
2026-07-29 12:12:23.674 [main] INFO  [] o.s.b.t.a.j.TestDatabaseAutoConfiguration$EmbeddedDataSourceBeanFactoryPostProcessor - Replacing 'dataSource' DataSource bean with embedded version
2026-07-29 12:12:24.731 [main] INFO  [] o.s.j.d.e.EmbeddedDatabaseFactory - Starting embedded database: url='jdbc:h2:mem:5a7a808a-0771-4622-af21-10e3518d3c73;DB_CLOSE_DELAY=-1;DB_CLOSE_ON_EXIT=false', username='sa'
2026-07-29 12:12:26.368 [main] INFO  [] o.h.jpa.internal.util.LogHelper - HHH000204: Processing PersistenceUnitInfo [name: default]
2026-07-29 12:12:26.637 [main] INFO  [] org.hibernate.Version - HHH000412: Hibernate ORM core version 6.6.4.Final
2026-07-29 12:12:26.794 [main] INFO  [] o.h.c.i.RegionFactoryInitiator - HHH000026: Second-level cache disabled
2026-07-29 12:12:27.354 [main] INFO  [] o.s.o.j.p.SpringPersistenceUnitInfo - No LoadTimeWeaver setup: ignoring JPA class transformer
2026-07-29 12:12:27.569 [main] WARN  [] org.hibernate.orm.deprecation - HHH90000025: H2Dialect does not need to be specified explicitly using 'hibernate.dialect' (remove the property setting and it will be selected by default)
2026-07-29 12:12:27.658 [main] INFO  [] o.hibernate.orm.connections.pooling - HHH10001005: Database info:
	Database JDBC URL [Connecting through datasource 'org.springframework.jdbc.datasource.embedded.EmbeddedDatabaseFactory$EmbeddedDataSourceProxy@631130cb']
	Database driver: undefined/unknown
	Database version: 2.3.232
	Autocommit mode: undefined/unknown
	Isolation level: undefined/unknown
	Minimum pool size: undefined/unknown
	Maximum pool size: undefined/unknown
2026-07-29 12:12:32.162 [main] INFO  [] o.h.e.t.j.p.i.JtaPlatformInitiator - HHH000489: No JTA platform available (set 'hibernate.transaction.jta.platform' to enable JTA platform integration)
2026-07-29 12:12:32.242 [main] DEBUG [] org.hibernate.SQL - 
    drop table if exists finflow_accounts.account_holders cascade 
2026-07-29 12:12:32.247 [main] DEBUG [] org.hibernate.SQL - 
    drop table if exists finflow_accounts.account_status_history cascade 
2026-07-29 12:12:32.249 [main] DEBUG [] org.hibernate.SQL - 
    drop table if exists finflow_accounts.accounts cascade 
2026-07-29 12:12:32.251 [main] DEBUG [] org.hibernate.SQL - 
    drop table if exists finflow_accounts.beneficiaries cascade 
2026-07-29 12:12:32.251 [main] DEBUG [] org.hibernate.SQL - 
    drop table if exists finflow_accounts.card_transactions cascade 
2026-07-29 12:12:32.251 [main] DEBUG [] org.hibernate.SQL - 
    drop table if exists finflow_accounts.cards cascade 
2026-07-29 12:12:32.251 [main] DEBUG [] org.hibernate.SQL - 
    drop table if exists finflow_accounts.holds cascade 
2026-07-29 12:12:32.253 [main] DEBUG [] org.hibernate.SQL - 
    drop table if exists finflow_admin.admin_audit_log cascade 
2026-07-29 12:12:32.253 [main] DEBUG [] org.hibernate.SQL - 
    drop table if exists finflow_auth.login_history cascade 
2026-07-29 12:12:32.253 [main] DEBUG [] org.hibernate.SQL - 
    drop table if exists finflow_auth.refresh_tokens cascade 
2026-07-29 12:12:32.253 [main] DEBUG [] org.hibernate.SQL - 
    drop table if exists finflow_auth.roles cascade 
2026-07-29 12:12:32.255 [main] DEBUG [] org.hibernate.SQL - 
    drop table if exists finflow_auth.user_credentials cascade 
2026-07-29 12:12:32.257 [main] DEBUG [] org.hibernate.SQL - 
    drop table if exists finflow_auth.user_roles cascade 
2026-07-29 12:12:32.257 [main] DEBUG [] org.hibernate.SQL - 
    drop table if exists finflow_auth.users cascade 
2026-07-29 12:12:32.257 [main] DEBUG [] org.hibernate.SQL - 
    drop table if exists finflow_notifications.notifications cascade 
2026-07-29 12:12:32.257 [main] DEBUG [] org.hibernate.SQL - 
    drop table if exists finflow_profiles.user_profiles cascade 
2026-07-29 12:12:32.257 [main] DEBUG [] org.hibernate.SQL - 
    drop table if exists finflow_savings.savings_goals cascade 
2026-07-29 12:12:32.259 [main] DEBUG [] org.hibernate.SQL - 
    drop table if exists finflow_settings.user_settings cascade 
2026-07-29 12:12:32.259 [main] DEBUG [] org.hibernate.SQL - 
    drop table if exists finflow_transactions.transaction_entries cascade 
2026-07-29 12:12:32.259 [main] DEBUG [] org.hibernate.SQL - 
    drop table if exists finflow_transactions.transactions cascade 
2026-07-29 12:12:32.261 [main] DEBUG [] org.hibernate.SQL - 
    drop table if exists finflow_transfers.scheduled_transfers cascade 
2026-07-29 12:12:32.263 [main] DEBUG [] org.hibernate.SQL - 
    drop table if exists finflow_transfers.transfer_templates cascade 
2026-07-29 12:12:32.283 [main] DEBUG [] org.hibernate.SQL - 
    create table finflow_accounts.account_holders (
        created_at timestamp(6) not null,
        updated_at timestamp(6) not null,
        version bigint not null,
        account_id CHAR(36) not null,
        id CHAR(36) not null,
        user_id varchar(36) not null,
        ownership_type enum ('AUTHORIZED','JOINT','PRIMARY') not null,
        primary key (id),
        unique (account_id, user_id)
    )
2026-07-29 12:12:32.315 [main] DEBUG [] org.hibernate.SQL - 
    create table finflow_accounts.account_status_history (
        changed_at timestamp(6) not null,
        id bigint generated by default as identity,
        new_status varchar(25) not null,
        previous_status varchar(25),
        account_id CHAR(36) not null,
        changed_by varchar(36) not null,
        reason varchar(500),
        primary key (id)
    )
2026-07-29 12:12:32.327 [main] DEBUG [] org.hibernate.SQL - 
    create table finflow_accounts.accounts (
        currency varchar(3) not null,
        is_deleted boolean not null,
        available_balance_cents bigint not null,
        created_at timestamp(6) not null,
        deleted_at timestamp(6),
        ledger_balance_cents bigint not null,
        updated_at timestamp(6) not null,
        version bigint not null,
        account_number varchar(20) not null unique,
        created_by varchar(36) not null,
        deleted_by varchar(36),
        id CHAR(36) not null,
        modified_by varchar(36) not null,
        owner_id varchar(36) not null,
        nickname varchar(100),
        account_status enum ('ACTIVE','CLOSED','PENDING','RESTRICTED','SUSPENDED') not null,
        account_type enum ('CHECKING','CREDIT','INVESTMENT','SAVINGS') not null,
        primary key (id)
    )
2026-07-29 12:12:32.333 [main] DEBUG [] org.hibernate.SQL - 
    create table finflow_accounts.beneficiaries (
        currency varchar(3) not null,
        is_deleted boolean not null,
        created_at timestamp(6) not null,
        deleted_at timestamp(6),
        updated_at timestamp(6) not null,
        version bigint not null,
        routing_number varchar(20),
        swift_code varchar(20),
        created_by varchar(36) not null,
        deleted_by varchar(36),
        id CHAR(36) not null,
        modified_by varchar(36) not null,
        owner_id varchar(36) not null,
        account_number varchar(50) not null,
        iban varchar(50),
        nickname varchar(100),
        bank_name varchar(200),
        beneficiary_name varchar(200) not null,
        email varchar(254),
        beneficiary_status enum ('ACTIVE','BLOCKED','INACTIVE') not null,
        primary key (id),
        constraint uk_beneficiary_account unique (owner_id, account_number)
    )
2026-07-29 12:12:32.337 [main] DEBUG [] org.hibernate.SQL - 
    create table finflow_accounts.card_transactions (
        currency varchar(3) not null,
        amount_cents bigint not null,
        created_at timestamp(6) not null,
        updated_at timestamp(6) not null,
        version bigint not null,
        authorization_code varchar(20),
        card_id varchar(36) not null,
        id CHAR(36) not null,
        merchant_category varchar(50),
        merchant_name varchar(200),
        status enum ('AUTHORIZED','CAPTURED','DECLINED','REFUNDED','REVERSED','SETTLED') not null,
        transaction_type enum ('AUTHORIZATION','CAPTURE','CASHBACK','FEE','REFUND','REVERSAL','SETTLEMENT') not null,
        primary key (id)
    )
2026-07-29 12:12:32.341 [main] DEBUG [] org.hibernate.SQL - 
    create table finflow_accounts.cards (
        card_last_four varchar(4) not null,
        currency varchar(3) not null,
        expiry_month integer not null,
        expiry_year integer not null,
        pin_set boolean not null,
        created_at timestamp(6) not null,
        credit_limit_cents bigint,
        daily_limit_cents bigint,
        monthly_limit_cents bigint,
        updated_at timestamp(6) not null,
        version bigint not null,
        account_id varchar(36) not null,
        id CHAR(36) not null,
        owner_id varchar(36) not null,
        cardholder_name varchar(200) not null,
        card_number_hash varchar(255) not null,
        card_status enum ('ACTIVE','BLOCKED','CANCELLED','EXPIRED','FROZEN','PENDING') not null,
        card_type enum ('CREDIT','DEBIT','PREPAID') not null,
        primary key (id)
    )
2026-07-29 12:12:32.350 [main] DEBUG [] org.hibernate.SQL - 
    create table finflow_accounts.holds (
        amount_cents bigint not null,
        created_at timestamp(6) not null,
        expires_at timestamp(6),
        released_at timestamp(6),
        updated_at timestamp(6) not null,
        version bigint not null,
        account_id CHAR(36) not null,
        id CHAR(36) not null,
        released_by varchar(36),
        source_id varchar(36),
        source_type varchar(50),
        reason varchar(500) not null,
        hold_status enum ('ACTIVE','EXPIRED','RELEASED') not null,
        primary key (id)
    )
2026-07-29 12:12:32.358 [main] DEBUG [] org.hibernate.SQL - 
    create table finflow_admin.admin_audit_log (
        created_at timestamp(6) not null,
        updated_at timestamp(6) not null,
        version bigint not null,
        admin_user_id varchar(36) not null,
        created_by varchar(36) not null,
        id CHAR(36) not null,
        modified_by varchar(36) not null,
        target_id varchar(36) not null,
        ip_address varchar(45),
        target_type varchar(50) not null,
        action varchar(100) not null,
        details TEXT,
        primary key (id)
    )
2026-07-29 12:12:32.359 [main] DEBUG [] org.hibernate.SQL - 
    create table finflow_auth.login_history (
        success boolean not null,
        created_at timestamp(6) not null,
        id bigint generated by default as identity,
        user_id CHAR(36),
        ip_address varchar(45),
        identifier varchar(254) not null,
        user_agent varchar(500),
        failure_reason enum ('ACCOUNT_CLOSED','ACCOUNT_LOCKED','ACCOUNT_NOT_VERIFIED','ACCOUNT_SUSPENDED','INVALID_CREDENTIALS'),
        primary key (id)
    )
2026-07-29 12:12:32.362 [main] DEBUG [] org.hibernate.SQL - 
    create table finflow_auth.refresh_tokens (
        is_revoked boolean not null,
        created_at timestamp(6) not null,
        expires_at timestamp(6) not null,
        last_used_at timestamp(6),
        revoked_at timestamp(6),
        updated_at timestamp(6) not null,
        version bigint not null,
        family_id varchar(36) not null,
        id CHAR(36) not null,
        session_id varchar(36) not null unique,
        user_id CHAR(36) not null,
        created_ip varchar(45),
        last_used_ip varchar(45),
        refresh_token_hash varchar(64) not null,
        created_user_agent varchar(500),
        primary key (id)
    )
2026-07-29 12:12:32.367 [main] DEBUG [] org.hibernate.SQL - 
    create table finflow_auth.roles (
        is_active boolean not null,
        is_system_role boolean not null,
        created_at timestamp(6) not null,
        updated_at timestamp(6) not null,
        version bigint not null,
        id CHAR(36) not null,
        name varchar(50) not null unique,
        description varchar(255),
        primary key (id)
    )
2026-07-29 12:12:32.372 [main] DEBUG [] org.hibernate.SQL - 
    create table finflow_auth.user_credentials (
        is_active boolean not null,
        is_deleted boolean not null,
        created_at timestamp(6) not null,
        deleted_at timestamp(6),
        expires_at timestamp(6),
        last_used_at timestamp(6),
        updated_at timestamp(6) not null,
        version bigint not null,
        created_by varchar(36) not null,
        deleted_by varchar(36),
        id CHAR(36) not null,
        modified_by varchar(36) not null,
        user_id CHAR(36) not null,
        hashed_value varchar(255) not null,
        credential_type enum ('BIOMETRIC','PASSKEY','PASSWORD') not null,
        primary key (id)
    )
2026-07-29 12:12:32.379 [main] DEBUG [] org.hibernate.SQL - 
    create table finflow_auth.user_roles (
        created_at timestamp(6) not null,
        granted_at timestamp(6) not null,
        updated_at timestamp(6) not null,
        version bigint not null,
        granted_by varchar(36) not null,
        id CHAR(36) not null,
        role_id CHAR(36) not null,
        user_id CHAR(36) not null,
        primary key (id),
        unique (user_id, role_id)
    )
2026-07-29 12:12:32.383 [main] DEBUG [] org.hibernate.SQL - 
    create table finflow_auth.users (
        email_verified boolean not null,
        failed_login_count integer not null,
        is_deleted boolean not null,
        phone_verified boolean not null,
        created_at timestamp(6) not null,
        deleted_at timestamp(6),
        last_login_at timestamp(6),
        locked_until timestamp(6),
        terms_accepted_at timestamp(6),
        updated_at timestamp(6) not null,
        version bigint not null,
        phone_number varchar(20),
        username varchar(30) not null,
        created_by varchar(36) not null,
        deleted_by varchar(36),
        id CHAR(36) not null,
        modified_by varchar(36) not null,
        email varchar(254) not null,
        status enum ('ACTIVE','CLOSED','PENDING_VERIFICATION','SUSPENDED') not null,
        primary key (id)
    )
2026-07-29 12:12:32.390 [main] DEBUG [] org.hibernate.SQL - 
    create table finflow_notifications.notifications (
        is_read boolean not null,
        created_at timestamp(6) not null,
        read_at timestamp(6),
        updated_at timestamp(6) not null,
        version bigint not null,
        created_by varchar(36) not null,
        id CHAR(36) not null,
        modified_by varchar(36) not null,
        owner_id varchar(36) not null,
        reference_id varchar(36),
        reference_type varchar(50),
        message TEXT not null,
        title varchar(255) not null,
        notification_type enum ('ACCOUNT','PROMOTION','SECURITY','SYSTEM','TRANSACTION') not null,
        primary key (id)
    )
2026-07-29 12:12:32.395 [main] DEBUG [] org.hibernate.SQL - 
    create table finflow_profiles.user_profiles (
        country varchar(2),
        date_of_birth date,
        created_at timestamp(6) not null,
        updated_at timestamp(6) not null,
        version bigint not null,
        postal_code varchar(20),
        created_by varchar(36) not null,
        id CHAR(36) not null,
        modified_by varchar(36) not null,
        user_id varchar(36) not null unique,
        city varchar(100),
        first_name varchar(100),
        last_name varchar(100),
        state varchar(100),
        avatar_url varchar(500),
        address_line1 varchar(255),
        address_line2 varchar(255),
        primary key (id)
    )
2026-07-29 12:12:32.402 [main] DEBUG [] org.hibernate.SQL - 
    create table finflow_savings.savings_goals (
        currency varchar(3) not null,
        deadline date,
        created_at timestamp(6) not null,
        current_amount_cents bigint not null,
        target_amount_cents bigint not null,
        updated_at timestamp(6) not null,
        version bigint not null,
        account_id varchar(36) not null,
        id CHAR(36) not null,
        owner_id varchar(36) not null,
        goal_name varchar(100) not null,
        description varchar(255),
        goal_status enum ('ACTIVE','CANCELLED','COMPLETED','PAUSED') not null,
        primary key (id)
    )
2026-07-29 12:12:32.407 [main] DEBUG [] org.hibernate.SQL - 
    create table finflow_settings.user_settings (
        created_at timestamp(6) not null,
        updated_at timestamp(6) not null,
        version bigint not null,
        id CHAR(36) not null,
        user_id varchar(36) not null,
        setting_key varchar(100) not null,
        setting_value TEXT not null,
        primary key (id)
    )
2026-07-29 12:12:32.412 [main] DEBUG [] org.hibernate.SQL - 
    create table finflow_transactions.transaction_entries (
        currency varchar(3) not null,
        amount_cents bigint not null,
        balance_after_cents bigint not null,
        balance_before_cents bigint not null,
        created_at timestamp(6) not null,
        updated_at timestamp(6) not null,
        version bigint not null,
        account_id varchar(36) not null,
        id CHAR(36) not null,
        transaction_id CHAR(36) not null,
        description varchar(255),
        entry_type enum ('CREDIT','DEBIT') not null,
        primary key (id)
    )
2026-07-29 12:12:32.421 [main] DEBUG [] org.hibernate.SQL - 
    create table finflow_transactions.transactions (
        currency varchar(3) not null,
        amount_cents bigint not null,
        completed_at timestamp(6),
        created_at timestamp(6) not null,
        fee_amount_cents bigint not null,
        updated_at timestamp(6) not null,
        version bigint not null,
        id CHAR(36) not null,
        source_account_id varchar(36),
        target_account_id varchar(36),
        user_id varchar(36) not null,
        reference_number varchar(50) unique,
        idempotency_key varchar(100) unique,
        failed_reason varchar(500),
        description varchar(255),
        metadata_json TEXT,
        transaction_status enum ('CANCELLED','COMPLETED','FAILED','PENDING') not null,
        transaction_type enum ('DEPOSIT','FEE','REVERSAL','TRANSFER','WITHDRAWAL') not null,
        primary key (id)
    )
2026-07-29 12:12:32.430 [main] DEBUG [] org.hibernate.SQL - 
    create table finflow_transfers.scheduled_transfers (
        currency varchar(3) not null,
        execution_count integer not null,
        max_executions integer,
        amount_cents bigint not null,
        created_at timestamp(6) not null,
        end_date timestamp(6),
        last_execution timestamp(6),
        next_execution timestamp(6) not null,
        updated_at timestamp(6) not null,
        version bigint not null,
        id CHAR(36) not null,
        owner_id varchar(36) not null,
        source_account_id varchar(36) not null,
        target_account_id varchar(36),
        target_beneficiary_id varchar(36),
        template_id varchar(36),
        description varchar(255),
        frequency enum ('BIWEEKLY','DAILY','MONTHLY','QUARTERLY','WEEKLY','YEARLY'),
        schedule_status enum ('ACTIVE','CANCELLED','COMPLETED','FAILED','PAUSED') not null,
        schedule_type enum ('ONE_TIME','RECURRING') not null,
        primary key (id)
    )
2026-07-29 12:12:32.435 [main] DEBUG [] org.hibernate.SQL - 
    create table finflow_transfers.transfer_templates (
        currency varchar(3) not null,
        amount_cents bigint not null,
        created_at timestamp(6) not null,
        updated_at timestamp(6) not null,
        version bigint not null,
        id CHAR(36) not null,
        owner_id varchar(36) not null,
        source_account_id varchar(36) not null,
        target_account_id varchar(36),
        target_beneficiary_id varchar(36),
        template_name varchar(100) not null,
        description varchar(255),
        template_status enum ('ACTIVE','CANCELLED','COMPLETED','FAILED','PAUSED') not null,
        primary key (id)
    )
2026-07-29 12:12:32.440 [main] DEBUG [] org.hibernate.SQL - 
    alter table if exists finflow_accounts.account_holders 
       add constraint fk_ah_account 
       foreign key (account_id) 
       references finflow_accounts.accounts
2026-07-29 12:12:32.488 [main] DEBUG [] org.hibernate.SQL - 
    alter table if exists finflow_accounts.account_status_history 
       add constraint fk_ash_account 
       foreign key (account_id) 
       references finflow_accounts.accounts
2026-07-29 12:12:32.491 [main] DEBUG [] org.hibernate.SQL - 
    alter table if exists finflow_accounts.holds 
       add constraint fk_holds_account 
       foreign key (account_id) 
       references finflow_accounts.accounts
2026-07-29 12:12:32.496 [main] DEBUG [] org.hibernate.SQL - 
    alter table if exists finflow_auth.login_history 
       add constraint fk_lh_user 
       foreign key (user_id) 
       references finflow_auth.users
2026-07-29 12:12:32.499 [main] DEBUG [] org.hibernate.SQL - 
    alter table if exists finflow_auth.refresh_tokens 
       add constraint fk_rt_user 
       foreign key (user_id) 
       references finflow_auth.users
2026-07-29 12:12:32.505 [main] DEBUG [] org.hibernate.SQL - 
    alter table if exists finflow_auth.user_credentials 
       add constraint fk_uc_user 
       foreign key (user_id) 
       references finflow_auth.users
2026-07-29 12:12:32.508 [main] DEBUG [] org.hibernate.SQL - 
    alter table if exists finflow_auth.user_roles 
       add constraint fk_ur_role 
       foreign key (role_id) 
       references finflow_auth.roles
2026-07-29 12:12:32.512 [main] DEBUG [] org.hibernate.SQL - 
    alter table if exists finflow_auth.user_roles 
       add constraint fk_ur_user 
       foreign key (user_id) 
       references finflow_auth.users
2026-07-29 12:12:32.516 [main] DEBUG [] org.hibernate.SQL - 
    alter table if exists finflow_transactions.transaction_entries 
       add constraint fk_txn_entry_transaction 
       foreign key (transaction_id) 
       references finflow_transactions.transactions
2026-07-29 12:12:32.531 [main] INFO  [] o.s.o.j.LocalContainerEntityManagerFactoryBean - Initialized JPA EntityManagerFactory for persistence unit 'default'
2026-07-29 12:12:33.500 [main] INFO  [] o.s.d.j.r.query.QueryEnhancerFactory - Hibernate is in classpath; If applicable, HQL parser will be used.
2026-07-29 12:12:38.483 [main] INFO  [] c.f.m.a.r.AuthRepositoryIntegrationTest - Started AuthRepositoryIntegrationTest in 18.524 seconds (process running for 32.743)
2026-07-29 12:12:39.212 [main] DEBUG [] org.hibernate.SQL - 
    insert 
    into
        finflow_auth.roles
        (created_at, description, is_active, is_system_role, name, updated_at, version, id) 
    values
        (?, ?, ?, ?, ?, ?, ?, ?)
2026-07-29 12:12:39.256 [main] DEBUG [] org.hibernate.SQL - 
    insert 
    into
        finflow_auth.users
        (created_at, created_by, deleted_at, deleted_by, email, email_verified, failed_login_count, is_deleted, last_login_at, locked_until, modified_by, phone_number, phone_verified, status, terms_accepted_at, updated_at, username, version, id) 
    values
        (?, ?, ?, ?, ?, ?, ?, ?, ?, ?, ?, ?, ?, ?, ?, ?, ?, ?, ?)
2026-07-29 12:12:39.267 [main] DEBUG [] org.hibernate.SQL - 
    insert 
    into
        finflow_auth.user_roles
        (created_at, granted_at, granted_by, role_id, updated_at, user_id, version, id) 
    values
        (?, ?, ?, ?, ?, ?, ?, ?)
2026-07-29 12:12:39.313 [main] DEBUG [] org.hibernate.SQL - 
    select
        ur1_0.id,
        ur1_0.created_at,
        ur1_0.granted_at,
        ur1_0.granted_by,
        ur1_0.role_id,
        r1_0.id,
        r1_0.created_at,
        r1_0.description,
        r1_0.is_active,
        r1_0.is_system_role,
        r1_0.name,
        r1_0.updated_at,
        r1_0.version,
        ur1_0.updated_at,
        ur1_0.user_id,
        ur1_0.version 
    from
        finflow_auth.user_roles ur1_0 
    join
        finflow_auth.roles r1_0 
            on r1_0.id=ur1_0.role_id 
    where
        ur1_0.user_id=? 
        and r1_0.is_active=true
2026-07-29 12:12:39.478 [main] DEBUG [] org.hibernate.SQL - 
    insert 
    into
        finflow_auth.roles
        (created_at, description, is_active, is_system_role, name, updated_at, version, id) 
    values
        (?, ?, ?, ?, ?, ?, ?, ?)
2026-07-29 12:12:39.483 [main] DEBUG [] org.hibernate.SQL - 
    insert 
    into
        finflow_auth.users
        (created_at, created_by, deleted_at, deleted_by, email, email_verified, failed_login_count, is_deleted, last_login_at, locked_until, modified_by, phone_number, phone_verified, status, terms_accepted_at, updated_at, username, version, id) 
    values
        (?, ?, ?, ?, ?, ?, ?, ?, ?, ?, ?, ?, ?, ?, ?, ?, ?, ?, ?)
2026-07-29 12:12:39.484 [main] DEBUG [] org.hibernate.SQL - 
    insert 
    into
        finflow_auth.user_roles
        (created_at, granted_at, granted_by, role_id, updated_at, user_id, version, id) 
    values
        (?, ?, ?, ?, ?, ?, ?, ?)
2026-07-29 12:12:39.488 [main] DEBUG [] org.hibernate.SQL - 
    select
        ur1_0.id 
    from
        finflow_auth.user_roles ur1_0 
    join
        finflow_auth.roles r1_0 
            on r1_0.id=ur1_0.role_id 
    where
        ur1_0.user_id=? 
        and r1_0.name=? 
        and r1_0.is_active 
    fetch
        first ? rows only
2026-07-29 12:12:39.494 [main] DEBUG [] org.hibernate.SQL - 
    select
        ur1_0.id 
    from
        finflow_auth.user_roles ur1_0 
    join
        finflow_auth.roles r1_0 
            on r1_0.id=ur1_0.role_id 
    where
        ur1_0.user_id=? 
        and r1_0.name=? 
        and r1_0.is_active 
    fetch
        first ? rows only
2026-07-29 12:12:39.513 [main] INFO  [] o.s.t.c.s.AnnotationConfigContextLoaderUtils - Could not detect default configuration classes for test class [com.finflow.modules.auth.repository.AuthRepositoryIntegrationTest$RoleRepositoryTests]: RoleRepositoryTests does not declare any static, non-private, non-final, nested classes annotated with @Configuration.
2026-07-29 12:12:39.543 [main] INFO  [] o.s.b.t.c.SpringBootTestContextBootstrapper - Found @SpringBootConfiguration com.finflow.FinFlowApplication for test class com.finflow.modules.auth.repository.AuthRepositoryIntegrationTest$RoleRepositoryTests
2026-07-29 12:12:39.563 [main] DEBUG [] org.hibernate.SQL - 
    insert 
    into
        finflow_auth.roles
        (created_at, description, is_active, is_system_role, name, updated_at, version, id) 
    values
        (?, ?, ?, ?, ?, ?, ?, ?)
2026-07-29 12:12:39.565 [main] DEBUG [] org.hibernate.SQL - 
    insert 
    into
        finflow_auth.users
        (created_at, created_by, deleted_at, deleted_by, email, email_verified, failed_login_count, is_deleted, last_login_at, locked_until, modified_by, phone_number, phone_verified, status, terms_accepted_at, updated_at, username, version, id) 
    values
        (?, ?, ?, ?, ?, ?, ?, ?, ?, ?, ?, ?, ?, ?, ?, ?, ?, ?, ?)
2026-07-29 12:12:39.569 [main] DEBUG [] org.hibernate.SQL - 
    select
        r1_0.id,
        r1_0.created_at,
        r1_0.description,
        r1_0.is_active,
        r1_0.is_system_role,
        r1_0.name,
        r1_0.updated_at,
        r1_0.version 
    from
        finflow_auth.roles r1_0 
    where
        r1_0.name=? 
        and r1_0.is_active
2026-07-29 12:12:39.591 [main] DEBUG [] org.hibernate.SQL - 
    insert 
    into
        finflow_auth.roles
        (created_at, description, is_active, is_system_role, name, updated_at, version, id) 
    values
        (?, ?, ?, ?, ?, ?, ?, ?)
2026-07-29 12:12:39.601 [main] DEBUG [] org.hibernate.SQL - 
    insert 
    into
        finflow_auth.users
        (created_at, created_by, deleted_at, deleted_by, email, email_verified, failed_login_count, is_deleted, last_login_at, locked_until, modified_by, phone_number, phone_verified, status, terms_accepted_at, updated_at, username, version, id) 
    values
        (?, ?, ?, ?, ?, ?, ?, ?, ?, ?, ?, ?, ?, ?, ?, ?, ?, ?, ?)
2026-07-29 12:12:39.601 [main] DEBUG [] org.hibernate.SQL - 
    select
        r1_0.id 
    from
        finflow_auth.roles r1_0 
    where
        r1_0.name=? 
        and r1_0.is_active 
    fetch
        first ? rows only
2026-07-29 12:12:39.608 [main] DEBUG [] org.hibernate.SQL - 
    select
        r1_0.id 
    from
        finflow_auth.roles r1_0 
    where
        r1_0.name=? 
        and r1_0.is_active 
    fetch
        first ? rows only
2026-07-29 12:12:39.620 [main] INFO  [] o.s.t.c.s.AnnotationConfigContextLoaderUtils - Could not detect default configuration classes for test class [com.finflow.modules.auth.repository.AuthRepositoryIntegrationTest$UserCredentialRepositoryTests]: UserCredentialRepositoryTests does not declare any static, non-private, non-final, nested classes annotated with @Configuration.
2026-07-29 12:12:39.649 [main] INFO  [] o.s.b.t.c.SpringBootTestContextBootstrapper - Found @SpringBootConfiguration com.finflow.FinFlowApplication for test class com.finflow.modules.auth.repository.AuthRepositoryIntegrationTest$UserCredentialRepositoryTests
2026-07-29 12:12:39.669 [main] DEBUG [] org.hibernate.SQL - 
    insert 
    into
        finflow_auth.roles
        (created_at, description, is_active, is_system_role, name, updated_at, version, id) 
    values
        (?, ?, ?, ?, ?, ?, ?, ?)
2026-07-29 12:12:39.673 [main] DEBUG [] org.hibernate.SQL - 
    insert 
    into
        finflow_auth.users
        (created_at, created_by, deleted_at, deleted_by, email, email_verified, failed_login_count, is_deleted, last_login_at, locked_until, modified_by, phone_number, phone_verified, status, terms_accepted_at, updated_at, username, version, id) 
    values
        (?, ?, ?, ?, ?, ?, ?, ?, ?, ?, ?, ?, ?, ?, ?, ?, ?, ?, ?)
2026-07-29 12:12:39.675 [main] DEBUG [] org.hibernate.SQL - 
    insert 
    into
        finflow_auth.user_credentials
        (created_at, created_by, credential_type, deleted_at, deleted_by, expires_at, hashed_value, is_active, is_deleted, last_used_at, modified_by, updated_at, user_id, version, id) 
    values
        (?, ?, ?, ?, ?, ?, ?, ?, ?, ?, ?, ?, ?, ?, ?)
2026-07-29 12:12:39.677 [main] DEBUG [] org.hibernate.SQL - 
    select
        uc1_0.id 
    from
        finflow_auth.user_credentials uc1_0 
    where
        uc1_0.user_id=? 
        and uc1_0.credential_type=? 
        and uc1_0.is_active 
        and not(uc1_0.is_deleted) 
    fetch
        first ? rows only
2026-07-29 12:12:39.686 [main] DEBUG [] org.hibernate.SQL - 
    select
        uc1_0.id 
    from
        finflow_auth.user_credentials uc1_0 
    where
        uc1_0.user_id=? 
        and uc1_0.credential_type=? 
        and uc1_0.is_active 
        and not(uc1_0.is_deleted) 
    fetch
        first ? rows only
2026-07-29 12:12:39.707 [main] DEBUG [] org.hibernate.SQL - 
    insert 
    into
        finflow_auth.roles
        (created_at, description, is_active, is_system_role, name, updated_at, version, id) 
    values
        (?, ?, ?, ?, ?, ?, ?, ?)
2026-07-29 12:12:39.713 [main] DEBUG [] org.hibernate.SQL - 
    insert 
    into
        finflow_auth.users
        (created_at, created_by, deleted_at, deleted_by, email, email_verified, failed_login_count, is_deleted, last_login_at, locked_until, modified_by, phone_number, phone_verified, status, terms_accepted_at, updated_at, username, version, id) 
    values
        (?, ?, ?, ?, ?, ?, ?, ?, ?, ?, ?, ?, ?, ?, ?, ?, ?, ?, ?)
2026-07-29 12:12:39.715 [main] DEBUG [] org.hibernate.SQL - 
    insert 
    into
        finflow_auth.user_credentials
        (created_at, created_by, credential_type, deleted_at, deleted_by, expires_at, hashed_value, is_active, is_deleted, last_used_at, modified_by, updated_at, user_id, version, id) 
    values
        (?, ?, ?, ?, ?, ?, ?, ?, ?, ?, ?, ?, ?, ?, ?)
2026-07-29 12:12:39.716 [main] DEBUG [] org.hibernate.SQL - 
    select
        uc1_0.id,
        uc1_0.created_at,
        uc1_0.created_by,
        uc1_0.credential_type,
        uc1_0.deleted_at,
        uc1_0.deleted_by,
        uc1_0.expires_at,
        uc1_0.hashed_value,
        uc1_0.is_active,
        uc1_0.is_deleted,
        uc1_0.last_used_at,
        uc1_0.modified_by,
        uc1_0.updated_at,
        uc1_0.user_id,
        uc1_0.version 
    from
        finflow_auth.user_credentials uc1_0 
    where
        uc1_0.user_id=? 
        and uc1_0.credential_type=? 
        and uc1_0.is_active 
        and not(uc1_0.is_deleted)
2026-07-29 12:12:39.728 [main] INFO  [] o.s.t.c.s.AnnotationConfigContextLoaderUtils - Could not detect default configuration classes for test class [com.finflow.modules.auth.repository.AuthRepositoryIntegrationTest$UserRepositoryTests]: UserRepositoryTests does not declare any static, non-private, non-final, nested classes annotated with @Configuration.
2026-07-29 12:12:39.755 [main] INFO  [] o.s.b.t.c.SpringBootTestContextBootstrapper - Found @SpringBootConfiguration com.finflow.FinFlowApplication for test class com.finflow.modules.auth.repository.AuthRepositoryIntegrationTest$UserRepositoryTests
2026-07-29 12:12:39.774 [main] DEBUG [] org.hibernate.SQL - 
    insert 
    into
        finflow_auth.roles
        (created_at, description, is_active, is_system_role, name, updated_at, version, id) 
    values
        (?, ?, ?, ?, ?, ?, ?, ?)
2026-07-29 12:12:39.778 [main] DEBUG [] org.hibernate.SQL - 
    insert 
    into
        finflow_auth.users
        (created_at, created_by, deleted_at, deleted_by, email, email_verified, failed_login_count, is_deleted, last_login_at, locked_until, modified_by, phone_number, phone_verified, status, terms_accepted_at, updated_at, username, version, id) 
    values
        (?, ?, ?, ?, ?, ?, ?, ?, ?, ?, ?, ?, ?, ?, ?, ?, ?, ?, ?)
2026-07-29 12:12:39.780 [main] DEBUG [] org.hibernate.SQL - 
    select
        u1_0.id 
    from
        finflow_auth.users u1_0 
    where
        u1_0.phone_number=? 
        and not(u1_0.is_deleted) 
    fetch
        first ? rows only
2026-07-29 12:12:39.786 [main] DEBUG [] org.hibernate.SQL - 
    select
        u1_0.id 
    from
        finflow_auth.users u1_0 
    where
        u1_0.phone_number=? 
        and not(u1_0.is_deleted) 
    fetch
        first ? rows only
2026-07-29 12:12:39.817 [main] DEBUG [] org.hibernate.SQL - 
    insert 
    into
        finflow_auth.roles
        (created_at, description, is_active, is_system_role, name, updated_at, version, id) 
    values
        (?, ?, ?, ?, ?, ?, ?, ?)
2026-07-29 12:12:39.823 [main] DEBUG [] org.hibernate.SQL - 
    insert 
    into
        finflow_auth.users
        (created_at, created_by, deleted_at, deleted_by, email, email_verified, failed_login_count, is_deleted, last_login_at, locked_until, modified_by, phone_number, phone_verified, status, terms_accepted_at, updated_at, username, version, id) 
    values
        (?, ?, ?, ?, ?, ?, ?, ?, ?, ?, ?, ?, ?, ?, ?, ?, ?, ?, ?)
2026-07-29 12:12:39.831 [main] DEBUG [] org.hibernate.SQL - 
    update
        finflow_auth.users 
    set
        deleted_at=?,
        deleted_by=?,
        email=?,
        email_verified=?,
        failed_login_count=?,
        is_deleted=?,
        last_login_at=?,
        locked_until=?,
        modified_by=?,
        phone_number=?,
        phone_verified=?,
        status=?,
        terms_accepted_at=?,
        updated_at=?,
        username=?,
        version=? 
    where
        id=? 
        and version=?
2026-07-29 12:12:39.837 [main] DEBUG [] org.hibernate.SQL - 
    select
        u1_0.id,
        u1_0.created_at,
        u1_0.created_by,
        u1_0.deleted_at,
        u1_0.deleted_by,
        u1_0.email,
        u1_0.email_verified,
        u1_0.failed_login_count,
        u1_0.is_deleted,
        u1_0.last_login_at,
        u1_0.locked_until,
        u1_0.modified_by,
        u1_0.phone_number,
        u1_0.phone_verified,
        u1_0.status,
        u1_0.terms_accepted_at,
        u1_0.updated_at,
        u1_0.username,
        u1_0.version 
    from
        finflow_auth.users u1_0 
    where
        upper(u1_0.email)=upper(?) 
        and not(u1_0.is_deleted)
2026-07-29 12:12:39.878 [main] DEBUG [] org.hibernate.SQL - 
    insert 
    into
        finflow_auth.roles
        (created_at, description, is_active, is_system_role, name, updated_at, version, id) 
    values
        (?, ?, ?, ?, ?, ?, ?, ?)
2026-07-29 12:12:39.884 [main] DEBUG [] org.hibernate.SQL - 
    insert 
    into
        finflow_auth.users
        (created_at, created_by, deleted_at, deleted_by, email, email_verified, failed_login_count, is_deleted, last_login_at, locked_until, modified_by, phone_number, phone_verified, status, terms_accepted_at, updated_at, username, version, id) 
    values
        (?, ?, ?, ?, ?, ?, ?, ?, ?, ?, ?, ?, ?, ?, ?, ?, ?, ?, ?)
2026-07-29 12:12:39.886 [main] DEBUG [] org.hibernate.SQL - 
    select
        count(u1_0.id) 
    from
        finflow_auth.users u1_0 
    where
        u1_0.status=? 
        and not(u1_0.is_deleted)
2026-07-29 12:12:39.919 [main] DEBUG [] org.hibernate.SQL - 
    insert 
    into
        finflow_auth.roles
        (created_at, description, is_active, is_system_role, name, updated_at, version, id) 
    values
        (?, ?, ?, ?, ?, ?, ?, ?)
2026-07-29 12:12:39.921 [main] DEBUG [] org.hibernate.SQL - 
    insert 
    into
        finflow_auth.users
        (created_at, created_by, deleted_at, deleted_by, email, email_verified, failed_login_count, is_deleted, last_login_at, locked_until, modified_by, phone_number, phone_verified, status, terms_accepted_at, updated_at, username, version, id) 
    values
        (?, ?, ?, ?, ?, ?, ?, ?, ?, ?, ?, ?, ?, ?, ?, ?, ?, ?, ?)
2026-07-29 12:12:39.923 [main] DEBUG [] org.hibernate.SQL - 
    select
        u1_0.id 
    from
        finflow_auth.users u1_0 
    where
        upper(u1_0.username)=upper(?) 
        and not(u1_0.is_deleted) 
    fetch
        first ? rows only
2026-07-29 12:12:39.928 [main] DEBUG [] org.hibernate.SQL - 
    select
        u1_0.id 
    from
        finflow_auth.users u1_0 
    where
        upper(u1_0.username)=upper(?) 
        and not(u1_0.is_deleted) 
    fetch
        first ? rows only
2026-07-29 12:12:39.946 [main] DEBUG [] org.hibernate.SQL - 
    insert 
    into
        finflow_auth.roles
        (created_at, description, is_active, is_system_role, name, updated_at, version, id) 
    values
        (?, ?, ?, ?, ?, ?, ?, ?)
2026-07-29 12:12:39.950 [main] DEBUG [] org.hibernate.SQL - 
    insert 
    into
        finflow_auth.users
        (created_at, created_by, deleted_at, deleted_by, email, email_verified, failed_login_count, is_deleted, last_login_at, locked_until, modified_by, phone_number, phone_verified, status, terms_accepted_at, updated_at, username, version, id) 
    values
        (?, ?, ?, ?, ?, ?, ?, ?, ?, ?, ?, ?, ?, ?, ?, ?, ?, ?, ?)
2026-07-29 12:12:39.952 [main] DEBUG [] org.hibernate.SQL - 
    select
        u1_0.id 
    from
        finflow_auth.users u1_0 
    where
        upper(u1_0.email)=upper(?) 
        and not(u1_0.is_deleted) 
    fetch
        first ? rows only
2026-07-29 12:12:39.959 [main] DEBUG [] org.hibernate.SQL - 
    select
        u1_0.id 
    from
        finflow_auth.users u1_0 
    where
        upper(u1_0.email)=upper(?) 
        and not(u1_0.is_deleted) 
    fetch
        first ? rows only
2026-07-29 12:12:39.985 [main] DEBUG [] org.hibernate.SQL - 
    insert 
    into
        finflow_auth.roles
        (created_at, description, is_active, is_system_role, name, updated_at, version, id) 
    values
        (?, ?, ?, ?, ?, ?, ?, ?)
2026-07-29 12:12:39.991 [main] DEBUG [] org.hibernate.SQL - 
    insert 
    into
        finflow_auth.users
        (created_at, created_by, deleted_at, deleted_by, email, email_verified, failed_login_count, is_deleted, last_login_at, locked_until, modified_by, phone_number, phone_verified, status, terms_accepted_at, updated_at, username, version, id) 
    values
        (?, ?, ?, ?, ?, ?, ?, ?, ?, ?, ?, ?, ?, ?, ?, ?, ?, ?, ?)
2026-07-29 12:12:39.991 [main] DEBUG [] org.hibernate.SQL - 
    select
        u1_0.id,
        u1_0.created_at,
        u1_0.created_by,
        u1_0.deleted_at,
        u1_0.deleted_by,
        u1_0.email,
        u1_0.email_verified,
        u1_0.failed_login_count,
        u1_0.is_deleted,
        u1_0.last_login_at,
        u1_0.locked_until,
        u1_0.modified_by,
        u1_0.phone_number,
        u1_0.phone_verified,
        u1_0.status,
        u1_0.terms_accepted_at,
        u1_0.updated_at,
        u1_0.username,
        u1_0.version 
    from
        finflow_auth.users u1_0 
    where
        upper(u1_0.email)=upper(?) 
        and not(u1_0.is_deleted)
2026-07-29 12:12:40.018 [main] DEBUG [] org.hibernate.SQL - 
    insert 
    into
        finflow_auth.roles
        (created_at, description, is_active, is_system_role, name, updated_at, version, id) 
    values
        (?, ?, ?, ?, ?, ?, ?, ?)
2026-07-29 12:12:40.018 [main] DEBUG [] org.hibernate.SQL - 
    insert 
    into
        finflow_auth.users
        (created_at, created_by, deleted_at, deleted_by, email, email_verified, failed_login_count, is_deleted, last_login_at, locked_until, modified_by, phone_number, phone_verified, status, terms_accepted_at, updated_at, username, version, id) 
    values
        (?, ?, ?, ?, ?, ?, ?, ?, ?, ?, ?, ?, ?, ?, ?, ?, ?, ?, ?)
2026-07-29 12:12:40.018 [main] DEBUG [] org.hibernate.SQL - 
    select
        u1_0.id,
        u1_0.created_at,
        u1_0.created_by,
        u1_0.deleted_at,
        u1_0.deleted_by,
        u1_0.email,
        u1_0.email_verified,
        u1_0.failed_login_count,
        u1_0.is_deleted,
        u1_0.last_login_at,
        u1_0.locked_until,
        u1_0.modified_by,
        u1_0.phone_number,
        u1_0.phone_verified,
        u1_0.status,
        u1_0.terms_accepted_at,
        u1_0.updated_at,
        u1_0.username,
        u1_0.version 
    from
        finflow_auth.users u1_0 
    where
        upper(u1_0.email)=upper(?) 
        and not(u1_0.is_deleted)
2026-07-29 12:12:40.038 [main] INFO  [] o.s.t.c.s.AnnotationConfigContextLoaderUtils - Could not detect default configuration classes for test class [com.finflow.modules.auth.repository.RefreshTokenRepositoryIntegrationTest]: RefreshTokenRepositoryIntegrationTest does not declare any static, non-private, non-final, nested classes annotated with @Configuration.
2026-07-29 12:12:40.073 [main] INFO  [] o.s.b.t.c.SpringBootTestContextBootstrapper - Found @SpringBootConfiguration com.finflow.FinFlowApplication for test class com.finflow.modules.auth.repository.RefreshTokenRepositoryIntegrationTest
2026-07-29 12:12:40.077 [main] INFO  [] o.s.t.c.s.AnnotationConfigContextLoaderUtils - Could not detect default configuration classes for test class [com.finflow.modules.auth.repository.RefreshTokenRepositoryIntegrationTest$CountActiveByUserId]: CountActiveByUserId does not declare any static, non-private, non-final, nested classes annotated with @Configuration.
2026-07-29 12:12:40.099 [main] INFO  [] o.s.b.t.c.SpringBootTestContextBootstrapper - Found @SpringBootConfiguration com.finflow.FinFlowApplication for test class com.finflow.modules.auth.repository.RefreshTokenRepositoryIntegrationTest$CountActiveByUserId
2026-07-29 12:12:40.197 [main] INFO  [] c.f.m.a.r.RefreshTokenRepositoryIntegrationTest - Starting RefreshTokenRepositoryIntegrationTest using Java 21.0.11 with PID 7936 (started by Lenovo in C:\Users\Lenovo\OneDrive\Desktop\FinFlow\backend)
2026-07-29 12:12:40.197 [main] DEBUG [] c.f.m.a.r.RefreshTokenRepositoryIntegrationTest - Running with Spring Boot v3.4.1, Spring v6.2.1
2026-07-29 12:12:40.197 [main] INFO  [] c.f.m.a.r.RefreshTokenRepositoryIntegrationTest - The following 1 profile is active: "test"
2026-07-29 12:12:40.592 [main] INFO  [] o.s.d.r.c.RepositoryConfigurationDelegate - Multiple Spring Data modules found, entering strict repository configuration mode
2026-07-29 12:12:40.592 [main] INFO  [] o.s.d.r.c.RepositoryConfigurationDelegate - Bootstrapping Spring Data JPA repositories in DEFAULT mode.
2026-07-29 12:12:40.847 [main] INFO  [] o.s.d.r.c.RepositoryConfigurationDelegate - Finished Spring Data repository scanning in 252 ms. Found 22 JPA repository interfaces.
2026-07-29 12:12:40.885 [main] INFO  [] o.s.b.t.a.j.TestDatabaseAutoConfiguration$EmbeddedDataSourceBeanFactoryPostProcessor - Replacing 'dataSource' DataSource bean with embedded version
2026-07-29 12:12:40.929 [main] INFO  [] o.s.j.d.e.EmbeddedDatabaseFactory - Starting embedded database: url='jdbc:h2:mem:e36fca12-ba33-4d9a-a94f-ebad312606ae;DB_CLOSE_DELAY=-1;DB_CLOSE_ON_EXIT=false', username='sa'
2026-07-29 12:12:41.073 [main] INFO  [] o.h.jpa.internal.util.LogHelper - HHH000204: Processing PersistenceUnitInfo [name: default]
2026-07-29 12:12:41.079 [main] INFO  [] o.h.c.i.RegionFactoryInitiator - HHH000026: Second-level cache disabled
2026-07-29 12:12:41.125 [main] INFO  [] o.s.o.j.p.SpringPersistenceUnitInfo - No LoadTimeWeaver setup: ignoring JPA class transformer
2026-07-29 12:12:41.128 [main] WARN  [] org.hibernate.orm.deprecation - HHH90000025: H2Dialect does not need to be specified explicitly using 'hibernate.dialect' (remove the property setting and it will be selected by default)
2026-07-29 12:12:41.128 [main] INFO  [] o.hibernate.orm.connections.pooling - HHH10001005: Database info:
	Database JDBC URL [Connecting through datasource 'org.springframework.jdbc.datasource.embedded.EmbeddedDatabaseFactory$EmbeddedDataSourceProxy@66ed8a54']
	Database driver: undefined/unknown
	Database version: 2.3.232
	Autocommit mode: undefined/unknown
	Isolation level: undefined/unknown
	Minimum pool size: undefined/unknown
	Maximum pool size: undefined/unknown
2026-07-29 12:12:41.971 [main] INFO  [] o.h.e.t.j.p.i.JtaPlatformInitiator - HHH000489: No JTA platform available (set 'hibernate.transaction.jta.platform' to enable JTA platform integration)
2026-07-29 12:12:41.971 [main] DEBUG [] org.hibernate.SQL - 
    drop table if exists finflow_accounts.account_holders cascade 
2026-07-29 12:12:41.973 [main] DEBUG [] org.hibernate.SQL - 
    drop table if exists finflow_accounts.account_status_history cascade 
2026-07-29 12:12:41.973 [main] DEBUG [] org.hibernate.SQL - 
    drop table if exists finflow_accounts.accounts cascade 
2026-07-29 12:12:41.973 [main] DEBUG [] org.hibernate.SQL - 
    drop table if exists finflow_accounts.beneficiaries cascade 
2026-07-29 12:12:41.973 [main] DEBUG [] org.hibernate.SQL - 
    drop table if exists finflow_accounts.card_transactions cascade 
2026-07-29 12:12:41.973 [main] DEBUG [] org.hibernate.SQL - 
    drop table if exists finflow_accounts.cards cascade 
2026-07-29 12:12:41.973 [main] DEBUG [] org.hibernate.SQL - 
    drop table if exists finflow_accounts.holds cascade 
2026-07-29 12:12:41.973 [main] DEBUG [] org.hibernate.SQL - 
    drop table if exists finflow_admin.admin_audit_log cascade 
2026-07-29 12:12:41.973 [main] DEBUG [] org.hibernate.SQL - 
    drop table if exists finflow_auth.login_history cascade 
2026-07-29 12:12:41.973 [main] DEBUG [] org.hibernate.SQL - 
    drop table if exists finflow_auth.refresh_tokens cascade 
2026-07-29 12:12:41.976 [main] DEBUG [] org.hibernate.SQL - 
    drop table if exists finflow_auth.roles cascade 
2026-07-29 12:12:41.976 [main] DEBUG [] org.hibernate.SQL - 
    drop table if exists finflow_auth.user_credentials cascade 
2026-07-29 12:12:41.976 [main] DEBUG [] org.hibernate.SQL - 
    drop table if exists finflow_auth.user_roles cascade 
2026-07-29 12:12:41.976 [main] DEBUG [] org.hibernate.SQL - 
    drop table if exists finflow_auth.users cascade 
2026-07-29 12:12:41.976 [main] DEBUG [] org.hibernate.SQL - 
    drop table if exists finflow_notifications.notifications cascade 
2026-07-29 12:12:41.976 [main] DEBUG [] org.hibernate.SQL - 
    drop table if exists finflow_profiles.user_profiles cascade 
2026-07-29 12:12:41.978 [main] DEBUG [] org.hibernate.SQL - 
    drop table if exists finflow_savings.savings_goals cascade 
2026-07-29 12:12:41.978 [main] DEBUG [] org.hibernate.SQL - 
    drop table if exists finflow_settings.user_settings cascade 
2026-07-29 12:12:41.978 [main] DEBUG [] org.hibernate.SQL - 
    drop table if exists finflow_transactions.transaction_entries cascade 
2026-07-29 12:12:41.978 [main] DEBUG [] org.hibernate.SQL - 
    drop table if exists finflow_transactions.transactions cascade 
2026-07-29 12:12:41.978 [main] DEBUG [] org.hibernate.SQL - 
    drop table if exists finflow_transfers.scheduled_transfers cascade 
2026-07-29 12:12:41.978 [main] DEBUG [] org.hibernate.SQL - 
    drop table if exists finflow_transfers.transfer_templates cascade 
2026-07-29 12:12:41.980 [main] DEBUG [] org.hibernate.SQL - 
    create table finflow_accounts.account_holders (
        created_at timestamp(6) not null,
        updated_at timestamp(6) not null,
        version bigint not null,
        account_id CHAR(36) not null,
        id CHAR(36) not null,
        user_id varchar(36) not null,
        ownership_type enum ('AUTHORIZED','JOINT','PRIMARY') not null,
        primary key (id),
        unique (account_id, user_id)
    )
2026-07-29 12:12:41.984 [main] DEBUG [] org.hibernate.SQL - 
    create table finflow_accounts.account_status_history (
        changed_at timestamp(6) not null,
        id bigint generated by default as identity,
        new_status varchar(25) not null,
        previous_status varchar(25),
        account_id CHAR(36) not null,
        changed_by varchar(36) not null,
        reason varchar(500),
        primary key (id)
    )
2026-07-29 12:12:41.986 [main] DEBUG [] org.hibernate.SQL - 
    create table finflow_accounts.accounts (
        currency varchar(3) not null,
        is_deleted boolean not null,
        available_balance_cents bigint not null,
        created_at timestamp(6) not null,
        deleted_at timestamp(6),
        ledger_balance_cents bigint not null,
        updated_at timestamp(6) not null,
        version bigint not null,
        account_number varchar(20) not null unique,
        created_by varchar(36) not null,
        deleted_by varchar(36),
        id CHAR(36) not null,
        modified_by varchar(36) not null,
        owner_id varchar(36) not null,
        nickname varchar(100),
        account_status enum ('ACTIVE','CLOSED','PENDING','RESTRICTED','SUSPENDED') not null,
        account_type enum ('CHECKING','CREDIT','INVESTMENT','SAVINGS') not null,
        primary key (id)
    )
2026-07-29 12:12:41.988 [main] DEBUG [] org.hibernate.SQL - 
    create table finflow_accounts.beneficiaries (
        currency varchar(3) not null,
        is_deleted boolean not null,
        created_at timestamp(6) not null,
        deleted_at timestamp(6),
        updated_at timestamp(6) not null,
        version bigint not null,
        routing_number varchar(20),
        swift_code varchar(20),
        created_by varchar(36) not null,
        deleted_by varchar(36),
        id CHAR(36) not null,
        modified_by varchar(36) not null,
        owner_id varchar(36) not null,
        account_number varchar(50) not null,
        iban varchar(50),
        nickname varchar(100),
        bank_name varchar(200),
        beneficiary_name varchar(200) not null,
        email varchar(254),
        beneficiary_status enum ('ACTIVE','BLOCKED','INACTIVE') not null,
        primary key (id),
        constraint uk_beneficiary_account unique (owner_id, account_number)
    )
2026-07-29 12:12:41.991 [main] DEBUG [] org.hibernate.SQL - 
    create table finflow_accounts.card_transactions (
        currency varchar(3) not null,
        amount_cents bigint not null,
        created_at timestamp(6) not null,
        updated_at timestamp(6) not null,
        version bigint not null,
        authorization_code varchar(20),
        card_id varchar(36) not null,
        id CHAR(36) not null,
        merchant_category varchar(50),
        merchant_name varchar(200),
        status enum ('AUTHORIZED','CAPTURED','DECLINED','REFUNDED','REVERSED','SETTLED') not null,
        transaction_type enum ('AUTHORIZATION','CAPTURE','CASHBACK','FEE','REFUND','REVERSAL','SETTLEMENT') not null,
        primary key (id)
    )
2026-07-29 12:12:41.991 [main] DEBUG [] org.hibernate.SQL - 
    create table finflow_accounts.cards (
        card_last_four varchar(4) not null,
        currency varchar(3) not null,
        expiry_month integer not null,
        expiry_year integer not null,
        pin_set boolean not null,
        created_at timestamp(6) not null,
        credit_limit_cents bigint,
        daily_limit_cents bigint,
        monthly_limit_cents bigint,
        updated_at timestamp(6) not null,
        version bigint not null,
        account_id varchar(36) not null,
        id CHAR(36) not null,
        owner_id varchar(36) not null,
        cardholder_name varchar(200) not null,
        card_number_hash varchar(255) not null,
        card_status enum ('ACTIVE','BLOCKED','CANCELLED','EXPIRED','FROZEN','PENDING') not null,
        card_type enum ('CREDIT','DEBIT','PREPAID') not null,
        primary key (id)
    )
2026-07-29 12:12:41.999 [main] DEBUG [] org.hibernate.SQL - 
    create table finflow_accounts.holds (
        amount_cents bigint not null,
        created_at timestamp(6) not null,
        expires_at timestamp(6),
        released_at timestamp(6),
        updated_at timestamp(6) not null,
        version bigint not null,
        account_id CHAR(36) not null,
        id CHAR(36) not null,
        released_by varchar(36),
        source_id varchar(36),
        source_type varchar(50),
        reason varchar(500) not null,
        hold_status enum ('ACTIVE','EXPIRED','RELEASED') not null,
        primary key (id)
    )
2026-07-29 12:12:42.001 [main] DEBUG [] org.hibernate.SQL - 
    create table finflow_admin.admin_audit_log (
        created_at timestamp(6) not null,
        updated_at timestamp(6) not null,
        version bigint not null,
        admin_user_id varchar(36) not null,
        created_by varchar(36) not null,
        id CHAR(36) not null,
        modified_by varchar(36) not null,
        target_id varchar(36) not null,
        ip_address varchar(45),
        target_type varchar(50) not null,
        action varchar(100) not null,
        details TEXT,
        primary key (id)
    )
2026-07-29 12:12:42.005 [main] DEBUG [] org.hibernate.SQL - 
    create table finflow_auth.login_history (
        success boolean not null,
        created_at timestamp(6) not null,
        id bigint generated by default as identity,
        user_id CHAR(36),
        ip_address varchar(45),
        identifier varchar(254) not null,
        user_agent varchar(500),
        failure_reason enum ('ACCOUNT_CLOSED','ACCOUNT_LOCKED','ACCOUNT_NOT_VERIFIED','ACCOUNT_SUSPENDED','INVALID_CREDENTIALS'),
        primary key (id)
    )
2026-07-29 12:12:42.008 [main] DEBUG [] org.hibernate.SQL - 
    create table finflow_auth.refresh_tokens (
        is_revoked boolean not null,
        created_at timestamp(6) not null,
        expires_at timestamp(6) not null,
        last_used_at timestamp(6),
        revoked_at timestamp(6),
        updated_at timestamp(6) not null,
        version bigint not null,
        family_id varchar(36) not null,
        id CHAR(36) not null,
        session_id varchar(36) not null unique,
        user_id CHAR(36) not null,
        created_ip varchar(45),
        last_used_ip varchar(45),
        refresh_token_hash varchar(64) not null,
        created_user_agent varchar(500),
        primary key (id)
    )
2026-07-29 12:12:42.010 [main] DEBUG [] org.hibernate.SQL - 
    create table finflow_auth.roles (
        is_active boolean not null,
        is_system_role boolean not null,
        created_at timestamp(6) not null,
        updated_at timestamp(6) not null,
        version bigint not null,
        id CHAR(36) not null,
        name varchar(50) not null unique,
        description varchar(255),
        primary key (id)
    )
2026-07-29 12:12:42.015 [main] DEBUG [] org.hibernate.SQL - 
    create table finflow_auth.user_credentials (
        is_active boolean not null,
        is_deleted boolean not null,
        created_at timestamp(6) not null,
        deleted_at timestamp(6),
        expires_at timestamp(6),
        last_used_at timestamp(6),
        updated_at timestamp(6) not null,
        version bigint not null,
        created_by varchar(36) not null,
        deleted_by varchar(36),
        id CHAR(36) not null,
        modified_by varchar(36) not null,
        user_id CHAR(36) not null,
        hashed_value varchar(255) not null,
        credential_type enum ('BIOMETRIC','PASSKEY','PASSWORD') not null,
        primary key (id)
    )
2026-07-29 12:12:42.018 [main] DEBUG [] org.hibernate.SQL - 
    create table finflow_auth.user_roles (
        created_at timestamp(6) not null,
        granted_at timestamp(6) not null,
        updated_at timestamp(6) not null,
        version bigint not null,
        granted_by varchar(36) not null,
        id CHAR(36) not null,
        role_id CHAR(36) not null,
        user_id CHAR(36) not null,
        primary key (id),
        unique (user_id, role_id)
    )
2026-07-29 12:12:42.020 [main] DEBUG [] org.hibernate.SQL - 
    create table finflow_auth.users (
        email_verified boolean not null,
        failed_login_count integer not null,
        is_deleted boolean not null,
        phone_verified boolean not null,
        created_at timestamp(6) not null,
        deleted_at timestamp(6),
        last_login_at timestamp(6),
        locked_until timestamp(6),
        terms_accepted_at timestamp(6),
        updated_at timestamp(6) not null,
        version bigint not null,
        phone_number varchar(20),
        username varchar(30) not null,
        created_by varchar(36) not null,
        deleted_by varchar(36),
        id CHAR(36) not null,
        modified_by varchar(36) not null,
        email varchar(254) not null,
        status enum ('ACTIVE','CLOSED','PENDING_VERIFICATION','SUSPENDED') not null,
        primary key (id)
    )
2026-07-29 12:12:42.023 [main] DEBUG [] org.hibernate.SQL - 
    create table finflow_notifications.notifications (
        is_read boolean not null,
        created_at timestamp(6) not null,
        read_at timestamp(6),
        updated_at timestamp(6) not null,
        version bigint not null,
        created_by varchar(36) not null,
        id CHAR(36) not null,
        modified_by varchar(36) not null,
        owner_id varchar(36) not null,
        reference_id varchar(36),
        reference_type varchar(50),
        message TEXT not null,
        title varchar(255) not null,
        notification_type enum ('ACCOUNT','PROMOTION','SECURITY','SYSTEM','TRANSACTION') not null,
        primary key (id)
    )
2026-07-29 12:12:42.025 [main] DEBUG [] org.hibernate.SQL - 
    create table finflow_profiles.user_profiles (
        country varchar(2),
        date_of_birth date,
        created_at timestamp(6) not null,
        updated_at timestamp(6) not null,
        version bigint not null,
        postal_code varchar(20),
        created_by varchar(36) not null,
        id CHAR(36) not null,
        modified_by varchar(36) not null,
        user_id varchar(36) not null unique,
        city varchar(100),
        first_name varchar(100),
        last_name varchar(100),
        state varchar(100),
        avatar_url varchar(500),
        address_line1 varchar(255),
        address_line2 varchar(255),
        primary key (id)
    )
2026-07-29 12:12:42.029 [main] DEBUG [] org.hibernate.SQL - 
    create table finflow_savings.savings_goals (
        currency varchar(3) not null,
        deadline date,
        created_at timestamp(6) not null,
        current_amount_cents bigint not null,
        target_amount_cents bigint not null,
        updated_at timestamp(6) not null,
        version bigint not null,
        account_id varchar(36) not null,
        id CHAR(36) not null,
        owner_id varchar(36) not null,
        goal_name varchar(100) not null,
        description varchar(255),
        goal_status enum ('ACTIVE','CANCELLED','COMPLETED','PAUSED') not null,
        primary key (id)
    )
2026-07-29 12:12:42.029 [main] DEBUG [] org.hibernate.SQL - 
    create table finflow_settings.user_settings (
        created_at timestamp(6) not null,
        updated_at timestamp(6) not null,
        version bigint not null,
        id CHAR(36) not null,
        user_id varchar(36) not null,
        setting_key varchar(100) not null,
        setting_value TEXT not null,
        primary key (id)
    )
2026-07-29 12:12:42.035 [main] DEBUG [] org.hibernate.SQL - 
    create table finflow_transactions.transaction_entries (
        currency varchar(3) not null,
        amount_cents bigint not null,
        balance_after_cents bigint not null,
        balance_before_cents bigint not null,
        created_at timestamp(6) not null,
        updated_at timestamp(6) not null,
        version bigint not null,
        account_id varchar(36) not null,
        id CHAR(36) not null,
        transaction_id CHAR(36) not null,
        description varchar(255),
        entry_type enum ('CREDIT','DEBIT') not null,
        primary key (id)
    )
2026-07-29 12:12:42.038 [main] DEBUG [] org.hibernate.SQL - 
    create table finflow_transactions.transactions (
        currency varchar(3) not null,
        amount_cents bigint not null,
        completed_at timestamp(6),
        created_at timestamp(6) not null,
        fee_amount_cents bigint not null,
        updated_at timestamp(6) not null,
        version bigint not null,
        id CHAR(36) not null,
        source_account_id varchar(36),
        target_account_id varchar(36),
        user_id varchar(36) not null,
        reference_number varchar(50) unique,
        idempotency_key varchar(100) unique,
        failed_reason varchar(500),
        description varchar(255),
        metadata_json TEXT,
        transaction_status enum ('CANCELLED','COMPLETED','FAILED','PENDING') not null,
        transaction_type enum ('DEPOSIT','FEE','REVERSAL','TRANSFER','WITHDRAWAL') not null,
        primary key (id)
    )
2026-07-29 12:12:42.039 [main] DEBUG [] org.hibernate.SQL - 
    create table finflow_transfers.scheduled_transfers (
        currency varchar(3) not null,
        execution_count integer not null,
        max_executions integer,
        amount_cents bigint not null,
        created_at timestamp(6) not null,
        end_date timestamp(6),
        last_execution timestamp(6),
        next_execution timestamp(6) not null,
        updated_at timestamp(6) not null,
        version bigint not null,
        id CHAR(36) not null,
        owner_id varchar(36) not null,
        source_account_id varchar(36) not null,
        target_account_id varchar(36),
        target_beneficiary_id varchar(36),
        template_id varchar(36),
        description varchar(255),
        frequency enum ('BIWEEKLY','DAILY','MONTHLY','QUARTERLY','WEEKLY','YEARLY'),
        schedule_status enum ('ACTIVE','CANCELLED','COMPLETED','FAILED','PAUSED') not null,
        schedule_type enum ('ONE_TIME','RECURRING') not null,
        primary key (id)
    )
2026-07-29 12:12:42.046 [main] DEBUG [] org.hibernate.SQL - 
    create table finflow_transfers.transfer_templates (
        currency varchar(3) not null,
        amount_cents bigint not null,
        created_at timestamp(6) not null,
        updated_at timestamp(6) not null,
        version bigint not null,
        id CHAR(36) not null,
        owner_id varchar(36) not null,
        source_account_id varchar(36) not null,
        target_account_id varchar(36),
        target_beneficiary_id varchar(36),
        template_name varchar(100) not null,
        description varchar(255),
        template_status enum ('ACTIVE','CANCELLED','COMPLETED','FAILED','PAUSED') not null,
        primary key (id)
    )
2026-07-29 12:12:42.046 [main] DEBUG [] org.hibernate.SQL - 
    alter table if exists finflow_accounts.account_holders 
       add constraint fk_ah_account 
       foreign key (account_id) 
       references finflow_accounts.accounts
2026-07-29 12:12:42.046 [main] DEBUG [] org.hibernate.SQL - 
    alter table if exists finflow_accounts.account_status_history 
       add constraint fk_ash_account 
       foreign key (account_id) 
       references finflow_accounts.accounts
2026-07-29 12:12:42.052 [main] DEBUG [] org.hibernate.SQL - 
    alter table if exists finflow_accounts.holds 
       add constraint fk_holds_account 
       foreign key (account_id) 
       references finflow_accounts.accounts
2026-07-29 12:12:42.055 [main] DEBUG [] org.hibernate.SQL - 
    alter table if exists finflow_auth.login_history 
       add constraint fk_lh_user 
       foreign key (user_id) 
       references finflow_auth.users
2026-07-29 12:12:42.057 [main] DEBUG [] org.hibernate.SQL - 
    alter table if exists finflow_auth.refresh_tokens 
       add constraint fk_rt_user 
       foreign key (user_id) 
       references finflow_auth.users
2026-07-29 12:12:42.062 [main] DEBUG [] org.hibernate.SQL - 
    alter table if exists finflow_auth.user_credentials 
       add constraint fk_uc_user 
       foreign key (user_id) 
       references finflow_auth.users
2026-07-29 12:12:42.065 [main] DEBUG [] org.hibernate.SQL - 
    alter table if exists finflow_auth.user_roles 
       add constraint fk_ur_role 
       foreign key (role_id) 
       references finflow_auth.roles
2026-07-29 12:12:42.068 [main] DEBUG [] org.hibernate.SQL - 
    alter table if exists finflow_auth.user_roles 
       add constraint fk_ur_user 
       foreign key (user_id) 
       references finflow_auth.users
2026-07-29 12:12:42.070 [main] DEBUG [] org.hibernate.SQL - 
    alter table if exists finflow_transactions.transaction_entries 
       add constraint fk_txn_entry_transaction 
       foreign key (transaction_id) 
       references finflow_transactions.transactions
2026-07-29 12:12:42.075 [main] INFO  [] o.s.o.j.LocalContainerEntityManagerFactoryBean - Initialized JPA EntityManagerFactory for persistence unit 'default'
2026-07-29 12:12:42.740 [main] INFO  [] c.f.m.a.r.RefreshTokenRepositoryIntegrationTest - Started RefreshTokenRepositoryIntegrationTest in 2.634 seconds (process running for 36.999)
2026-07-29 12:12:42.823 [main] DEBUG [] org.hibernate.SQL - 
    select
        rt1_0.id,
        rt1_0.created_at,
        rt1_0.created_ip,
        rt1_0.created_user_agent,
        rt1_0.expires_at,
        rt1_0.family_id,
        rt1_0.is_revoked,
        rt1_0.last_used_at,
        rt1_0.last_used_ip,
        rt1_0.refresh_token_hash,
        rt1_0.revoked_at,
        rt1_0.session_id,
        rt1_0.updated_at,
        rt1_0.user_id,
        rt1_0.version 
    from
        finflow_auth.refresh_tokens rt1_0
2026-07-29 12:12:42.829 [main] DEBUG [] org.hibernate.SQL - 
    select
        u1_0.id,
        u1_0.created_at,
        u1_0.created_by,
        u1_0.deleted_at,
        u1_0.deleted_by,
        u1_0.email,
        u1_0.email_verified,
        u1_0.failed_login_count,
        u1_0.is_deleted,
        u1_0.last_login_at,
        u1_0.locked_until,
        u1_0.modified_by,
        u1_0.phone_number,
        u1_0.phone_verified,
        u1_0.status,
        u1_0.terms_accepted_at,
        u1_0.updated_at,
        u1_0.username,
        u1_0.version 
    from
        finflow_auth.users u1_0
2026-07-29 12:12:42.832 [main] DEBUG [] org.hibernate.SQL - 
    select
        r1_0.id,
        r1_0.created_at,
        r1_0.description,
        r1_0.is_active,
        r1_0.is_system_role,
        r1_0.name,
        r1_0.updated_at,
        r1_0.version 
    from
        finflow_auth.roles r1_0
2026-07-29 12:12:42.841 [main] DEBUG [] org.hibernate.SQL - 
    insert 
    into
        finflow_auth.roles
        (created_at, description, is_active, is_system_role, name, updated_at, version, id) 
    values
        (?, ?, ?, ?, ?, ?, ?, ?)
2026-07-29 12:12:42.843 [main] DEBUG [] org.hibernate.SQL - 
    insert 
    into
        finflow_auth.users
        (created_at, created_by, deleted_at, deleted_by, email, email_verified, failed_login_count, is_deleted, last_login_at, locked_until, modified_by, phone_number, phone_verified, status, terms_accepted_at, updated_at, username, version, id) 
    values
        (?, ?, ?, ?, ?, ?, ?, ?, ?, ?, ?, ?, ?, ?, ?, ?, ?, ?, ?)
2026-07-29 12:12:42.845 [main] DEBUG [] org.hibernate.SQL - 
    insert 
    into
        finflow_auth.refresh_tokens
        (created_at, created_ip, created_user_agent, expires_at, family_id, is_revoked, last_used_at, last_used_ip, refresh_token_hash, revoked_at, session_id, updated_at, user_id, version, id) 
    values
        (?, ?, ?, ?, ?, ?, ?, ?, ?, ?, ?, ?, ?, ?, ?)
2026-07-29 12:12:42.845 [main] DEBUG [] org.hibernate.SQL - 
    insert 
    into
        finflow_auth.refresh_tokens
        (created_at, created_ip, created_user_agent, expires_at, family_id, is_revoked, last_used_at, last_used_ip, refresh_token_hash, revoked_at, session_id, updated_at, user_id, version, id) 
    values
        (?, ?, ?, ?, ?, ?, ?, ?, ?, ?, ?, ?, ?, ?, ?)
2026-07-29 12:12:42.847 [main] DEBUG [] org.hibernate.SQL - 
    insert 
    into
        finflow_auth.refresh_tokens
        (created_at, created_ip, created_user_agent, expires_at, family_id, is_revoked, last_used_at, last_used_ip, refresh_token_hash, revoked_at, session_id, updated_at, user_id, version, id) 
    values
        (?, ?, ?, ?, ?, ?, ?, ?, ?, ?, ?, ?, ?, ?, ?)
2026-07-29 12:12:42.849 [main] DEBUG [] org.hibernate.SQL - 
    update
        finflow_auth.refresh_tokens 
    set
        created_ip=?,
        created_user_agent=?,
        expires_at=?,
        family_id=?,
        is_revoked=?,
        last_used_at=?,
        last_used_ip=?,
        refresh_token_hash=?,
        revoked_at=?,
        session_id=?,
        updated_at=?,
        user_id=?,
        version=? 
    where
        id=? 
        and version=?
2026-07-29 12:12:42.849 [main] DEBUG [] org.hibernate.SQL - 
    select
        count(rt1_0.id) 
    from
        finflow_auth.refresh_tokens rt1_0 
    where
        rt1_0.user_id=? 
        and rt1_0.is_revoked=false 
        and rt1_0.expires_at>localtimestamp
2026-07-29 12:12:42.862 [main] INFO  [] o.s.t.c.s.AnnotationConfigContextLoaderUtils - Could not detect default configuration classes for test class [com.finflow.modules.auth.repository.RefreshTokenRepositoryIntegrationTest$FindExpiredNotRevoked]: FindExpiredNotRevoked does not declare any static, non-private, non-final, nested classes annotated with @Configuration.
2026-07-29 12:12:42.886 [main] INFO  [] o.s.b.t.c.SpringBootTestContextBootstrapper - Found @SpringBootConfiguration com.finflow.FinFlowApplication for test class com.finflow.modules.auth.repository.RefreshTokenRepositoryIntegrationTest$FindExpiredNotRevoked
2026-07-29 12:12:42.896 [main] DEBUG [] org.hibernate.SQL - 
    select
        rt1_0.id,
        rt1_0.created_at,
        rt1_0.created_ip,
        rt1_0.created_user_agent,
        rt1_0.expires_at,
        rt1_0.family_id,
        rt1_0.is_revoked,
        rt1_0.last_used_at,
        rt1_0.last_used_ip,
        rt1_0.refresh_token_hash,
        rt1_0.revoked_at,
        rt1_0.session_id,
        rt1_0.updated_at,
        rt1_0.user_id,
        rt1_0.version 
    from
        finflow_auth.refresh_tokens rt1_0
2026-07-29 12:12:42.900 [main] DEBUG [] org.hibernate.SQL - 
    select
        u1_0.id,
        u1_0.created_at,
        u1_0.created_by,
        u1_0.deleted_at,
        u1_0.deleted_by,
        u1_0.email,
        u1_0.email_verified,
        u1_0.failed_login_count,
        u1_0.is_deleted,
        u1_0.last_login_at,
        u1_0.locked_until,
        u1_0.modified_by,
        u1_0.phone_number,
        u1_0.phone_verified,
        u1_0.status,
        u1_0.terms_accepted_at,
        u1_0.updated_at,
        u1_0.username,
        u1_0.version 
    from
        finflow_auth.users u1_0
2026-07-29 12:12:42.905 [main] DEBUG [] org.hibernate.SQL - 
    select
        r1_0.id,
        r1_0.created_at,
        r1_0.description,
        r1_0.is_active,
        r1_0.is_system_role,
        r1_0.name,
        r1_0.updated_at,
        r1_0.version 
    from
        finflow_auth.roles r1_0
2026-07-29 12:12:42.911 [main] DEBUG [] org.hibernate.SQL - 
    insert 
    into
        finflow_auth.roles
        (created_at, description, is_active, is_system_role, name, updated_at, version, id) 
    values
        (?, ?, ?, ?, ?, ?, ?, ?)
2026-07-29 12:12:42.911 [main] DEBUG [] org.hibernate.SQL - 
    insert 
    into
        finflow_auth.users
        (created_at, created_by, deleted_at, deleted_by, email, email_verified, failed_login_count, is_deleted, last_login_at, locked_until, modified_by, phone_number, phone_verified, status, terms_accepted_at, updated_at, username, version, id) 
    values
        (?, ?, ?, ?, ?, ?, ?, ?, ?, ?, ?, ?, ?, ?, ?, ?, ?, ?, ?)
2026-07-29 12:12:42.918 [main] DEBUG [] org.hibernate.SQL - 
    insert 
    into
        finflow_auth.refresh_tokens
        (created_at, created_ip, created_user_agent, expires_at, family_id, is_revoked, last_used_at, last_used_ip, refresh_token_hash, revoked_at, session_id, updated_at, user_id, version, id) 
    values
        (?, ?, ?, ?, ?, ?, ?, ?, ?, ?, ?, ?, ?, ?, ?)
2026-07-29 12:12:42.920 [main] DEBUG [] org.hibernate.SQL - 
    insert 
    into
        finflow_auth.refresh_tokens
        (created_at, created_ip, created_user_agent, expires_at, family_id, is_revoked, last_used_at, last_used_ip, refresh_token_hash, revoked_at, session_id, updated_at, user_id, version, id) 
    values
        (?, ?, ?, ?, ?, ?, ?, ?, ?, ?, ?, ?, ?, ?, ?)
2026-07-29 12:12:42.920 [main] DEBUG [] org.hibernate.SQL - 
    select
        rt1_0.id,
        rt1_0.created_at,
        rt1_0.created_ip,
        rt1_0.created_user_agent,
        rt1_0.expires_at,
        rt1_0.family_id,
        rt1_0.is_revoked,
        rt1_0.last_used_at,
        rt1_0.last_used_ip,
        rt1_0.refresh_token_hash,
        rt1_0.revoked_at,
        rt1_0.session_id,
        rt1_0.updated_at,
        rt1_0.user_id,
        rt1_0.version 
    from
        finflow_auth.refresh_tokens rt1_0 
    where
        rt1_0.expires_at<? 
        and rt1_0.is_revoked=false
2026-07-29 12:12:42.935 [main] INFO  [] o.s.t.c.s.AnnotationConfigContextLoaderUtils - Could not detect default configuration classes for test class [com.finflow.modules.auth.repository.RefreshTokenRepositoryIntegrationTest$RevokeAllByUserId]: RevokeAllByUserId does not declare any static, non-private, non-final, nested classes annotated with @Configuration.
2026-07-29 12:12:42.955 [main] INFO  [] o.s.b.t.c.SpringBootTestContextBootstrapper - Found @SpringBootConfiguration com.finflow.FinFlowApplication for test class com.finflow.modules.auth.repository.RefreshTokenRepositoryIntegrationTest$RevokeAllByUserId
2026-07-29 12:12:42.968 [main] DEBUG [] org.hibernate.SQL - 
    select
        rt1_0.id,
        rt1_0.created_at,
        rt1_0.created_ip,
        rt1_0.created_user_agent,
        rt1_0.expires_at,
        rt1_0.family_id,
        rt1_0.is_revoked,
        rt1_0.last_used_at,
        rt1_0.last_used_ip,
        rt1_0.refresh_token_hash,
        rt1_0.revoked_at,
        rt1_0.session_id,
        rt1_0.updated_at,
        rt1_0.user_id,
        rt1_0.version 
    from
        finflow_auth.refresh_tokens rt1_0
2026-07-29 12:12:42.970 [main] DEBUG [] org.hibernate.SQL - 
    select
        u1_0.id,
        u1_0.created_at,
        u1_0.created_by,
        u1_0.deleted_at,
        u1_0.deleted_by,
        u1_0.email,
        u1_0.email_verified,
        u1_0.failed_login_count,
        u1_0.is_deleted,
        u1_0.last_login_at,
        u1_0.locked_until,
        u1_0.modified_by,
        u1_0.phone_number,
        u1_0.phone_verified,
        u1_0.status,
        u1_0.terms_accepted_at,
        u1_0.updated_at,
        u1_0.username,
        u1_0.version 
    from
        finflow_auth.users u1_0
2026-07-29 12:12:42.970 [main] DEBUG [] org.hibernate.SQL - 
    select
        r1_0.id,
        r1_0.created_at,
        r1_0.description,
        r1_0.is_active,
        r1_0.is_system_role,
        r1_0.name,
        r1_0.updated_at,
        r1_0.version 
    from
        finflow_auth.roles r1_0
2026-07-29 12:12:43.001 [main] DEBUG [] org.hibernate.SQL - 
    insert 
    into
        finflow_auth.roles
        (created_at, description, is_active, is_system_role, name, updated_at, version, id) 
    values
        (?, ?, ?, ?, ?, ?, ?, ?)
2026-07-29 12:12:43.003 [main] DEBUG [] org.hibernate.SQL - 
    insert 
    into
        finflow_auth.users
        (created_at, created_by, deleted_at, deleted_by, email, email_verified, failed_login_count, is_deleted, last_login_at, locked_until, modified_by, phone_number, phone_verified, status, terms_accepted_at, updated_at, username, version, id) 
    values
        (?, ?, ?, ?, ?, ?, ?, ?, ?, ?, ?, ?, ?, ?, ?, ?, ?, ?, ?)
2026-07-29 12:12:43.005 [main] DEBUG [] org.hibernate.SQL - 
    insert 
    into
        finflow_auth.refresh_tokens
        (created_at, created_ip, created_user_agent, expires_at, family_id, is_revoked, last_used_at, last_used_ip, refresh_token_hash, revoked_at, session_id, updated_at, user_id, version, id) 
    values
        (?, ?, ?, ?, ?, ?, ?, ?, ?, ?, ?, ?, ?, ?, ?)
2026-07-29 12:12:43.005 [main] DEBUG [] org.hibernate.SQL - 
    insert 
    into
        finflow_auth.refresh_tokens
        (created_at, created_ip, created_user_agent, expires_at, family_id, is_revoked, last_used_at, last_used_ip, refresh_token_hash, revoked_at, session_id, updated_at, user_id, version, id) 
    values
        (?, ?, ?, ?, ?, ?, ?, ?, ?, ?, ?, ?, ?, ?, ?)
2026-07-29 12:12:43.007 [main] DEBUG [] org.hibernate.SQL - 
    update
        finflow_auth.refresh_tokens rt1_0 
    set
        is_revoked=true,
        revoked_at=? 
    where
        rt1_0.user_id=? 
        and rt1_0.is_revoked=false
2026-07-29 12:12:43.015 [main] DEBUG [] org.hibernate.SQL - 
    select
        rt1_0.id,
        rt1_0.created_at,
        rt1_0.created_ip,
        rt1_0.created_user_agent,
        rt1_0.expires_at,
        rt1_0.family_id,
        rt1_0.is_revoked,
        rt1_0.last_used_at,
        rt1_0.last_used_ip,
        rt1_0.refresh_token_hash,
        rt1_0.revoked_at,
        rt1_0.session_id,
        rt1_0.updated_at,
        rt1_0.user_id,
        rt1_0.version 
    from
        finflow_auth.refresh_tokens rt1_0 
    where
        rt1_0.user_id=? 
        and rt1_0.is_revoked=false 
        and rt1_0.expires_at>localtimestamp 
    order by
        rt1_0.created_at desc
2026-07-29 12:12:43.027 [main] INFO  [] o.s.t.c.s.AnnotationConfigContextLoaderUtils - Could not detect default configuration classes for test class [com.finflow.modules.auth.repository.RefreshTokenRepositoryIntegrationTest$RevokeAllByFamilyId]: RevokeAllByFamilyId does not declare any static, non-private, non-final, nested classes annotated with @Configuration.
2026-07-29 12:12:43.044 [main] INFO  [] o.s.b.t.c.SpringBootTestContextBootstrapper - Found @SpringBootConfiguration com.finflow.FinFlowApplication for test class com.finflow.modules.auth.repository.RefreshTokenRepositoryIntegrationTest$RevokeAllByFamilyId
2026-07-29 12:12:43.050 [main] DEBUG [] org.hibernate.SQL - 
    select
        rt1_0.id,
        rt1_0.created_at,
        rt1_0.created_ip,
        rt1_0.created_user_agent,
        rt1_0.expires_at,
        rt1_0.family_id,
        rt1_0.is_revoked,
        rt1_0.last_used_at,
        rt1_0.last_used_ip,
        rt1_0.refresh_token_hash,
        rt1_0.revoked_at,
        rt1_0.session_id,
        rt1_0.updated_at,
        rt1_0.user_id,
        rt1_0.version 
    from
        finflow_auth.refresh_tokens rt1_0
2026-07-29 12:12:43.060 [main] DEBUG [] org.hibernate.SQL - 
    select
        u1_0.id,
        u1_0.created_at,
        u1_0.created_by,
        u1_0.deleted_at,
        u1_0.deleted_by,
        u1_0.email,
        u1_0.email_verified,
        u1_0.failed_login_count,
        u1_0.is_deleted,
        u1_0.last_login_at,
        u1_0.locked_until,
        u1_0.modified_by,
        u1_0.phone_number,
        u1_0.phone_verified,
        u1_0.status,
        u1_0.terms_accepted_at,
        u1_0.updated_at,
        u1_0.username,
        u1_0.version 
    from
        finflow_auth.users u1_0
2026-07-29 12:12:43.060 [main] DEBUG [] org.hibernate.SQL - 
    select
        r1_0.id,
        r1_0.created_at,
        r1_0.description,
        r1_0.is_active,
        r1_0.is_system_role,
        r1_0.name,
        r1_0.updated_at,
        r1_0.version 
    from
        finflow_auth.roles r1_0
2026-07-29 12:12:43.069 [main] DEBUG [] org.hibernate.SQL - 
    insert 
    into
        finflow_auth.roles
        (created_at, description, is_active, is_system_role, name, updated_at, version, id) 
    values
        (?, ?, ?, ?, ?, ?, ?, ?)
2026-07-29 12:12:43.074 [main] DEBUG [] org.hibernate.SQL - 
    insert 
    into
        finflow_auth.users
        (created_at, created_by, deleted_at, deleted_by, email, email_verified, failed_login_count, is_deleted, last_login_at, locked_until, modified_by, phone_number, phone_verified, status, terms_accepted_at, updated_at, username, version, id) 
    values
        (?, ?, ?, ?, ?, ?, ?, ?, ?, ?, ?, ?, ?, ?, ?, ?, ?, ?, ?)
2026-07-29 12:12:43.075 [main] DEBUG [] org.hibernate.SQL - 
    insert 
    into
        finflow_auth.refresh_tokens
        (created_at, created_ip, created_user_agent, expires_at, family_id, is_revoked, last_used_at, last_used_ip, refresh_token_hash, revoked_at, session_id, updated_at, user_id, version, id) 
    values
        (?, ?, ?, ?, ?, ?, ?, ?, ?, ?, ?, ?, ?, ?, ?)
2026-07-29 12:12:43.075 [main] DEBUG [] org.hibernate.SQL - 
    insert 
    into
        finflow_auth.refresh_tokens
        (created_at, created_ip, created_user_agent, expires_at, family_id, is_revoked, last_used_at, last_used_ip, refresh_token_hash, revoked_at, session_id, updated_at, user_id, version, id) 
    values
        (?, ?, ?, ?, ?, ?, ?, ?, ?, ?, ?, ?, ?, ?, ?)
2026-07-29 12:12:43.075 [main] DEBUG [] org.hibernate.SQL - 
    insert 
    into
        finflow_auth.refresh_tokens
        (created_at, created_ip, created_user_agent, expires_at, family_id, is_revoked, last_used_at, last_used_ip, refresh_token_hash, revoked_at, session_id, updated_at, user_id, version, id) 
    values
        (?, ?, ?, ?, ?, ?, ?, ?, ?, ?, ?, ?, ?, ?, ?)
2026-07-29 12:12:43.075 [main] DEBUG [] org.hibernate.SQL - 
    update
        finflow_auth.refresh_tokens 
    set
        created_ip=?,
        created_user_agent=?,
        expires_at=?,
        family_id=?,
        is_revoked=?,
        last_used_at=?,
        last_used_ip=?,
        refresh_token_hash=?,
        revoked_at=?,
        session_id=?,
        updated_at=?,
        user_id=?,
        version=? 
    where
        id=? 
        and version=?
2026-07-29 12:12:43.075 [main] DEBUG [] org.hibernate.SQL - 
    update
        finflow_auth.refresh_tokens rt1_0 
    set
        is_revoked=true,
        revoked_at=? 
    where
        rt1_0.family_id=? 
        and rt1_0.is_revoked=false
2026-07-29 12:12:43.102 [main] DEBUG [] org.hibernate.SQL - 
    select
        rt1_0.id,
        rt1_0.created_at,
        rt1_0.created_ip,
        rt1_0.created_user_agent,
        rt1_0.expires_at,
        rt1_0.family_id,
        rt1_0.is_revoked,
        rt1_0.last_used_at,
        rt1_0.last_used_ip,
        rt1_0.refresh_token_hash,
        rt1_0.revoked_at,
        rt1_0.session_id,
        rt1_0.updated_at,
        rt1_0.user_id,
        rt1_0.version 
    from
        finflow_auth.refresh_tokens rt1_0 
    where
        rt1_0.id=?
2026-07-29 12:12:43.116 [main] DEBUG [] org.hibernate.SQL - 
    select
        rt1_0.id,
        rt1_0.created_at,
        rt1_0.created_ip,
        rt1_0.created_user_agent,
        rt1_0.expires_at,
        rt1_0.family_id,
        rt1_0.is_revoked,
        rt1_0.last_used_at,
        rt1_0.last_used_ip,
        rt1_0.refresh_token_hash,
        rt1_0.revoked_at,
        rt1_0.session_id,
        rt1_0.updated_at,
        rt1_0.user_id,
        rt1_0.version 
    from
        finflow_auth.refresh_tokens rt1_0 
    where
        rt1_0.id=?
2026-07-29 12:12:43.143 [main] INFO  [] o.s.t.c.s.AnnotationConfigContextLoaderUtils - Could not detect default configuration classes for test class [com.finflow.modules.auth.repository.RefreshTokenRepositoryIntegrationTest$FindAllByFamilyId]: FindAllByFamilyId does not declare any static, non-private, non-final, nested classes annotated with @Configuration.
2026-07-29 12:12:43.157 [main] INFO  [] o.s.b.t.c.SpringBootTestContextBootstrapper - Found @SpringBootConfiguration com.finflow.FinFlowApplication for test class com.finflow.modules.auth.repository.RefreshTokenRepositoryIntegrationTest$FindAllByFamilyId
2026-07-29 12:12:43.170 [main] DEBUG [] org.hibernate.SQL - 
    select
        rt1_0.id,
        rt1_0.created_at,
        rt1_0.created_ip,
        rt1_0.created_user_agent,
        rt1_0.expires_at,
        rt1_0.family_id,
        rt1_0.is_revoked,
        rt1_0.last_used_at,
        rt1_0.last_used_ip,
        rt1_0.refresh_token_hash,
        rt1_0.revoked_at,
        rt1_0.session_id,
        rt1_0.updated_at,
        rt1_0.user_id,
        rt1_0.version 
    from
        finflow_auth.refresh_tokens rt1_0
2026-07-29 12:12:43.173 [main] DEBUG [] org.hibernate.SQL - 
    select
        u1_0.id,
        u1_0.created_at,
        u1_0.created_by,
        u1_0.deleted_at,
        u1_0.deleted_by,
        u1_0.email,
        u1_0.email_verified,
        u1_0.failed_login_count,
        u1_0.is_deleted,
        u1_0.last_login_at,
        u1_0.locked_until,
        u1_0.modified_by,
        u1_0.phone_number,
        u1_0.phone_verified,
        u1_0.status,
        u1_0.terms_accepted_at,
        u1_0.updated_at,
        u1_0.username,
        u1_0.version 
    from
        finflow_auth.users u1_0
2026-07-29 12:12:43.173 [main] DEBUG [] org.hibernate.SQL - 
    select
        r1_0.id,
        r1_0.created_at,
        r1_0.description,
        r1_0.is_active,
        r1_0.is_system_role,
        r1_0.name,
        r1_0.updated_at,
        r1_0.version 
    from
        finflow_auth.roles r1_0
2026-07-29 12:12:43.186 [main] DEBUG [] org.hibernate.SQL - 
    insert 
    into
        finflow_auth.roles
        (created_at, description, is_active, is_system_role, name, updated_at, version, id) 
    values
        (?, ?, ?, ?, ?, ?, ?, ?)
2026-07-29 12:12:43.190 [main] DEBUG [] org.hibernate.SQL - 
    insert 
    into
        finflow_auth.users
        (created_at, created_by, deleted_at, deleted_by, email, email_verified, failed_login_count, is_deleted, last_login_at, locked_until, modified_by, phone_number, phone_verified, status, terms_accepted_at, updated_at, username, version, id) 
    values
        (?, ?, ?, ?, ?, ?, ?, ?, ?, ?, ?, ?, ?, ?, ?, ?, ?, ?, ?)
2026-07-29 12:12:43.192 [main] DEBUG [] org.hibernate.SQL - 
    insert 
    into
        finflow_auth.refresh_tokens
        (created_at, created_ip, created_user_agent, expires_at, family_id, is_revoked, last_used_at, last_used_ip, refresh_token_hash, revoked_at, session_id, updated_at, user_id, version, id) 
    values
        (?, ?, ?, ?, ?, ?, ?, ?, ?, ?, ?, ?, ?, ?, ?)
2026-07-29 12:12:43.194 [main] DEBUG [] org.hibernate.SQL - 
    insert 
    into
        finflow_auth.refresh_tokens
        (created_at, created_ip, created_user_agent, expires_at, family_id, is_revoked, last_used_at, last_used_ip, refresh_token_hash, revoked_at, session_id, updated_at, user_id, version, id) 
    values
        (?, ?, ?, ?, ?, ?, ?, ?, ?, ?, ?, ?, ?, ?, ?)
2026-07-29 12:12:43.194 [main] DEBUG [] org.hibernate.SQL - 
    insert 
    into
        finflow_auth.refresh_tokens
        (created_at, created_ip, created_user_agent, expires_at, family_id, is_revoked, last_used_at, last_used_ip, refresh_token_hash, revoked_at, session_id, updated_at, user_id, version, id) 
    values
        (?, ?, ?, ?, ?, ?, ?, ?, ?, ?, ?, ?, ?, ?, ?)
2026-07-29 12:12:43.196 [main] DEBUG [] org.hibernate.SQL - 
    update
        finflow_auth.refresh_tokens 
    set
        created_ip=?,
        created_user_agent=?,
        expires_at=?,
        family_id=?,
        is_revoked=?,
        last_used_at=?,
        last_used_ip=?,
        refresh_token_hash=?,
        revoked_at=?,
        session_id=?,
        updated_at=?,
        user_id=?,
        version=? 
    where
        id=? 
        and version=?
2026-07-29 12:12:43.198 [main] DEBUG [] org.hibernate.SQL - 
    select
        rt1_0.id,
        rt1_0.created_at,
        rt1_0.created_ip,
        rt1_0.created_user_agent,
        rt1_0.expires_at,
        rt1_0.family_id,
        rt1_0.is_revoked,
        rt1_0.last_used_at,
        rt1_0.last_used_ip,
        rt1_0.refresh_token_hash,
        rt1_0.revoked_at,
        rt1_0.session_id,
        rt1_0.updated_at,
        rt1_0.user_id,
        rt1_0.version 
    from
        finflow_auth.refresh_tokens rt1_0 
    where
        rt1_0.family_id=? 
    order by
        rt1_0.created_at desc
2026-07-29 12:12:43.208 [main] INFO  [] o.s.t.c.s.AnnotationConfigContextLoaderUtils - Could not detect default configuration classes for test class [com.finflow.modules.auth.repository.RefreshTokenRepositoryIntegrationTest$FindActiveByUserId]: FindActiveByUserId does not declare any static, non-private, non-final, nested classes annotated with @Configuration.
2026-07-29 12:12:43.230 [main] INFO  [] o.s.b.t.c.SpringBootTestContextBootstrapper - Found @SpringBootConfiguration com.finflow.FinFlowApplication for test class com.finflow.modules.auth.repository.RefreshTokenRepositoryIntegrationTest$FindActiveByUserId
2026-07-29 12:12:43.240 [main] DEBUG [] org.hibernate.SQL - 
    select
        rt1_0.id,
        rt1_0.created_at,
        rt1_0.created_ip,
        rt1_0.created_user_agent,
        rt1_0.expires_at,
        rt1_0.family_id,
        rt1_0.is_revoked,
        rt1_0.last_used_at,
        rt1_0.last_used_ip,
        rt1_0.refresh_token_hash,
        rt1_0.revoked_at,
        rt1_0.session_id,
        rt1_0.updated_at,
        rt1_0.user_id,
        rt1_0.version 
    from
        finflow_auth.refresh_tokens rt1_0
2026-07-29 12:12:43.240 [main] DEBUG [] org.hibernate.SQL - 
    select
        u1_0.id,
        u1_0.created_at,
        u1_0.created_by,
        u1_0.deleted_at,
        u1_0.deleted_by,
        u1_0.email,
        u1_0.email_verified,
        u1_0.failed_login_count,
        u1_0.is_deleted,
        u1_0.last_login_at,
        u1_0.locked_until,
        u1_0.modified_by,
        u1_0.phone_number,
        u1_0.phone_verified,
        u1_0.status,
        u1_0.terms_accepted_at,
        u1_0.updated_at,
        u1_0.username,
        u1_0.version 
    from
        finflow_auth.users u1_0
2026-07-29 12:12:43.247 [main] DEBUG [] org.hibernate.SQL - 
    select
        r1_0.id,
        r1_0.created_at,
        r1_0.description,
        r1_0.is_active,
        r1_0.is_system_role,
        r1_0.name,
        r1_0.updated_at,
        r1_0.version 
    from
        finflow_auth.roles r1_0
2026-07-29 12:12:43.257 [main] DEBUG [] org.hibernate.SQL - 
    insert 
    into
        finflow_auth.roles
        (created_at, description, is_active, is_system_role, name, updated_at, version, id) 
    values
        (?, ?, ?, ?, ?, ?, ?, ?)
2026-07-29 12:12:43.258 [main] DEBUG [] org.hibernate.SQL - 
    insert 
    into
        finflow_auth.users
        (created_at, created_by, deleted_at, deleted_by, email, email_verified, failed_login_count, is_deleted, last_login_at, locked_until, modified_by, phone_number, phone_verified, status, terms_accepted_at, updated_at, username, version, id) 
    values
        (?, ?, ?, ?, ?, ?, ?, ?, ?, ?, ?, ?, ?, ?, ?, ?, ?, ?, ?)
2026-07-29 12:12:43.259 [main] DEBUG [] org.hibernate.SQL - 
    insert 
    into
        finflow_auth.refresh_tokens
        (created_at, created_ip, created_user_agent, expires_at, family_id, is_revoked, last_used_at, last_used_ip, refresh_token_hash, revoked_at, session_id, updated_at, user_id, version, id) 
    values
        (?, ?, ?, ?, ?, ?, ?, ?, ?, ?, ?, ?, ?, ?, ?)
2026-07-29 12:12:43.261 [main] DEBUG [] org.hibernate.SQL - 
    insert 
    into
        finflow_auth.refresh_tokens
        (created_at, created_ip, created_user_agent, expires_at, family_id, is_revoked, last_used_at, last_used_ip, refresh_token_hash, revoked_at, session_id, updated_at, user_id, version, id) 
    values
        (?, ?, ?, ?, ?, ?, ?, ?, ?, ?, ?, ?, ?, ?, ?)
2026-07-29 12:12:43.261 [main] DEBUG [] org.hibernate.SQL - 
    insert 
    into
        finflow_auth.refresh_tokens
        (created_at, created_ip, created_user_agent, expires_at, family_id, is_revoked, last_used_at, last_used_ip, refresh_token_hash, revoked_at, session_id, updated_at, user_id, version, id) 
    values
        (?, ?, ?, ?, ?, ?, ?, ?, ?, ?, ?, ?, ?, ?, ?)
2026-07-29 12:12:43.262 [main] DEBUG [] org.hibernate.SQL - 
    update
        finflow_auth.refresh_tokens 
    set
        created_ip=?,
        created_user_agent=?,
        expires_at=?,
        family_id=?,
        is_revoked=?,
        last_used_at=?,
        last_used_ip=?,
        refresh_token_hash=?,
        revoked_at=?,
        session_id=?,
        updated_at=?,
        user_id=?,
        version=? 
    where
        id=? 
        and version=?
2026-07-29 12:12:43.264 [main] DEBUG [] org.hibernate.SQL - 
    select
        rt1_0.id,
        rt1_0.created_at,
        rt1_0.created_ip,
        rt1_0.created_user_agent,
        rt1_0.expires_at,
        rt1_0.family_id,
        rt1_0.is_revoked,
        rt1_0.last_used_at,
        rt1_0.last_used_ip,
        rt1_0.refresh_token_hash,
        rt1_0.revoked_at,
        rt1_0.session_id,
        rt1_0.updated_at,
        rt1_0.user_id,
        rt1_0.version 
    from
        finflow_auth.refresh_tokens rt1_0 
    where
        rt1_0.user_id=? 
        and rt1_0.is_revoked=false 
        and rt1_0.expires_at>localtimestamp 
    order by
        rt1_0.created_at desc
2026-07-29 12:12:43.285 [main] INFO  [] o.s.t.c.s.AnnotationConfigContextLoaderUtils - Could not detect default configuration classes for test class [com.finflow.modules.auth.repository.RefreshTokenRepositoryIntegrationTest$FindActiveBySessionId]: FindActiveBySessionId does not declare any static, non-private, non-final, nested classes annotated with @Configuration.
2026-07-29 12:12:43.306 [main] INFO  [] o.s.b.t.c.SpringBootTestContextBootstrapper - Found @SpringBootConfiguration com.finflow.FinFlowApplication for test class com.finflow.modules.auth.repository.RefreshTokenRepositoryIntegrationTest$FindActiveBySessionId
2026-07-29 12:12:43.316 [main] DEBUG [] org.hibernate.SQL - 
    select
        rt1_0.id,
        rt1_0.created_at,
        rt1_0.created_ip,
        rt1_0.created_user_agent,
        rt1_0.expires_at,
        rt1_0.family_id,
        rt1_0.is_revoked,
        rt1_0.last_used_at,
        rt1_0.last_used_ip,
        rt1_0.refresh_token_hash,
        rt1_0.revoked_at,
        rt1_0.session_id,
        rt1_0.updated_at,
        rt1_0.user_id,
        rt1_0.version 
    from
        finflow_auth.refresh_tokens rt1_0
2026-07-29 12:12:43.322 [main] DEBUG [] org.hibernate.SQL - 
    select
        u1_0.id,
        u1_0.created_at,
        u1_0.created_by,
        u1_0.deleted_at,
        u1_0.deleted_by,
        u1_0.email,
        u1_0.email_verified,
        u1_0.failed_login_count,
        u1_0.is_deleted,
        u1_0.last_login_at,
        u1_0.locked_until,
        u1_0.modified_by,
        u1_0.phone_number,
        u1_0.phone_verified,
        u1_0.status,
        u1_0.terms_accepted_at,
        u1_0.updated_at,
        u1_0.username,
        u1_0.version 
    from
        finflow_auth.users u1_0
2026-07-29 12:12:43.324 [main] DEBUG [] org.hibernate.SQL - 
    select
        r1_0.id,
        r1_0.created_at,
        r1_0.description,
        r1_0.is_active,
        r1_0.is_system_role,
        r1_0.name,
        r1_0.updated_at,
        r1_0.version 
    from
        finflow_auth.roles r1_0
2026-07-29 12:12:43.334 [main] DEBUG [] org.hibernate.SQL - 
    insert 
    into
        finflow_auth.roles
        (created_at, description, is_active, is_system_role, name, updated_at, version, id) 
    values
        (?, ?, ?, ?, ?, ?, ?, ?)
2026-07-29 12:12:43.336 [main] DEBUG [] org.hibernate.SQL - 
    insert 
    into
        finflow_auth.users
        (created_at, created_by, deleted_at, deleted_by, email, email_verified, failed_login_count, is_deleted, last_login_at, locked_until, modified_by, phone_number, phone_verified, status, terms_accepted_at, updated_at, username, version, id) 
    values
        (?, ?, ?, ?, ?, ?, ?, ?, ?, ?, ?, ?, ?, ?, ?, ?, ?, ?, ?)
2026-07-29 12:12:43.339 [main] DEBUG [] org.hibernate.SQL - 
    insert 
    into
        finflow_auth.refresh_tokens
        (created_at, created_ip, created_user_agent, expires_at, family_id, is_revoked, last_used_at, last_used_ip, refresh_token_hash, revoked_at, session_id, updated_at, user_id, version, id) 
    values
        (?, ?, ?, ?, ?, ?, ?, ?, ?, ?, ?, ?, ?, ?, ?)
2026-07-29 12:12:43.341 [main] DEBUG [] org.hibernate.SQL - 
    select
        rt1_0.id,
        rt1_0.created_at,
        rt1_0.created_ip,
        rt1_0.created_user_agent,
        rt1_0.expires_at,
        rt1_0.family_id,
        rt1_0.is_revoked,
        rt1_0.last_used_at,
        rt1_0.last_used_ip,
        rt1_0.refresh_token_hash,
        rt1_0.revoked_at,
        rt1_0.session_id,
        rt1_0.updated_at,
        rt1_0.user_id,
        rt1_0.version 
    from
        finflow_auth.refresh_tokens rt1_0 
    where
        rt1_0.session_id=? 
        and rt1_0.is_revoked=false 
        and rt1_0.expires_at>localtimestamp
2026-07-29 12:12:43.357 [main] INFO  [] o.s.t.c.s.AnnotationConfigContextLoaderUtils - Could not detect default configuration classes for test class [com.finflow.modules.auth.repository.RefreshTokenRepositoryIntegrationTest$FindByTokenHash]: FindByTokenHash does not declare any static, non-private, non-final, nested classes annotated with @Configuration.
2026-07-29 12:12:43.388 [main] INFO  [] o.s.b.t.c.SpringBootTestContextBootstrapper - Found @SpringBootConfiguration com.finflow.FinFlowApplication for test class com.finflow.modules.auth.repository.RefreshTokenRepositoryIntegrationTest$FindByTokenHash
2026-07-29 12:12:43.405 [main] DEBUG [] org.hibernate.SQL - 
    select
        rt1_0.id,
        rt1_0.created_at,
        rt1_0.created_ip,
        rt1_0.created_user_agent,
        rt1_0.expires_at,
        rt1_0.family_id,
        rt1_0.is_revoked,
        rt1_0.last_used_at,
        rt1_0.last_used_ip,
        rt1_0.refresh_token_hash,
        rt1_0.revoked_at,
        rt1_0.session_id,
        rt1_0.updated_at,
        rt1_0.user_id,
        rt1_0.version 
    from
        finflow_auth.refresh_tokens rt1_0
2026-07-29 12:12:43.412 [main] DEBUG [] org.hibernate.SQL - 
    select
        u1_0.id,
        u1_0.created_at,
        u1_0.created_by,
        u1_0.deleted_at,
        u1_0.deleted_by,
        u1_0.email,
        u1_0.email_verified,
        u1_0.failed_login_count,
        u1_0.is_deleted,
        u1_0.last_login_at,
        u1_0.locked_until,
        u1_0.modified_by,
        u1_0.phone_number,
        u1_0.phone_verified,
        u1_0.status,
        u1_0.terms_accepted_at,
        u1_0.updated_at,
        u1_0.username,
        u1_0.version 
    from
        finflow_auth.users u1_0
2026-07-29 12:12:43.412 [main] DEBUG [] org.hibernate.SQL - 
    select
        r1_0.id,
        r1_0.created_at,
        r1_0.description,
        r1_0.is_active,
        r1_0.is_system_role,
        r1_0.name,
        r1_0.updated_at,
        r1_0.version 
    from
        finflow_auth.roles r1_0
2026-07-29 12:12:43.423 [main] DEBUG [] org.hibernate.SQL - 
    insert 
    into
        finflow_auth.roles
        (created_at, description, is_active, is_system_role, name, updated_at, version, id) 
    values
        (?, ?, ?, ?, ?, ?, ?, ?)
2026-07-29 12:12:43.425 [main] DEBUG [] org.hibernate.SQL - 
    insert 
    into
        finflow_auth.users
        (created_at, created_by, deleted_at, deleted_by, email, email_verified, failed_login_count, is_deleted, last_login_at, locked_until, modified_by, phone_number, phone_verified, status, terms_accepted_at, updated_at, username, version, id) 
    values
        (?, ?, ?, ?, ?, ?, ?, ?, ?, ?, ?, ?, ?, ?, ?, ?, ?, ?, ?)
2026-07-29 12:12:43.427 [main] DEBUG [] org.hibernate.SQL - 
    insert 
    into
        finflow_auth.refresh_tokens
        (created_at, created_ip, created_user_agent, expires_at, family_id, is_revoked, last_used_at, last_used_ip, refresh_token_hash, revoked_at, session_id, updated_at, user_id, version, id) 
    values
        (?, ?, ?, ?, ?, ?, ?, ?, ?, ?, ?, ?, ?, ?, ?)
2026-07-29 12:12:43.429 [main] DEBUG [] org.hibernate.SQL - 
    update
        finflow_auth.refresh_tokens 
    set
        created_ip=?,
        created_user_agent=?,
        expires_at=?,
        family_id=?,
        is_revoked=?,
        last_used_at=?,
        last_used_ip=?,
        refresh_token_hash=?,
        revoked_at=?,
        session_id=?,
        updated_at=?,
        user_id=?,
        version=? 
    where
        id=? 
        and version=?
2026-07-29 12:12:43.431 [main] DEBUG [] org.hibernate.SQL - 
    select
        rt1_0.id,
        rt1_0.created_at,
        rt1_0.created_ip,
        rt1_0.created_user_agent,
        rt1_0.expires_at,
        rt1_0.family_id,
        rt1_0.is_revoked,
        rt1_0.last_used_at,
        rt1_0.last_used_ip,
        rt1_0.refresh_token_hash,
        rt1_0.revoked_at,
        rt1_0.session_id,
        rt1_0.updated_at,
        rt1_0.user_id,
        rt1_0.version 
    from
        finflow_auth.refresh_tokens rt1_0 
    where
        rt1_0.refresh_token_hash=?
2026-07-29 12:12:43.446 [main] INFO  [] o.s.t.c.s.AnnotationConfigContextLoaderUtils - Could not detect default configuration classes for test class [com.finflow.modules.auth.repository.RefreshTokenRepositoryIntegrationTest$FindActiveByTokenHash]: FindActiveByTokenHash does not declare any static, non-private, non-final, nested classes annotated with @Configuration.
2026-07-29 12:12:43.461 [main] INFO  [] o.s.b.t.c.SpringBootTestContextBootstrapper - Found @SpringBootConfiguration com.finflow.FinFlowApplication for test class com.finflow.modules.auth.repository.RefreshTokenRepositoryIntegrationTest$FindActiveByTokenHash
2026-07-29 12:12:43.475 [main] DEBUG [] org.hibernate.SQL - 
    select
        rt1_0.id,
        rt1_0.created_at,
        rt1_0.created_ip,
        rt1_0.created_user_agent,
        rt1_0.expires_at,
        rt1_0.family_id,
        rt1_0.is_revoked,
        rt1_0.last_used_at,
        rt1_0.last_used_ip,
        rt1_0.refresh_token_hash,
        rt1_0.revoked_at,
        rt1_0.session_id,
        rt1_0.updated_at,
        rt1_0.user_id,
        rt1_0.version 
    from
        finflow_auth.refresh_tokens rt1_0
2026-07-29 12:12:43.481 [main] DEBUG [] org.hibernate.SQL - 
    select
        u1_0.id,
        u1_0.created_at,
        u1_0.created_by,
        u1_0.deleted_at,
        u1_0.deleted_by,
        u1_0.email,
        u1_0.email_verified,
        u1_0.failed_login_count,
        u1_0.is_deleted,
        u1_0.last_login_at,
        u1_0.locked_until,
        u1_0.modified_by,
        u1_0.phone_number,
        u1_0.phone_verified,
        u1_0.status,
        u1_0.terms_accepted_at,
        u1_0.updated_at,
        u1_0.username,
        u1_0.version 
    from
        finflow_auth.users u1_0
2026-07-29 12:12:43.485 [main] DEBUG [] org.hibernate.SQL - 
    select
        r1_0.id,
        r1_0.created_at,
        r1_0.description,
        r1_0.is_active,
        r1_0.is_system_role,
        r1_0.name,
        r1_0.updated_at,
        r1_0.version 
    from
        finflow_auth.roles r1_0
2026-07-29 12:12:43.494 [main] DEBUG [] org.hibernate.SQL - 
    insert 
    into
        finflow_auth.roles
        (created_at, description, is_active, is_system_role, name, updated_at, version, id) 
    values
        (?, ?, ?, ?, ?, ?, ?, ?)
2026-07-29 12:12:43.494 [main] DEBUG [] org.hibernate.SQL - 
    insert 
    into
        finflow_auth.users
        (created_at, created_by, deleted_at, deleted_by, email, email_verified, failed_login_count, is_deleted, last_login_at, locked_until, modified_by, phone_number, phone_verified, status, terms_accepted_at, updated_at, username, version, id) 
    values
        (?, ?, ?, ?, ?, ?, ?, ?, ?, ?, ?, ?, ?, ?, ?, ?, ?, ?, ?)
2026-07-29 12:12:43.494 [main] DEBUG [] org.hibernate.SQL - 
    insert 
    into
        finflow_auth.refresh_tokens
        (created_at, created_ip, created_user_agent, expires_at, family_id, is_revoked, last_used_at, last_used_ip, refresh_token_hash, revoked_at, session_id, updated_at, user_id, version, id) 
    values
        (?, ?, ?, ?, ?, ?, ?, ?, ?, ?, ?, ?, ?, ?, ?)
2026-07-29 12:12:43.498 [main] DEBUG [] org.hibernate.SQL - 
    select
        rt1_0.id,
        rt1_0.created_at,
        rt1_0.created_ip,
        rt1_0.created_user_agent,
        rt1_0.expires_at,
        rt1_0.family_id,
        rt1_0.is_revoked,
        rt1_0.last_used_at,
        rt1_0.last_used_ip,
        rt1_0.refresh_token_hash,
        rt1_0.revoked_at,
        rt1_0.session_id,
        rt1_0.updated_at,
        rt1_0.user_id,
        rt1_0.version 
    from
        finflow_auth.refresh_tokens rt1_0 
    where
        rt1_0.refresh_token_hash=? 
        and rt1_0.is_revoked=false 
        and rt1_0.expires_at>localtimestamp
2026-07-29 12:12:43.514 [main] DEBUG [] org.hibernate.SQL - 
    select
        rt1_0.id,
        rt1_0.created_at,
        rt1_0.created_ip,
        rt1_0.created_user_agent,
        rt1_0.expires_at,
        rt1_0.family_id,
        rt1_0.is_revoked,
        rt1_0.last_used_at,
        rt1_0.last_used_ip,
        rt1_0.refresh_token_hash,
        rt1_0.revoked_at,
        rt1_0.session_id,
        rt1_0.updated_at,
        rt1_0.user_id,
        rt1_0.version 
    from
        finflow_auth.refresh_tokens rt1_0
2026-07-29 12:12:43.518 [main] DEBUG [] org.hibernate.SQL - 
    select
        u1_0.id,
        u1_0.created_at,
        u1_0.created_by,
        u1_0.deleted_at,
        u1_0.deleted_by,
        u1_0.email,
        u1_0.email_verified,
        u1_0.failed_login_count,
        u1_0.is_deleted,
        u1_0.last_login_at,
        u1_0.locked_until,
        u1_0.modified_by,
        u1_0.phone_number,
        u1_0.phone_verified,
        u1_0.status,
        u1_0.terms_accepted_at,
        u1_0.updated_at,
        u1_0.username,
        u1_0.version 
    from
        finflow_auth.users u1_0
2026-07-29 12:12:43.520 [main] DEBUG [] org.hibernate.SQL - 
    select
        r1_0.id,
        r1_0.created_at,
        r1_0.description,
        r1_0.is_active,
        r1_0.is_system_role,
        r1_0.name,
        r1_0.updated_at,
        r1_0.version 
    from
        finflow_auth.roles r1_0
2026-07-29 12:12:43.524 [main] DEBUG [] org.hibernate.SQL - 
    select
        rt1_0.id,
        rt1_0.created_at,
        rt1_0.created_ip,
        rt1_0.created_user_agent,
        rt1_0.expires_at,
        rt1_0.family_id,
        rt1_0.is_revoked,
        rt1_0.last_used_at,
        rt1_0.last_used_ip,
        rt1_0.refresh_token_hash,
        rt1_0.revoked_at,
        rt1_0.session_id,
        rt1_0.updated_at,
        rt1_0.user_id,
        rt1_0.version 
    from
        finflow_auth.refresh_tokens rt1_0 
    where
        rt1_0.refresh_token_hash=? 
        and rt1_0.is_revoked=false 
        and rt1_0.expires_at>localtimestamp
2026-07-29 12:12:43.534 [main] DEBUG [] org.hibernate.SQL - 
    select
        rt1_0.id,
        rt1_0.created_at,
        rt1_0.created_ip,
        rt1_0.created_user_agent,
        rt1_0.expires_at,
        rt1_0.family_id,
        rt1_0.is_revoked,
        rt1_0.last_used_at,
        rt1_0.last_used_ip,
        rt1_0.refresh_token_hash,
        rt1_0.revoked_at,
        rt1_0.session_id,
        rt1_0.updated_at,
        rt1_0.user_id,
        rt1_0.version 
    from
        finflow_auth.refresh_tokens rt1_0
2026-07-29 12:12:43.542 [main] DEBUG [] org.hibernate.SQL - 
    select
        u1_0.id,
        u1_0.created_at,
        u1_0.created_by,
        u1_0.deleted_at,
        u1_0.deleted_by,
        u1_0.email,
        u1_0.email_verified,
        u1_0.failed_login_count,
        u1_0.is_deleted,
        u1_0.last_login_at,
        u1_0.locked_until,
        u1_0.modified_by,
        u1_0.phone_number,
        u1_0.phone_verified,
        u1_0.status,
        u1_0.terms_accepted_at,
        u1_0.updated_at,
        u1_0.username,
        u1_0.version 
    from
        finflow_auth.users u1_0
2026-07-29 12:12:43.542 [main] DEBUG [] org.hibernate.SQL - 
    select
        r1_0.id,
        r1_0.created_at,
        r1_0.description,
        r1_0.is_active,
        r1_0.is_system_role,
        r1_0.name,
        r1_0.updated_at,
        r1_0.version 
    from
        finflow_auth.roles r1_0
2026-07-29 12:12:43.552 [main] DEBUG [] org.hibernate.SQL - 
    insert 
    into
        finflow_auth.roles
        (created_at, description, is_active, is_system_role, name, updated_at, version, id) 
    values
        (?, ?, ?, ?, ?, ?, ?, ?)
2026-07-29 12:12:43.553 [main] DEBUG [] org.hibernate.SQL - 
    insert 
    into
        finflow_auth.users
        (created_at, created_by, deleted_at, deleted_by, email, email_verified, failed_login_count, is_deleted, last_login_at, locked_until, modified_by, phone_number, phone_verified, status, terms_accepted_at, updated_at, username, version, id) 
    values
        (?, ?, ?, ?, ?, ?, ?, ?, ?, ?, ?, ?, ?, ?, ?, ?, ?, ?, ?)
2026-07-29 12:12:43.556 [main] DEBUG [] org.hibernate.SQL - 
    insert 
    into
        finflow_auth.refresh_tokens
        (created_at, created_ip, created_user_agent, expires_at, family_id, is_revoked, last_used_at, last_used_ip, refresh_token_hash, revoked_at, session_id, updated_at, user_id, version, id) 
    values
        (?, ?, ?, ?, ?, ?, ?, ?, ?, ?, ?, ?, ?, ?, ?)
2026-07-29 12:12:43.556 [main] DEBUG [] org.hibernate.SQL - 
    update
        finflow_auth.refresh_tokens 
    set
        created_ip=?,
        created_user_agent=?,
        expires_at=?,
        family_id=?,
        is_revoked=?,
        last_used_at=?,
        last_used_ip=?,
        refresh_token_hash=?,
        revoked_at=?,
        session_id=?,
        updated_at=?,
        user_id=?,
        version=? 
    where
        id=? 
        and version=?
2026-07-29 12:12:43.559 [main] DEBUG [] org.hibernate.SQL - 
    select
        rt1_0.id,
        rt1_0.created_at,
        rt1_0.created_ip,
        rt1_0.created_user_agent,
        rt1_0.expires_at,
        rt1_0.family_id,
        rt1_0.is_revoked,
        rt1_0.last_used_at,
        rt1_0.last_used_ip,
        rt1_0.refresh_token_hash,
        rt1_0.revoked_at,
        rt1_0.session_id,
        rt1_0.updated_at,
        rt1_0.user_id,
        rt1_0.version 
    from
        finflow_auth.refresh_tokens rt1_0 
    where
        rt1_0.refresh_token_hash=? 
        and rt1_0.is_revoked=false 
        and rt1_0.expires_at>localtimestamp
2026-07-29 12:12:43.573 [main] DEBUG [] org.hibernate.SQL - 
    select
        rt1_0.id,
        rt1_0.created_at,
        rt1_0.created_ip,
        rt1_0.created_user_agent,
        rt1_0.expires_at,
        rt1_0.family_id,
        rt1_0.is_revoked,
        rt1_0.last_used_at,
        rt1_0.last_used_ip,
        rt1_0.refresh_token_hash,
        rt1_0.revoked_at,
        rt1_0.session_id,
        rt1_0.updated_at,
        rt1_0.user_id,
        rt1_0.version 
    from
        finflow_auth.refresh_tokens rt1_0
2026-07-29 12:12:43.573 [main] DEBUG [] org.hibernate.SQL - 
    select
        u1_0.id,
        u1_0.created_at,
        u1_0.created_by,
        u1_0.deleted_at,
        u1_0.deleted_by,
        u1_0.email,
        u1_0.email_verified,
        u1_0.failed_login_count,
        u1_0.is_deleted,
        u1_0.last_login_at,
        u1_0.locked_until,
        u1_0.modified_by,
        u1_0.phone_number,
        u1_0.phone_verified,
        u1_0.status,
        u1_0.terms_accepted_at,
        u1_0.updated_at,
        u1_0.username,
        u1_0.version 
    from
        finflow_auth.users u1_0
2026-07-29 12:12:43.573 [main] DEBUG [] org.hibernate.SQL - 
    select
        r1_0.id,
        r1_0.created_at,
        r1_0.description,
        r1_0.is_active,
        r1_0.is_system_role,
        r1_0.name,
        r1_0.updated_at,
        r1_0.version 
    from
        finflow_auth.roles r1_0
2026-07-29 12:12:43.585 [main] DEBUG [] org.hibernate.SQL - 
    insert 
    into
        finflow_auth.roles
        (created_at, description, is_active, is_system_role, name, updated_at, version, id) 
    values
        (?, ?, ?, ?, ?, ?, ?, ?)
2026-07-29 12:12:43.585 [main] DEBUG [] org.hibernate.SQL - 
    insert 
    into
        finflow_auth.users
        (created_at, created_by, deleted_at, deleted_by, email, email_verified, failed_login_count, is_deleted, last_login_at, locked_until, modified_by, phone_number, phone_verified, status, terms_accepted_at, updated_at, username, version, id) 
    values
        (?, ?, ?, ?, ?, ?, ?, ?, ?, ?, ?, ?, ?, ?, ?, ?, ?, ?, ?)
2026-07-29 12:12:43.588 [main] DEBUG [] org.hibernate.SQL - 
    insert 
    into
        finflow_auth.refresh_tokens
        (created_at, created_ip, created_user_agent, expires_at, family_id, is_revoked, last_used_at, last_used_ip, refresh_token_hash, revoked_at, session_id, updated_at, user_id, version, id) 
    values
        (?, ?, ?, ?, ?, ?, ?, ?, ?, ?, ?, ?, ?, ?, ?)
2026-07-29 12:12:43.589 [main] DEBUG [] org.hibernate.SQL - 
    select
        rt1_0.id,
        rt1_0.created_at,
        rt1_0.created_ip,
        rt1_0.created_user_agent,
        rt1_0.expires_at,
        rt1_0.family_id,
        rt1_0.is_revoked,
        rt1_0.last_used_at,
        rt1_0.last_used_ip,
        rt1_0.refresh_token_hash,
        rt1_0.revoked_at,
        rt1_0.session_id,
        rt1_0.updated_at,
        rt1_0.user_id,
        rt1_0.version 
    from
        finflow_auth.refresh_tokens rt1_0 
    where
        rt1_0.refresh_token_hash=? 
        and rt1_0.is_revoked=false 
        and rt1_0.expires_at>localtimestamp
2026-07-29 12:12:44.222 [main] INFO  [] c.f.m.b.service.BeneficiaryService - Changing beneficiary status: id=ad4fb989-df21-46bf-9775-127c2c03baf1, status=BLOCKED, userId=9a1aaf79-ebcd-463e-b6c6-b50ae3d0dff5
2026-07-29 12:12:44.226 [main] INFO  [] c.f.m.b.service.BeneficiaryService - Beneficiary status changed: id=ad4fb989-df21-46bf-9775-127c2c03baf1, status=BLOCKED
2026-07-29 12:12:44.237 [main] INFO  [] c.f.m.b.service.BeneficiaryService - Deleting beneficiary: id=569b4519-f6ea-4116-b87b-e29d1e0aec24, userId=ba56a111-602c-45d5-89de-1b7bc6b3122b
2026-07-29 12:12:44.237 [main] INFO  [] c.f.m.b.service.BeneficiaryService - Beneficiary deleted: id=569b4519-f6ea-4116-b87b-e29d1e0aec24
2026-07-29 12:12:44.247 [main] INFO  [] c.f.m.b.service.BeneficiaryService - Updating beneficiary: id=2ba4f869-42e6-4001-84c7-579fb638a487, userId=f7be7b5b-86aa-4520-99f7-a157395a34d3
2026-07-29 12:12:44.247 [main] INFO  [] c.f.m.b.service.BeneficiaryService - Beneficiary updated: id=2ba4f869-42e6-4001-84c7-579fb638a487
2026-07-29 12:12:44.276 [main] INFO  [] c.f.m.b.service.BeneficiaryService - Creating beneficiary: userId=c36618c8-f206-4d06-aafd-f6f88bc5c15f, name=John Doe
2026-07-29 12:12:44.285 [main] INFO  [] c.f.m.b.service.BeneficiaryService - Creating beneficiary: userId=a627e3a9-432a-47bc-bebc-d94840051f1c, name=John Doe
2026-07-29 12:12:44.287 [main] INFO  [] c.f.m.b.service.BeneficiaryService - Beneficiary created: id=null
2026-07-29 12:12:44.923 [main] INFO  [] c.f.m.n.service.NotificationService - Notification deleted: id=05008a0f-3d39-4f5c-8153-a97a27b360bf, userId=b59408eb-9d7e-44d8-87ea-f35d7b3f5b6d
2026-07-29 12:12:44.938 [main] INFO  [] c.f.m.n.service.NotificationService - Marking all notifications read for user: 55efa338-4371-4954-b6d2-8b70240e6eed
2026-07-29 12:12:45.233 [main] INFO  [] c.f.m.p.service.UserProfileService - Profile updated: userId=ca57c468-2c80-4fc2-b127-e255bdb6a1ba
2026-07-29 12:12:45.242 [main] INFO  [] c.f.m.p.service.UserProfileService - Default profile created: userId=6915206c-3035-4896-aad8-6038c0f28bcf
2026-07-29 12:12:45.243 [main] INFO  [] c.f.m.p.service.UserProfileService - Profile updated: userId=6915206c-3035-4896-aad8-6038c0f28bcf
2026-07-29 12:12:45.248 [main] INFO  [] c.f.m.p.service.UserProfileService - Profile updated: userId=ba9d0822-51f0-4b77-89ab-2d13e14e4a54
2026-07-29 12:12:45.252 [main] INFO  [] c.f.m.p.service.UserProfileService - Profile updated: userId=51d4f736-98ef-42bc-851a-35032a0b7c83
2026-07-29 12:12:45.260 [main] INFO  [] c.f.m.p.service.UserProfileService - Profile updated: userId=e380b385-f777-44bb-a37b-faef0ffde01f
2026-07-29 12:12:45.270 [main] INFO  [] c.f.m.p.service.UserProfileService - Profile updated: userId=5ba30130-1199-4ac7-9e53-bb6b42a91eee
2026-07-29 12:12:45.276 [main] INFO  [] c.f.m.p.service.UserProfileService - Default profile created: userId=e663ac05-97d5-4544-9466-6fcc413da927
2026-07-29 12:12:45.885 [main] INFO  [] c.f.m.s.service.SettingService - Setting deleted: userId=e46bfae7-c167-4b6a-b7d6-0942be5ed3e5, key=notification_email
2026-07-29 12:12:45.975 [main] INFO  [] c.f.m.s.service.SettingService - Bulk settings updated: userId=ffe815a7-41fd-44bf-8bd3-9d6cc6da0238, count=2
2026-07-29 12:12:45.988 [main] INFO  [] c.f.m.s.service.SettingService - Setting updated: userId=0aa493ec-00db-403f-aa9f-3a0399bc0aa9, key=notification_email, value=true
2026-07-29 12:12:46.002 [main] INFO  [] c.f.m.s.service.SettingService - Setting updated: userId=a73e9fa4-92e3-416d-8905-27cb323fc1a9, key=notification_email, value=true
2026-07-29 12:12:46.008 [main] INFO  [] c.f.m.s.service.SettingService - Setting updated: userId=abe9d7cf-34f8-4837-b147-7e6e9598dd79, key=language, value=es
2026-07-29 12:12:46.334 [main] INFO  [] c.f.m.t.service.TransactionService - Cancelling transaction: txnId=f53c5acc-00e0-4a7b-b0f9-dcdcc9a764c7, userId=667c768c-bb31-4506-a5b1-8a7ccb01e8a9
2026-07-29 12:12:46.342 [main] INFO  [] c.f.m.t.service.TransactionService - Cancelling transaction: txnId=231a383d-92fd-44f1-8141-1c9607a60e00, userId=563bb61f-424c-43ac-bc26-c0ebb3a681b9
2026-07-29 12:12:46.342 [main] INFO  [] c.f.m.t.service.TransactionService - Transaction cancelled: txnId=231a383d-92fd-44f1-8141-1c9607a60e00
2026-07-29 12:12:46.362 [main] INFO  [] c.f.m.t.service.TransactionService - Creating transfer: userId=8ff4fa27-96f9-454e-bb90-04ec3d0e28e4, amountCents=50000, source=e99e59aa-2573-469c-8766-e22f15ad6492, target=6f90ca27-d889-4344-85d4-a3432a6f1505
2026-07-29 12:12:46.376 [main] INFO  [] c.f.m.t.service.TransactionService - Creating transfer: userId=9cda2628-c86b-4234-a858-f2be0871017d, amountCents=3000, source=78613fa9-5828-4e7b-9d78-08f390b4e2f5, target=78613fa9-5828-4e7b-9d78-08f390b4e2f5
2026-07-29 12:12:46.386 [main] INFO  [] c.f.m.t.service.TransactionService - Creating transfer: userId=047883dd-26e7-4a0e-a6ed-5cd686b65365, amountCents=3000, source=e1172d99-dc7a-412f-8b14-592dac5757cd, target=51070877-6125-4923-bf74-5154fbc986d0
2026-07-29 12:12:46.388 [main] INFO  [] c.f.m.t.service.TransactionService - Transfer completed: txnId=null, ref=TXN-1785307366386-9D22D4C7
2026-07-29 12:12:46.396 [main] INFO  [] c.f.m.t.service.TransactionService - Creating withdrawal: userId=56cc88ea-baa0-46da-bcbc-1e60e8906dcc, amountCents=2000, accountId=6e0e74d2-c6d3-46cc-b07c-f5ed0b9f31de
2026-07-29 12:12:46.396 [main] INFO  [] c.f.m.t.service.TransactionService - Withdrawal completed: txnId=null, ref=TXN-1785307366396-27EFFCBE
2026-07-29 12:12:46.404 [main] INFO  [] c.f.m.t.service.TransactionService - Creating withdrawal: userId=3ae4dac4-eaf3-4aca-99f5-bd3771c943aa, amountCents=20000, accountId=764c64f0-3a71-4457-be35-a23c7299bbd2
2026-07-29 12:12:46.416 [main] INFO  [] c.f.m.t.service.TransactionService - Creating deposit: userId=cf9c676a-c75a-491c-802b-9e3e18e40bb1, amountCents=0, accountId=11609d89-caa6-4412-87e9-346f0cfec63a
2026-07-29 12:12:46.422 [main] INFO  [] c.f.m.t.service.TransactionService - Creating deposit: userId=63d71f5b-104c-4081-ba37-35228148db0e, amountCents=5000, accountId=a44cc6a4-b26a-400f-9b37-c283c1d66dde
2026-07-29 12:12:46.428 [main] INFO  [] c.f.m.t.service.TransactionService - Creating deposit: userId=e0db01f2-d5de-4f06-97ab-54327be95ca7, amountCents=5000, accountId=fe4c02f5-bdef-43a1-92db-0bd3202faec0
2026-07-29 12:12:46.428 [main] INFO  [] c.f.m.t.service.TransactionService - Deposit completed: txnId=null, ref=TXN-1785307366428-C85513B7
2026-07-29 12:12:46.437 [main] INFO  [] c.f.m.t.service.TransactionService - Creating deposit: userId=58c6b2fe-0607-4ce8-a5e0-6074e0466c99, amountCents=5000, accountId=223c421d-322c-4fec-88c0-71ffae4f7956
2026-07-29 12:12:47.708 [main] INFO  [] c.f.s.config.JwtSigningKeyProvider - JWT signing keys loaded. Active key: 'primary', total keys: 1
2026-07-29 12:12:47.948 [main] DEBUG [] c.f.s.config.JwtSigningKeyProvider - Could not extract kid from token: Malformed protected header JSON: Unable to deserialize: Unrecognized token 'm': was expecting (JSON String, Number, Array, Object or token 'null', 'true' or 'false')
 at [Source: REDACTED (`StreamReadFeature.INCLUDE_SOURCE_IN_LOCATION` disabled); line: 1, column: 2]
2026-07-29 12:12:47.948 [main] DEBUG [] c.f.shared.config.JwtTokenProvider - Invalid JWT token: Malformed protected header JSON: Unable to deserialize: Unrecognized token 'm': was expecting (JSON String, Number, Array, Object or token 'null', 'true' or 'false')
 at [Source: REDACTED (`StreamReadFeature.INCLUDE_SOURCE_IN_LOCATION` disabled); line: 1, column: 2]
2026-07-29 12:12:47.956 [main] INFO  [] c.f.s.config.JwtSigningKeyProvider - JWT signing keys loaded. Active key: 'primary', total keys: 1
2026-07-29 12:12:47.958 [main] INFO  [] c.f.s.config.JwtSigningKeyProvider - JWT signing keys loaded. Active key: 'primary', total keys: 1
2026-07-29 12:12:47.960 [main] INFO  [] c.f.s.config.JwtSigningKeyProvider - JWT signing keys loaded. Active key: 'primary', total keys: 1
2026-07-29 12:12:48.060 [main] INFO  [] c.f.s.config.JwtSigningKeyProvider - JWT signing keys loaded. Active key: 'primary', total keys: 1
2026-07-29 12:12:48.060 [main] DEBUG [] c.f.s.config.JwtSigningKeyProvider - Could not extract kid from token: Invalid compact JWT string: Compact JWSs must contain exactly 2 period characters, and compact JWEs must contain exactly 4.  Found: 0
2026-07-29 12:12:48.060 [main] DEBUG [] c.f.shared.config.JwtTokenProvider - Invalid JWT token: Invalid compact JWT string: Compact JWSs must contain exactly 2 period characters, and compact JWEs must contain exactly 4.  Found: 0
2026-07-29 12:12:48.064 [main] INFO  [] c.f.s.config.JwtSigningKeyProvider - JWT signing keys loaded. Active key: 'primary', total keys: 1
2026-07-29 12:12:48.131 [main] INFO  [] c.f.s.config.JwtSigningKeyProvider - JWT signing keys loaded. Active key: 'primary', total keys: 1
2026-07-29 12:12:48.138 [main] INFO  [] c.f.s.config.JwtSigningKeyProvider - JWT signing keys loaded. Active key: 'primary', total keys: 1
2026-07-29 12:12:48.140 [main] DEBUG [] c.f.s.config.JwtSigningKeyProvider - Could not extract kid from token: Malformed protected header JSON: Unable to deserialize: Unexpected character ('�' (code 65533 / 0xfffd)): expected a valid value (JSON String, Number, Array, Object or token 'null', 'true' or 'false')
 at [Source: REDACTED (`StreamReadFeature.INCLUDE_SOURCE_IN_LOCATION` disabled); line: 1, column: 1]
2026-07-29 12:12:48.143 [main] DEBUG [] c.f.shared.config.JwtTokenProvider - Invalid JWT token: Malformed protected header JSON: Unable to deserialize: Unexpected character ('�' (code 65533 / 0xfffd)): expected a valid value (JSON String, Number, Array, Object or token 'null', 'true' or 'false')
 at [Source: REDACTED (`StreamReadFeature.INCLUDE_SOURCE_IN_LOCATION` disabled); line: 1, column: 1]
2026-07-29 12:12:48.143 [main] INFO  [] c.f.s.config.JwtSigningKeyProvider - JWT signing keys loaded. Active key: 'primary', total keys: 1
2026-07-29 12:12:48.151 [main] INFO  [] c.f.s.config.JwtSigningKeyProvider - JWT signing keys loaded. Active key: 'primary', total keys: 1
2026-07-29 12:12:48.175 [main] INFO  [] c.f.s.config.JwtSigningKeyProvider - JWT signing keys loaded. Active key: 'primary', total keys: 1
2026-07-29 12:12:48.179 [main] INFO  [] c.f.s.config.JwtSigningKeyProvider - JWT signing keys loaded. Active key: 'primary', total keys: 1
2026-07-29 12:12:48.179 [main] INFO  [] c.f.s.config.JwtSigningKeyProvider - JWT signing keys loaded. Active key: 'primary', total keys: 1
2026-07-29 12:12:48.187 [main] DEBUG [] c.f.shared.config.JwtTokenProvider - Invalid JWT token: Expected iss claim to be: wrong-issuer, but was: finflow.
2026-07-29 12:12:48.189 [main] INFO  [] c.f.s.config.JwtSigningKeyProvider - JWT signing keys loaded. Active key: 'primary', total keys: 1
2026-07-29 12:12:48.197 [main] INFO  [] c.f.s.config.JwtSigningKeyProvider - JWT signing keys loaded. Active key: 'primary', total keys: 1
2026-07-29 12:12:48.197 [main] INFO  [] c.f.s.config.JwtSigningKeyProvider - JWT signing keys loaded. Active key: 'other', total keys: 1
2026-07-29 12:12:48.201 [main] DEBUG [] c.f.s.config.JwtSigningKeyProvider - Could not extract kid from token: JWT signature does not match locally computed signature. JWT validity cannot be asserted and should not be trusted.
2026-07-29 12:12:48.201 [main] WARN  [] c.f.shared.config.JwtTokenProvider - JWT signature validation failed: JWT signature does not match locally computed signature. JWT validity cannot be asserted and should not be trusted.
2026-07-29 12:12:48.240 [SpringApplicationShutdownHook] INFO  [] o.s.o.j.LocalContainerEntityManagerFactoryBean - Closing JPA EntityManagerFactory for persistence unit 'default'
2026-07-29 12:12:48.777 [SpringApplicationShutdownHook] DEBUG [] org.hibernate.SQL - 
    drop table if exists finflow_accounts.account_holders cascade 
2026-07-29 12:12:48.779 [SpringApplicationShutdownHook] DEBUG [] org.hibernate.SQL - 
    drop table if exists finflow_accounts.account_status_history cascade 
2026-07-29 12:12:48.779 [SpringApplicationShutdownHook] DEBUG [] org.hibernate.SQL - 
    drop table if exists finflow_accounts.accounts cascade 
2026-07-29 12:12:48.779 [SpringApplicationShutdownHook] DEBUG [] org.hibernate.SQL - 
    drop table if exists finflow_accounts.beneficiaries cascade 
2026-07-29 12:12:48.785 [SpringApplicationShutdownHook] DEBUG [] org.hibernate.SQL - 
    drop table if exists finflow_accounts.card_transactions cascade 
2026-07-29 12:12:48.787 [SpringApplicationShutdownHook] DEBUG [] org.hibernate.SQL - 
    drop table if exists finflow_accounts.cards cascade 
2026-07-29 12:12:48.787 [SpringApplicationShutdownHook] DEBUG [] org.hibernate.SQL - 
    drop table if exists finflow_accounts.holds cascade 
2026-07-29 12:12:48.787 [SpringApplicationShutdownHook] DEBUG [] org.hibernate.SQL - 
    drop table if exists finflow_admin.admin_audit_log cascade 
2026-07-29 12:12:48.789 [SpringApplicationShutdownHook] DEBUG [] org.hibernate.SQL - 
    drop table if exists finflow_auth.login_history cascade 
2026-07-29 12:12:48.789 [SpringApplicationShutdownHook] DEBUG [] org.hibernate.SQL - 
    drop table if exists finflow_auth.refresh_tokens cascade 
2026-07-29 12:12:48.791 [SpringApplicationShutdownHook] DEBUG [] org.hibernate.SQL - 
    drop table if exists finflow_auth.roles cascade 
2026-07-29 12:12:48.791 [SpringApplicationShutdownHook] DEBUG [] org.hibernate.SQL - 
    drop table if exists finflow_auth.user_credentials cascade 
2026-07-29 12:12:48.793 [SpringApplicationShutdownHook] DEBUG [] org.hibernate.SQL - 
    drop table if exists finflow_auth.user_roles cascade 
2026-07-29 12:12:48.793 [SpringApplicationShutdownHook] DEBUG [] org.hibernate.SQL - 
    drop table if exists finflow_auth.users cascade 
2026-07-29 12:12:48.795 [SpringApplicationShutdownHook] DEBUG [] org.hibernate.SQL - 
    drop table if exists finflow_notifications.notifications cascade 
2026-07-29 12:12:48.795 [SpringApplicationShutdownHook] DEBUG [] org.hibernate.SQL - 
    drop table if exists finflow_profiles.user_profiles cascade 
2026-07-29 12:12:48.795 [SpringApplicationShutdownHook] DEBUG [] org.hibernate.SQL - 
    drop table if exists finflow_savings.savings_goals cascade 
2026-07-29 12:12:48.795 [SpringApplicationShutdownHook] DEBUG [] org.hibernate.SQL - 
    drop table if exists finflow_settings.user_settings cascade 
2026-07-29 12:12:48.797 [SpringApplicationShutdownHook] DEBUG [] org.hibernate.SQL - 
    drop table if exists finflow_transactions.transaction_entries cascade 
2026-07-29 12:12:48.797 [SpringApplicationShutdownHook] DEBUG [] org.hibernate.SQL - 
    drop table if exists finflow_transactions.transactions cascade 
2026-07-29 12:12:48.797 [SpringApplicationShutdownHook] DEBUG [] org.hibernate.SQL - 
    drop table if exists finflow_transfers.scheduled_transfers cascade 
2026-07-29 12:12:48.799 [SpringApplicationShutdownHook] DEBUG [] org.hibernate.SQL - 
    drop table if exists finflow_transfers.transfer_templates cascade 
2026-07-29 12:12:48.803 [SpringApplicationShutdownHook] INFO  [] o.s.o.j.LocalContainerEntityManagerFactoryBean - Closing JPA EntityManagerFactory for persistence unit 'default'
2026-07-29 12:12:48.803 [SpringApplicationShutdownHook] DEBUG [] org.hibernate.SQL - 
    drop table if exists finflow_accounts.account_holders cascade 
2026-07-29 12:12:48.805 [SpringApplicationShutdownHook] DEBUG [] org.hibernate.SQL - 
    drop table if exists finflow_accounts.account_status_history cascade 
2026-07-29 12:12:48.807 [SpringApplicationShutdownHook] DEBUG [] org.hibernate.SQL - 
    drop table if exists finflow_accounts.accounts cascade 
2026-07-29 12:12:48.807 [SpringApplicationShutdownHook] DEBUG [] org.hibernate.SQL - 
    drop table if exists finflow_accounts.beneficiaries cascade 
2026-07-29 12:12:48.807 [SpringApplicationShutdownHook] DEBUG [] org.hibernate.SQL - 
    drop table if exists finflow_accounts.card_transactions cascade 
2026-07-29 12:12:48.809 [SpringApplicationShutdownHook] DEBUG [] org.hibernate.SQL - 
    drop table if exists finflow_accounts.cards cascade 
2026-07-29 12:12:48.809 [SpringApplicationShutdownHook] DEBUG [] org.hibernate.SQL - 
    drop table if exists finflow_accounts.holds cascade 
2026-07-29 12:12:48.809 [SpringApplicationShutdownHook] DEBUG [] org.hibernate.SQL - 
    drop table if exists finflow_admin.admin_audit_log cascade 
2026-07-29 12:12:48.811 [SpringApplicationShutdownHook] DEBUG [] org.hibernate.SQL - 
    drop table if exists finflow_auth.login_history cascade 
2026-07-29 12:12:48.811 [SpringApplicationShutdownHook] DEBUG [] org.hibernate.SQL - 
    drop table if exists finflow_auth.refresh_tokens cascade 
2026-07-29 12:12:48.813 [SpringApplicationShutdownHook] DEBUG [] org.hibernate.SQL - 
    drop table if exists finflow_auth.roles cascade 
2026-07-29 12:12:48.813 [SpringApplicationShutdownHook] DEBUG [] org.hibernate.SQL - 
    drop table if exists finflow_auth.user_credentials cascade 
2026-07-29 12:12:48.815 [SpringApplicationShutdownHook] DEBUG [] org.hibernate.SQL - 
    drop table if exists finflow_auth.user_roles cascade 
2026-07-29 12:12:48.815 [SpringApplicationShutdownHook] DEBUG [] org.hibernate.SQL - 
    drop table if exists finflow_auth.users cascade 
2026-07-29 12:12:48.815 [SpringApplicationShutdownHook] DEBUG [] org.hibernate.SQL - 
    drop table if exists finflow_notifications.notifications cascade 
2026-07-29 12:12:48.817 [SpringApplicationShutdownHook] DEBUG [] org.hibernate.SQL - 
    drop table if exists finflow_profiles.user_profiles cascade 
2026-07-29 12:12:48.819 [SpringApplicationShutdownHook] DEBUG [] org.hibernate.SQL - 
    drop table if exists finflow_savings.savings_goals cascade 
2026-07-29 12:12:48.819 [SpringApplicationShutdownHook] DEBUG [] org.hibernate.SQL - 
    drop table if exists finflow_settings.user_settings cascade 
2026-07-29 12:12:48.820 [SpringApplicationShutdownHook] DEBUG [] org.hibernate.SQL - 
    drop table if exists finflow_transactions.transaction_entries cascade 
2026-07-29 12:12:48.820 [SpringApplicationShutdownHook] DEBUG [] org.hibernate.SQL - 
    drop table if exists finflow_transactions.transactions cascade 
2026-07-29 12:12:48.820 [SpringApplicationShutdownHook] DEBUG [] org.hibernate.SQL - 
    drop table if exists finflow_transfers.scheduled_transfers cascade 
2026-07-29 12:12:48.820 [SpringApplicationShutdownHook] DEBUG [] org.hibernate.SQL - 
    drop table if exists finflow_transfers.transfer_templates cascade 
2026-07-29 12:36:10.193 [main] INFO  [] c.f.m.a.r.AuthRepositoryIntegrationTest - Starting AuthRepositoryIntegrationTest using Java 21.0.11 with PID 25552 (started by Lenovo in C:\Users\Lenovo\OneDrive\Desktop\FinFlow\backend)
2026-07-29 12:36:10.226 [main] DEBUG [] c.f.m.a.r.AuthRepositoryIntegrationTest - Running with Spring Boot v3.4.1, Spring v6.2.1
2026-07-29 12:36:10.226 [main] INFO  [] c.f.m.a.r.AuthRepositoryIntegrationTest - The following 1 profile is active: "test"
2026-07-29 12:36:11.528 [main] INFO  [] o.s.d.r.c.RepositoryConfigurationDelegate - Multiple Spring Data modules found, entering strict repository configuration mode
2026-07-29 12:36:11.535 [main] INFO  [] o.s.d.r.c.RepositoryConfigurationDelegate - Bootstrapping Spring Data JPA repositories in DEFAULT mode.
2026-07-29 12:36:12.048 [main] INFO  [] o.s.d.r.c.RepositoryConfigurationDelegate - Finished Spring Data repository scanning in 468 ms. Found 22 JPA repository interfaces.
2026-07-29 12:36:12.188 [main] INFO  [] o.s.b.t.a.j.TestDatabaseAutoConfiguration$EmbeddedDataSourceBeanFactoryPostProcessor - Replacing 'dataSource' DataSource bean with embedded version
2026-07-29 12:36:12.705 [main] INFO  [] o.s.j.d.e.EmbeddedDatabaseFactory - Starting embedded database: url='jdbc:h2:mem:efb5715b-c4bb-47c8-89a9-0823367b9a65;DB_CLOSE_DELAY=-1;DB_CLOSE_ON_EXIT=false', username='sa'
2026-07-29 12:36:13.892 [main] INFO  [] o.h.jpa.internal.util.LogHelper - HHH000204: Processing PersistenceUnitInfo [name: default]
2026-07-29 12:36:14.105 [main] INFO  [] org.hibernate.Version - HHH000412: Hibernate ORM core version 6.6.4.Final
2026-07-29 12:36:14.212 [main] INFO  [] o.h.c.i.RegionFactoryInitiator - HHH000026: Second-level cache disabled
2026-07-29 12:36:14.709 [main] INFO  [] o.s.o.j.p.SpringPersistenceUnitInfo - No LoadTimeWeaver setup: ignoring JPA class transformer
2026-07-29 12:36:14.870 [main] WARN  [] org.hibernate.orm.deprecation - HHH90000025: H2Dialect does not need to be specified explicitly using 'hibernate.dialect' (remove the property setting and it will be selected by default)
2026-07-29 12:36:14.947 [main] INFO  [] o.hibernate.orm.connections.pooling - HHH10001005: Database info:
	Database JDBC URL [Connecting through datasource 'org.springframework.jdbc.datasource.embedded.EmbeddedDatabaseFactory$EmbeddedDataSourceProxy@e31b846']
	Database driver: undefined/unknown
	Database version: 2.3.232
	Autocommit mode: undefined/unknown
	Isolation level: undefined/unknown
	Minimum pool size: undefined/unknown
	Maximum pool size: undefined/unknown
2026-07-29 12:36:18.787 [main] INFO  [] o.h.e.t.j.p.i.JtaPlatformInitiator - HHH000489: No JTA platform available (set 'hibernate.transaction.jta.platform' to enable JTA platform integration)
2026-07-29 12:36:18.837 [main] DEBUG [] org.hibernate.SQL - 
    drop table if exists finflow_accounts.account_holders cascade 
2026-07-29 12:36:18.837 [main] DEBUG [] org.hibernate.SQL - 
    drop table if exists finflow_accounts.account_status_history cascade 
2026-07-29 12:36:18.837 [main] DEBUG [] org.hibernate.SQL - 
    drop table if exists finflow_accounts.accounts cascade 
2026-07-29 12:36:18.837 [main] DEBUG [] org.hibernate.SQL - 
    drop table if exists finflow_accounts.beneficiaries cascade 
2026-07-29 12:36:18.837 [main] DEBUG [] org.hibernate.SQL - 
    drop table if exists finflow_accounts.card_transactions cascade 
2026-07-29 12:36:18.837 [main] DEBUG [] org.hibernate.SQL - 
    drop table if exists finflow_accounts.cards cascade 
2026-07-29 12:36:18.837 [main] DEBUG [] org.hibernate.SQL - 
    drop table if exists finflow_accounts.holds cascade 
2026-07-29 12:36:18.837 [main] DEBUG [] org.hibernate.SQL - 
    drop table if exists finflow_admin.admin_audit_log cascade 
2026-07-29 12:36:18.837 [main] DEBUG [] org.hibernate.SQL - 
    drop table if exists finflow_auth.login_history cascade 
2026-07-29 12:36:18.837 [main] DEBUG [] org.hibernate.SQL - 
    drop table if exists finflow_auth.refresh_tokens cascade 
2026-07-29 12:36:18.837 [main] DEBUG [] org.hibernate.SQL - 
    drop table if exists finflow_auth.roles cascade 
2026-07-29 12:36:18.845 [main] DEBUG [] org.hibernate.SQL - 
    drop table if exists finflow_auth.user_credentials cascade 
2026-07-29 12:36:18.845 [main] DEBUG [] org.hibernate.SQL - 
    drop table if exists finflow_auth.user_roles cascade 
2026-07-29 12:36:18.846 [main] DEBUG [] org.hibernate.SQL - 
    drop table if exists finflow_auth.users cascade 
2026-07-29 12:36:18.846 [main] DEBUG [] org.hibernate.SQL - 
    drop table if exists finflow_notifications.notifications cascade 
2026-07-29 12:36:18.846 [main] DEBUG [] org.hibernate.SQL - 
    drop table if exists finflow_profiles.user_profiles cascade 
2026-07-29 12:36:18.846 [main] DEBUG [] org.hibernate.SQL - 
    drop table if exists finflow_savings.savings_goals cascade 
2026-07-29 12:36:18.846 [main] DEBUG [] org.hibernate.SQL - 
    drop table if exists finflow_settings.user_settings cascade 
2026-07-29 12:36:18.846 [main] DEBUG [] org.hibernate.SQL - 
    drop table if exists finflow_transactions.transaction_entries cascade 
2026-07-29 12:36:18.846 [main] DEBUG [] org.hibernate.SQL - 
    drop table if exists finflow_transactions.transactions cascade 
2026-07-29 12:36:18.846 [main] DEBUG [] org.hibernate.SQL - 
    drop table if exists finflow_transfers.scheduled_transfers cascade 
2026-07-29 12:36:18.846 [main] DEBUG [] org.hibernate.SQL - 
    drop table if exists finflow_transfers.transfer_templates cascade 
2026-07-29 12:36:18.863 [main] DEBUG [] org.hibernate.SQL - 
    create table finflow_accounts.account_holders (
        created_at timestamp(6) not null,
        updated_at timestamp(6) not null,
        version bigint not null,
        account_id CHAR(36) not null,
        id CHAR(36) not null,
        user_id varchar(36) not null,
        ownership_type enum ('AUTHORIZED','JOINT','PRIMARY') not null,
        primary key (id),
        unique (account_id, user_id)
    )
2026-07-29 12:36:18.886 [main] DEBUG [] org.hibernate.SQL - 
    create table finflow_accounts.account_status_history (
        changed_at timestamp(6) not null,
        id bigint generated by default as identity,
        new_status varchar(25) not null,
        previous_status varchar(25),
        account_id CHAR(36) not null,
        changed_by varchar(36) not null,
        reason varchar(500),
        primary key (id)
    )
2026-07-29 12:36:18.894 [main] DEBUG [] org.hibernate.SQL - 
    create table finflow_accounts.accounts (
        currency varchar(3) not null,
        is_deleted boolean not null,
        available_balance_cents bigint not null,
        created_at timestamp(6) not null,
        deleted_at timestamp(6),
        ledger_balance_cents bigint not null,
        updated_at timestamp(6) not null,
        version bigint not null,
        account_number varchar(20) not null unique,
        created_by varchar(36) not null,
        deleted_by varchar(36),
        id CHAR(36) not null,
        modified_by varchar(36) not null,
        owner_id varchar(36) not null,
        nickname varchar(100),
        account_status enum ('ACTIVE','CLOSED','PENDING','RESTRICTED','SUSPENDED') not null,
        account_type enum ('CHECKING','CREDIT','INVESTMENT','SAVINGS') not null,
        primary key (id)
    )
2026-07-29 12:36:18.894 [main] DEBUG [] org.hibernate.SQL - 
    create table finflow_accounts.beneficiaries (
        currency varchar(3) not null,
        is_deleted boolean not null,
        created_at timestamp(6) not null,
        deleted_at timestamp(6),
        updated_at timestamp(6) not null,
        version bigint not null,
        routing_number varchar(20),
        swift_code varchar(20),
        created_by varchar(36) not null,
        deleted_by varchar(36),
        id CHAR(36) not null,
        modified_by varchar(36) not null,
        owner_id varchar(36) not null,
        account_number varchar(50) not null,
        iban varchar(50),
        nickname varchar(100),
        bank_name varchar(200),
        beneficiary_name varchar(200) not null,
        email varchar(254),
        beneficiary_status enum ('ACTIVE','BLOCKED','INACTIVE') not null,
        primary key (id),
        constraint uk_beneficiary_account unique (owner_id, account_number)
    )
2026-07-29 12:36:18.904 [main] DEBUG [] org.hibernate.SQL - 
    create table finflow_accounts.card_transactions (
        currency varchar(3) not null,
        amount_cents bigint not null,
        created_at timestamp(6) not null,
        updated_at timestamp(6) not null,
        version bigint not null,
        authorization_code varchar(20),
        card_id varchar(36) not null,
        id CHAR(36) not null,
        merchant_category varchar(50),
        merchant_name varchar(200),
        status enum ('AUTHORIZED','CAPTURED','DECLINED','REFUNDED','REVERSED','SETTLED') not null,
        transaction_type enum ('AUTHORIZATION','CAPTURE','CASHBACK','FEE','REFUND','REVERSAL','SETTLEMENT') not null,
        primary key (id)
    )
2026-07-29 12:36:18.904 [main] DEBUG [] org.hibernate.SQL - 
    create table finflow_accounts.cards (
        card_last_four varchar(4) not null,
        currency varchar(3) not null,
        expiry_month integer not null,
        expiry_year integer not null,
        pin_set boolean not null,
        created_at timestamp(6) not null,
        credit_limit_cents bigint,
        daily_limit_cents bigint,
        monthly_limit_cents bigint,
        updated_at timestamp(6) not null,
        version bigint not null,
        account_id varchar(36) not null,
        id CHAR(36) not null,
        owner_id varchar(36) not null,
        cardholder_name varchar(200) not null,
        card_number_hash varchar(255) not null,
        card_status enum ('ACTIVE','BLOCKED','CANCELLED','EXPIRED','FROZEN','PENDING') not null,
        card_type enum ('CREDIT','DEBIT','PREPAID') not null,
        primary key (id)
    )
2026-07-29 12:36:18.909 [main] DEBUG [] org.hibernate.SQL - 
    create table finflow_accounts.holds (
        amount_cents bigint not null,
        created_at timestamp(6) not null,
        expires_at timestamp(6),
        released_at timestamp(6),
        updated_at timestamp(6) not null,
        version bigint not null,
        account_id CHAR(36) not null,
        id CHAR(36) not null,
        released_by varchar(36),
        source_id varchar(36),
        source_type varchar(50),
        reason varchar(500) not null,
        hold_status enum ('ACTIVE','EXPIRED','RELEASED') not null,
        primary key (id)
    )
2026-07-29 12:36:18.911 [main] DEBUG [] org.hibernate.SQL - 
    create table finflow_admin.admin_audit_log (
        created_at timestamp(6) not null,
        updated_at timestamp(6) not null,
        version bigint not null,
        admin_user_id varchar(36) not null,
        created_by varchar(36) not null,
        id CHAR(36) not null,
        modified_by varchar(36) not null,
        target_id varchar(36) not null,
        ip_address varchar(45),
        target_type varchar(50) not null,
        action varchar(100) not null,
        details TEXT,
        primary key (id)
    )
2026-07-29 12:36:18.911 [main] DEBUG [] org.hibernate.SQL - 
    create table finflow_auth.login_history (
        success boolean not null,
        created_at timestamp(6) not null,
        id bigint generated by default as identity,
        user_id CHAR(36),
        ip_address varchar(45),
        identifier varchar(254) not null,
        user_agent varchar(500),
        failure_reason enum ('ACCOUNT_CLOSED','ACCOUNT_LOCKED','ACCOUNT_NOT_VERIFIED','ACCOUNT_SUSPENDED','INVALID_CREDENTIALS'),
        primary key (id)
    )
2026-07-29 12:36:18.919 [main] DEBUG [] org.hibernate.SQL - 
    create table finflow_auth.refresh_tokens (
        is_revoked boolean not null,
        created_at timestamp(6) not null,
        expires_at timestamp(6) not null,
        last_used_at timestamp(6),
        revoked_at timestamp(6),
        updated_at timestamp(6) not null,
        version bigint not null,
        family_id varchar(36) not null,
        id CHAR(36) not null,
        session_id varchar(36) not null unique,
        user_id CHAR(36) not null,
        created_ip varchar(45),
        last_used_ip varchar(45),
        refresh_token_hash varchar(64) not null,
        created_user_agent varchar(500),
        primary key (id)
    )
2026-07-29 12:36:18.920 [main] DEBUG [] org.hibernate.SQL - 
    create table finflow_auth.roles (
        is_active boolean not null,
        is_system_role boolean not null,
        created_at timestamp(6) not null,
        updated_at timestamp(6) not null,
        version bigint not null,
        id CHAR(36) not null,
        name varchar(50) not null unique,
        description varchar(255),
        primary key (id)
    )
2026-07-29 12:36:18.927 [main] DEBUG [] org.hibernate.SQL - 
    create table finflow_auth.user_credentials (
        is_active boolean not null,
        is_deleted boolean not null,
        created_at timestamp(6) not null,
        deleted_at timestamp(6),
        expires_at timestamp(6),
        last_used_at timestamp(6),
        updated_at timestamp(6) not null,
        version bigint not null,
        created_by varchar(36) not null,
        deleted_by varchar(36),
        id CHAR(36) not null,
        modified_by varchar(36) not null,
        user_id CHAR(36) not null,
        hashed_value varchar(255) not null,
        credential_type enum ('BIOMETRIC','PASSKEY','PASSWORD') not null,
        primary key (id)
    )
2026-07-29 12:36:18.927 [main] DEBUG [] org.hibernate.SQL - 
    create table finflow_auth.user_roles (
        created_at timestamp(6) not null,
        granted_at timestamp(6) not null,
        updated_at timestamp(6) not null,
        version bigint not null,
        granted_by varchar(36) not null,
        id CHAR(36) not null,
        role_id CHAR(36) not null,
        user_id CHAR(36) not null,
        primary key (id),
        unique (user_id, role_id)
    )
2026-07-29 12:36:18.931 [main] DEBUG [] org.hibernate.SQL - 
    create table finflow_auth.users (
        email_verified boolean not null,
        failed_login_count integer not null,
        is_deleted boolean not null,
        phone_verified boolean not null,
        created_at timestamp(6) not null,
        deleted_at timestamp(6),
        last_login_at timestamp(6),
        locked_until timestamp(6),
        terms_accepted_at timestamp(6),
        updated_at timestamp(6) not null,
        version bigint not null,
        phone_number varchar(20),
        username varchar(30) not null,
        created_by varchar(36) not null,
        deleted_by varchar(36),
        id CHAR(36) not null,
        modified_by varchar(36) not null,
        email varchar(254) not null,
        status enum ('ACTIVE','CLOSED','PENDING_VERIFICATION','SUSPENDED') not null,
        primary key (id)
    )
2026-07-29 12:36:18.931 [main] DEBUG [] org.hibernate.SQL - 
    create table finflow_notifications.notifications (
        is_read boolean not null,
        created_at timestamp(6) not null,
        read_at timestamp(6),
        updated_at timestamp(6) not null,
        version bigint not null,
        created_by varchar(36) not null,
        id CHAR(36) not null,
        modified_by varchar(36) not null,
        owner_id varchar(36) not null,
        reference_id varchar(36),
        reference_type varchar(50),
        message TEXT not null,
        title varchar(255) not null,
        notification_type enum ('ACCOUNT','PROMOTION','SECURITY','SYSTEM','TRANSACTION') not null,
        primary key (id)
    )
2026-07-29 12:36:18.936 [main] DEBUG [] org.hibernate.SQL - 
    create table finflow_profiles.user_profiles (
        country varchar(2),
        date_of_birth date,
        created_at timestamp(6) not null,
        updated_at timestamp(6) not null,
        version bigint not null,
        postal_code varchar(20),
        created_by varchar(36) not null,
        id CHAR(36) not null,
        modified_by varchar(36) not null,
        user_id varchar(36) not null unique,
        city varchar(100),
        first_name varchar(100),
        last_name varchar(100),
        state varchar(100),
        avatar_url varchar(500),
        address_line1 varchar(255),
        address_line2 varchar(255),
        primary key (id)
    )
2026-07-29 12:36:18.936 [main] DEBUG [] org.hibernate.SQL - 
    create table finflow_savings.savings_goals (
        currency varchar(3) not null,
        deadline date,
        created_at timestamp(6) not null,
        current_amount_cents bigint not null,
        target_amount_cents bigint not null,
        updated_at timestamp(6) not null,
        version bigint not null,
        account_id varchar(36) not null,
        id CHAR(36) not null,
        owner_id varchar(36) not null,
        goal_name varchar(100) not null,
        description varchar(255),
        goal_status enum ('ACTIVE','CANCELLED','COMPLETED','PAUSED') not null,
        primary key (id)
    )
2026-07-29 12:36:18.941 [main] DEBUG [] org.hibernate.SQL - 
    create table finflow_settings.user_settings (
        created_at timestamp(6) not null,
        updated_at timestamp(6) not null,
        version bigint not null,
        id CHAR(36) not null,
        user_id varchar(36) not null,
        setting_key varchar(100) not null,
        setting_value TEXT not null,
        primary key (id)
    )
2026-07-29 12:36:18.944 [main] DEBUG [] org.hibernate.SQL - 
    create table finflow_transactions.transaction_entries (
        currency varchar(3) not null,
        amount_cents bigint not null,
        balance_after_cents bigint not null,
        balance_before_cents bigint not null,
        created_at timestamp(6) not null,
        updated_at timestamp(6) not null,
        version bigint not null,
        account_id varchar(36) not null,
        id CHAR(36) not null,
        transaction_id CHAR(36) not null,
        description varchar(255),
        entry_type enum ('CREDIT','DEBIT') not null,
        primary key (id)
    )
2026-07-29 12:36:18.944 [main] DEBUG [] org.hibernate.SQL - 
    create table finflow_transactions.transactions (
        currency varchar(3) not null,
        amount_cents bigint not null,
        completed_at timestamp(6),
        created_at timestamp(6) not null,
        fee_amount_cents bigint not null,
        updated_at timestamp(6) not null,
        version bigint not null,
        id CHAR(36) not null,
        source_account_id varchar(36),
        target_account_id varchar(36),
        user_id varchar(36) not null,
        reference_number varchar(50) unique,
        idempotency_key varchar(100) unique,
        failed_reason varchar(500),
        description varchar(255),
        metadata_json TEXT,
        transaction_status enum ('CANCELLED','COMPLETED','FAILED','PENDING') not null,
        transaction_type enum ('DEPOSIT','FEE','REVERSAL','TRANSFER','WITHDRAWAL') not null,
        primary key (id)
    )
2026-07-29 12:36:18.953 [main] DEBUG [] org.hibernate.SQL - 
    create table finflow_transfers.scheduled_transfers (
        currency varchar(3) not null,
        execution_count integer not null,
        max_executions integer,
        amount_cents bigint not null,
        created_at timestamp(6) not null,
        end_date timestamp(6),
        last_execution timestamp(6),
        next_execution timestamp(6) not null,
        updated_at timestamp(6) not null,
        version bigint not null,
        id CHAR(36) not null,
        owner_id varchar(36) not null,
        source_account_id varchar(36) not null,
        target_account_id varchar(36),
        target_beneficiary_id varchar(36),
        template_id varchar(36),
        description varchar(255),
        frequency enum ('BIWEEKLY','DAILY','MONTHLY','QUARTERLY','WEEKLY','YEARLY'),
        schedule_status enum ('ACTIVE','CANCELLED','COMPLETED','FAILED','PAUSED') not null,
        schedule_type enum ('ONE_TIME','RECURRING') not null,
        primary key (id)
    )
2026-07-29 12:36:18.954 [main] DEBUG [] org.hibernate.SQL - 
    create table finflow_transfers.transfer_templates (
        currency varchar(3) not null,
        amount_cents bigint not null,
        created_at timestamp(6) not null,
        updated_at timestamp(6) not null,
        version bigint not null,
        id CHAR(36) not null,
        owner_id varchar(36) not null,
        source_account_id varchar(36) not null,
        target_account_id varchar(36),
        target_beneficiary_id varchar(36),
        template_name varchar(100) not null,
        description varchar(255),
        template_status enum ('ACTIVE','CANCELLED','COMPLETED','FAILED','PAUSED') not null,
        primary key (id)
    )
2026-07-29 12:36:18.958 [main] DEBUG [] org.hibernate.SQL - 
    alter table if exists finflow_accounts.account_holders 
       add constraint fk_ah_account 
       foreign key (account_id) 
       references finflow_accounts.accounts
2026-07-29 12:36:19.018 [main] DEBUG [] org.hibernate.SQL - 
    alter table if exists finflow_accounts.account_status_history 
       add constraint fk_ash_account 
       foreign key (account_id) 
       references finflow_accounts.accounts
2026-07-29 12:36:19.024 [main] DEBUG [] org.hibernate.SQL - 
    alter table if exists finflow_accounts.holds 
       add constraint fk_holds_account 
       foreign key (account_id) 
       references finflow_accounts.accounts
2026-07-29 12:36:19.026 [main] DEBUG [] org.hibernate.SQL - 
    alter table if exists finflow_auth.login_history 
       add constraint fk_lh_user 
       foreign key (user_id) 
       references finflow_auth.users
2026-07-29 12:36:19.027 [main] DEBUG [] org.hibernate.SQL - 
    alter table if exists finflow_auth.refresh_tokens 
       add constraint fk_rt_user 
       foreign key (user_id) 
       references finflow_auth.users
2026-07-29 12:36:19.027 [main] DEBUG [] org.hibernate.SQL - 
    alter table if exists finflow_auth.user_credentials 
       add constraint fk_uc_user 
       foreign key (user_id) 
       references finflow_auth.users
2026-07-29 12:36:19.032 [main] DEBUG [] org.hibernate.SQL - 
    alter table if exists finflow_auth.user_roles 
       add constraint fk_ur_role 
       foreign key (role_id) 
       references finflow_auth.roles
2026-07-29 12:36:19.032 [main] DEBUG [] org.hibernate.SQL - 
    alter table if exists finflow_auth.user_roles 
       add constraint fk_ur_user 
       foreign key (user_id) 
       references finflow_auth.users
2026-07-29 12:36:19.039 [main] DEBUG [] org.hibernate.SQL - 
    alter table if exists finflow_transactions.transaction_entries 
       add constraint fk_txn_entry_transaction 
       foreign key (transaction_id) 
       references finflow_transactions.transactions
2026-07-29 12:36:19.050 [main] INFO  [] o.s.o.j.LocalContainerEntityManagerFactoryBean - Initialized JPA EntityManagerFactory for persistence unit 'default'
2026-07-29 12:36:20.028 [main] INFO  [] o.s.d.j.r.query.QueryEnhancerFactory - Hibernate is in classpath; If applicable, HQL parser will be used.
2026-07-29 12:36:24.489 [main] INFO  [] c.f.m.a.r.AuthRepositoryIntegrationTest - Started AuthRepositoryIntegrationTest in 15.505 seconds (process running for 36.933)
2026-07-29 12:36:25.157 [main] DEBUG [] org.hibernate.SQL - 
    insert 
    into
        finflow_auth.roles
        (created_at, description, is_active, is_system_role, name, updated_at, version, id) 
    values
        (?, ?, ?, ?, ?, ?, ?, ?)
2026-07-29 12:36:25.210 [main] DEBUG [] org.hibernate.SQL - 
    insert 
    into
        finflow_auth.users
        (created_at, created_by, deleted_at, deleted_by, email, email_verified, failed_login_count, is_deleted, last_login_at, locked_until, modified_by, phone_number, phone_verified, status, terms_accepted_at, updated_at, username, version, id) 
    values
        (?, ?, ?, ?, ?, ?, ?, ?, ?, ?, ?, ?, ?, ?, ?, ?, ?, ?, ?)
2026-07-29 12:36:25.215 [main] DEBUG [] org.hibernate.SQL - 
    insert 
    into
        finflow_auth.user_roles
        (created_at, granted_at, granted_by, role_id, updated_at, user_id, version, id) 
    values
        (?, ?, ?, ?, ?, ?, ?, ?)
2026-07-29 12:36:25.262 [main] DEBUG [] org.hibernate.SQL - 
    select
        ur1_0.id,
        ur1_0.created_at,
        ur1_0.granted_at,
        ur1_0.granted_by,
        ur1_0.role_id,
        r1_0.id,
        r1_0.created_at,
        r1_0.description,
        r1_0.is_active,
        r1_0.is_system_role,
        r1_0.name,
        r1_0.updated_at,
        r1_0.version,
        ur1_0.updated_at,
        ur1_0.user_id,
        ur1_0.version 
    from
        finflow_auth.user_roles ur1_0 
    join
        finflow_auth.roles r1_0 
            on r1_0.id=ur1_0.role_id 
    where
        ur1_0.user_id=? 
        and r1_0.is_active=true
2026-07-29 12:36:25.433 [main] DEBUG [] org.hibernate.SQL - 
    insert 
    into
        finflow_auth.roles
        (created_at, description, is_active, is_system_role, name, updated_at, version, id) 
    values
        (?, ?, ?, ?, ?, ?, ?, ?)
2026-07-29 12:36:25.438 [main] DEBUG [] org.hibernate.SQL - 
    insert 
    into
        finflow_auth.users
        (created_at, created_by, deleted_at, deleted_by, email, email_verified, failed_login_count, is_deleted, last_login_at, locked_until, modified_by, phone_number, phone_verified, status, terms_accepted_at, updated_at, username, version, id) 
    values
        (?, ?, ?, ?, ?, ?, ?, ?, ?, ?, ?, ?, ?, ?, ?, ?, ?, ?, ?)
2026-07-29 12:36:25.438 [main] DEBUG [] org.hibernate.SQL - 
    insert 
    into
        finflow_auth.user_roles
        (created_at, granted_at, granted_by, role_id, updated_at, user_id, version, id) 
    values
        (?, ?, ?, ?, ?, ?, ?, ?)
2026-07-29 12:36:25.441 [main] DEBUG [] org.hibernate.SQL - 
    select
        ur1_0.id 
    from
        finflow_auth.user_roles ur1_0 
    join
        finflow_auth.roles r1_0 
            on r1_0.id=ur1_0.role_id 
    where
        ur1_0.user_id=? 
        and r1_0.name=? 
        and r1_0.is_active 
    fetch
        first ? rows only
2026-07-29 12:36:25.449 [main] DEBUG [] org.hibernate.SQL - 
    select
        ur1_0.id 
    from
        finflow_auth.user_roles ur1_0 
    join
        finflow_auth.roles r1_0 
            on r1_0.id=ur1_0.role_id 
    where
        ur1_0.user_id=? 
        and r1_0.name=? 
        and r1_0.is_active 
    fetch
        first ? rows only
2026-07-29 12:36:25.468 [main] INFO  [] o.s.t.c.s.AnnotationConfigContextLoaderUtils - Could not detect default configuration classes for test class [com.finflow.modules.auth.repository.AuthRepositoryIntegrationTest$RoleRepositoryTests]: RoleRepositoryTests does not declare any static, non-private, non-final, nested classes annotated with @Configuration.
2026-07-29 12:36:25.498 [main] INFO  [] o.s.b.t.c.SpringBootTestContextBootstrapper - Found @SpringBootConfiguration com.finflow.FinFlowApplication for test class com.finflow.modules.auth.repository.AuthRepositoryIntegrationTest$RoleRepositoryTests
2026-07-29 12:36:25.516 [main] DEBUG [] org.hibernate.SQL - 
    insert 
    into
        finflow_auth.roles
        (created_at, description, is_active, is_system_role, name, updated_at, version, id) 
    values
        (?, ?, ?, ?, ?, ?, ?, ?)
2026-07-29 12:36:25.516 [main] DEBUG [] org.hibernate.SQL - 
    insert 
    into
        finflow_auth.users
        (created_at, created_by, deleted_at, deleted_by, email, email_verified, failed_login_count, is_deleted, last_login_at, locked_until, modified_by, phone_number, phone_verified, status, terms_accepted_at, updated_at, username, version, id) 
    values
        (?, ?, ?, ?, ?, ?, ?, ?, ?, ?, ?, ?, ?, ?, ?, ?, ?, ?, ?)
2026-07-29 12:36:25.524 [main] DEBUG [] org.hibernate.SQL - 
    select
        r1_0.id,
        r1_0.created_at,
        r1_0.description,
        r1_0.is_active,
        r1_0.is_system_role,
        r1_0.name,
        r1_0.updated_at,
        r1_0.version 
    from
        finflow_auth.roles r1_0 
    where
        r1_0.name=? 
        and r1_0.is_active
2026-07-29 12:36:25.550 [main] DEBUG [] org.hibernate.SQL - 
    insert 
    into
        finflow_auth.roles
        (created_at, description, is_active, is_system_role, name, updated_at, version, id) 
    values
        (?, ?, ?, ?, ?, ?, ?, ?)
2026-07-29 12:36:25.556 [main] DEBUG [] org.hibernate.SQL - 
    insert 
    into
        finflow_auth.users
        (created_at, created_by, deleted_at, deleted_by, email, email_verified, failed_login_count, is_deleted, last_login_at, locked_until, modified_by, phone_number, phone_verified, status, terms_accepted_at, updated_at, username, version, id) 
    values
        (?, ?, ?, ?, ?, ?, ?, ?, ?, ?, ?, ?, ?, ?, ?, ?, ?, ?, ?)
2026-07-29 12:36:25.559 [main] DEBUG [] org.hibernate.SQL - 
    select
        r1_0.id 
    from
        finflow_auth.roles r1_0 
    where
        r1_0.name=? 
        and r1_0.is_active 
    fetch
        first ? rows only
2026-07-29 12:36:25.563 [main] DEBUG [] org.hibernate.SQL - 
    select
        r1_0.id 
    from
        finflow_auth.roles r1_0 
    where
        r1_0.name=? 
        and r1_0.is_active 
    fetch
        first ? rows only
2026-07-29 12:36:25.575 [main] INFO  [] o.s.t.c.s.AnnotationConfigContextLoaderUtils - Could not detect default configuration classes for test class [com.finflow.modules.auth.repository.AuthRepositoryIntegrationTest$UserCredentialRepositoryTests]: UserCredentialRepositoryTests does not declare any static, non-private, non-final, nested classes annotated with @Configuration.
2026-07-29 12:36:25.603 [main] INFO  [] o.s.b.t.c.SpringBootTestContextBootstrapper - Found @SpringBootConfiguration com.finflow.FinFlowApplication for test class com.finflow.modules.auth.repository.AuthRepositoryIntegrationTest$UserCredentialRepositoryTests
2026-07-29 12:36:25.623 [main] DEBUG [] org.hibernate.SQL - 
    insert 
    into
        finflow_auth.roles
        (created_at, description, is_active, is_system_role, name, updated_at, version, id) 
    values
        (?, ?, ?, ?, ?, ?, ?, ?)
2026-07-29 12:36:25.623 [main] DEBUG [] org.hibernate.SQL - 
    insert 
    into
        finflow_auth.users
        (created_at, created_by, deleted_at, deleted_by, email, email_verified, failed_login_count, is_deleted, last_login_at, locked_until, modified_by, phone_number, phone_verified, status, terms_accepted_at, updated_at, username, version, id) 
    values
        (?, ?, ?, ?, ?, ?, ?, ?, ?, ?, ?, ?, ?, ?, ?, ?, ?, ?, ?)
2026-07-29 12:36:25.623 [main] DEBUG [] org.hibernate.SQL - 
    insert 
    into
        finflow_auth.user_credentials
        (created_at, created_by, credential_type, deleted_at, deleted_by, expires_at, hashed_value, is_active, is_deleted, last_used_at, modified_by, updated_at, user_id, version, id) 
    values
        (?, ?, ?, ?, ?, ?, ?, ?, ?, ?, ?, ?, ?, ?, ?)
2026-07-29 12:36:25.630 [main] DEBUG [] org.hibernate.SQL - 
    select
        uc1_0.id 
    from
        finflow_auth.user_credentials uc1_0 
    where
        uc1_0.user_id=? 
        and uc1_0.credential_type=? 
        and uc1_0.is_active 
        and not(uc1_0.is_deleted) 
    fetch
        first ? rows only
2026-07-29 12:36:25.636 [main] DEBUG [] org.hibernate.SQL - 
    select
        uc1_0.id 
    from
        finflow_auth.user_credentials uc1_0 
    where
        uc1_0.user_id=? 
        and uc1_0.credential_type=? 
        and uc1_0.is_active 
        and not(uc1_0.is_deleted) 
    fetch
        first ? rows only
2026-07-29 12:36:25.665 [main] DEBUG [] org.hibernate.SQL - 
    insert 
    into
        finflow_auth.roles
        (created_at, description, is_active, is_system_role, name, updated_at, version, id) 
    values
        (?, ?, ?, ?, ?, ?, ?, ?)
2026-07-29 12:36:25.667 [main] DEBUG [] org.hibernate.SQL - 
    insert 
    into
        finflow_auth.users
        (created_at, created_by, deleted_at, deleted_by, email, email_verified, failed_login_count, is_deleted, last_login_at, locked_until, modified_by, phone_number, phone_verified, status, terms_accepted_at, updated_at, username, version, id) 
    values
        (?, ?, ?, ?, ?, ?, ?, ?, ?, ?, ?, ?, ?, ?, ?, ?, ?, ?, ?)
2026-07-29 12:36:25.670 [main] DEBUG [] org.hibernate.SQL - 
    insert 
    into
        finflow_auth.user_credentials
        (created_at, created_by, credential_type, deleted_at, deleted_by, expires_at, hashed_value, is_active, is_deleted, last_used_at, modified_by, updated_at, user_id, version, id) 
    values
        (?, ?, ?, ?, ?, ?, ?, ?, ?, ?, ?, ?, ?, ?, ?)
2026-07-29 12:36:25.672 [main] DEBUG [] org.hibernate.SQL - 
    select
        uc1_0.id,
        uc1_0.created_at,
        uc1_0.created_by,
        uc1_0.credential_type,
        uc1_0.deleted_at,
        uc1_0.deleted_by,
        uc1_0.expires_at,
        uc1_0.hashed_value,
        uc1_0.is_active,
        uc1_0.is_deleted,
        uc1_0.last_used_at,
        uc1_0.modified_by,
        uc1_0.updated_at,
        uc1_0.user_id,
        uc1_0.version 
    from
        finflow_auth.user_credentials uc1_0 
    where
        uc1_0.user_id=? 
        and uc1_0.credential_type=? 
        and uc1_0.is_active 
        and not(uc1_0.is_deleted)
2026-07-29 12:36:25.689 [main] INFO  [] o.s.t.c.s.AnnotationConfigContextLoaderUtils - Could not detect default configuration classes for test class [com.finflow.modules.auth.repository.AuthRepositoryIntegrationTest$UserRepositoryTests]: UserRepositoryTests does not declare any static, non-private, non-final, nested classes annotated with @Configuration.
2026-07-29 12:36:25.716 [main] INFO  [] o.s.b.t.c.SpringBootTestContextBootstrapper - Found @SpringBootConfiguration com.finflow.FinFlowApplication for test class com.finflow.modules.auth.repository.AuthRepositoryIntegrationTest$UserRepositoryTests
2026-07-29 12:36:25.726 [main] DEBUG [] org.hibernate.SQL - 
    insert 
    into
        finflow_auth.roles
        (created_at, description, is_active, is_system_role, name, updated_at, version, id) 
    values
        (?, ?, ?, ?, ?, ?, ?, ?)
2026-07-29 12:36:25.736 [main] DEBUG [] org.hibernate.SQL - 
    insert 
    into
        finflow_auth.users
        (created_at, created_by, deleted_at, deleted_by, email, email_verified, failed_login_count, is_deleted, last_login_at, locked_until, modified_by, phone_number, phone_verified, status, terms_accepted_at, updated_at, username, version, id) 
    values
        (?, ?, ?, ?, ?, ?, ?, ?, ?, ?, ?, ?, ?, ?, ?, ?, ?, ?, ?)
2026-07-29 12:36:25.738 [main] DEBUG [] org.hibernate.SQL - 
    select
        u1_0.id 
    from
        finflow_auth.users u1_0 
    where
        u1_0.phone_number=? 
        and not(u1_0.is_deleted) 
    fetch
        first ? rows only
2026-07-29 12:36:25.742 [main] DEBUG [] org.hibernate.SQL - 
    select
        u1_0.id 
    from
        finflow_auth.users u1_0 
    where
        u1_0.phone_number=? 
        and not(u1_0.is_deleted) 
    fetch
        first ? rows only
2026-07-29 12:36:25.781 [main] DEBUG [] org.hibernate.SQL - 
    insert 
    into
        finflow_auth.roles
        (created_at, description, is_active, is_system_role, name, updated_at, version, id) 
    values
        (?, ?, ?, ?, ?, ?, ?, ?)
2026-07-29 12:36:25.784 [main] DEBUG [] org.hibernate.SQL - 
    insert 
    into
        finflow_auth.users
        (created_at, created_by, deleted_at, deleted_by, email, email_verified, failed_login_count, is_deleted, last_login_at, locked_until, modified_by, phone_number, phone_verified, status, terms_accepted_at, updated_at, username, version, id) 
    values
        (?, ?, ?, ?, ?, ?, ?, ?, ?, ?, ?, ?, ?, ?, ?, ?, ?, ?, ?)
2026-07-29 12:36:25.794 [main] DEBUG [] org.hibernate.SQL - 
    update
        finflow_auth.users 
    set
        deleted_at=?,
        deleted_by=?,
        email=?,
        email_verified=?,
        failed_login_count=?,
        is_deleted=?,
        last_login_at=?,
        locked_until=?,
        modified_by=?,
        phone_number=?,
        phone_verified=?,
        status=?,
        terms_accepted_at=?,
        updated_at=?,
        username=?,
        version=? 
    where
        id=? 
        and version=?
2026-07-29 12:36:25.803 [main] DEBUG [] org.hibernate.SQL - 
    select
        u1_0.id,
        u1_0.created_at,
        u1_0.created_by,
        u1_0.deleted_at,
        u1_0.deleted_by,
        u1_0.email,
        u1_0.email_verified,
        u1_0.failed_login_count,
        u1_0.is_deleted,
        u1_0.last_login_at,
        u1_0.locked_until,
        u1_0.modified_by,
        u1_0.phone_number,
        u1_0.phone_verified,
        u1_0.status,
        u1_0.terms_accepted_at,
        u1_0.updated_at,
        u1_0.username,
        u1_0.version 
    from
        finflow_auth.users u1_0 
    where
        upper(u1_0.email)=upper(?) 
        and not(u1_0.is_deleted)
2026-07-29 12:36:25.833 [main] DEBUG [] org.hibernate.SQL - 
    insert 
    into
        finflow_auth.roles
        (created_at, description, is_active, is_system_role, name, updated_at, version, id) 
    values
        (?, ?, ?, ?, ?, ?, ?, ?)
2026-07-29 12:36:25.843 [main] DEBUG [] org.hibernate.SQL - 
    insert 
    into
        finflow_auth.users
        (created_at, created_by, deleted_at, deleted_by, email, email_verified, failed_login_count, is_deleted, last_login_at, locked_until, modified_by, phone_number, phone_verified, status, terms_accepted_at, updated_at, username, version, id) 
    values
        (?, ?, ?, ?, ?, ?, ?, ?, ?, ?, ?, ?, ?, ?, ?, ?, ?, ?, ?)
2026-07-29 12:36:25.845 [main] DEBUG [] org.hibernate.SQL - 
    select
        count(u1_0.id) 
    from
        finflow_auth.users u1_0 
    where
        u1_0.status=? 
        and not(u1_0.is_deleted)
2026-07-29 12:36:25.888 [main] DEBUG [] org.hibernate.SQL - 
    insert 
    into
        finflow_auth.roles
        (created_at, description, is_active, is_system_role, name, updated_at, version, id) 
    values
        (?, ?, ?, ?, ?, ?, ?, ?)
2026-07-29 12:36:25.896 [main] DEBUG [] org.hibernate.SQL - 
    insert 
    into
        finflow_auth.users
        (created_at, created_by, deleted_at, deleted_by, email, email_verified, failed_login_count, is_deleted, last_login_at, locked_until, modified_by, phone_number, phone_verified, status, terms_accepted_at, updated_at, username, version, id) 
    values
        (?, ?, ?, ?, ?, ?, ?, ?, ?, ?, ?, ?, ?, ?, ?, ?, ?, ?, ?)
2026-07-29 12:36:25.901 [main] DEBUG [] org.hibernate.SQL - 
    select
        u1_0.id 
    from
        finflow_auth.users u1_0 
    where
        upper(u1_0.username)=upper(?) 
        and not(u1_0.is_deleted) 
    fetch
        first ? rows only
2026-07-29 12:36:25.910 [main] DEBUG [] org.hibernate.SQL - 
    select
        u1_0.id 
    from
        finflow_auth.users u1_0 
    where
        upper(u1_0.username)=upper(?) 
        and not(u1_0.is_deleted) 
    fetch
        first ? rows only
2026-07-29 12:36:25.950 [main] DEBUG [] org.hibernate.SQL - 
    insert 
    into
        finflow_auth.roles
        (created_at, description, is_active, is_system_role, name, updated_at, version, id) 
    values
        (?, ?, ?, ?, ?, ?, ?, ?)
2026-07-29 12:36:25.952 [main] DEBUG [] org.hibernate.SQL - 
    insert 
    into
        finflow_auth.users
        (created_at, created_by, deleted_at, deleted_by, email, email_verified, failed_login_count, is_deleted, last_login_at, locked_until, modified_by, phone_number, phone_verified, status, terms_accepted_at, updated_at, username, version, id) 
    values
        (?, ?, ?, ?, ?, ?, ?, ?, ?, ?, ?, ?, ?, ?, ?, ?, ?, ?, ?)
2026-07-29 12:36:25.955 [main] DEBUG [] org.hibernate.SQL - 
    select
        u1_0.id 
    from
        finflow_auth.users u1_0 
    where
        upper(u1_0.email)=upper(?) 
        and not(u1_0.is_deleted) 
    fetch
        first ? rows only
2026-07-29 12:36:25.963 [main] DEBUG [] org.hibernate.SQL - 
    select
        u1_0.id 
    from
        finflow_auth.users u1_0 
    where
        upper(u1_0.email)=upper(?) 
        and not(u1_0.is_deleted) 
    fetch
        first ? rows only
2026-07-29 12:36:25.991 [main] DEBUG [] org.hibernate.SQL - 
    insert 
    into
        finflow_auth.roles
        (created_at, description, is_active, is_system_role, name, updated_at, version, id) 
    values
        (?, ?, ?, ?, ?, ?, ?, ?)
2026-07-29 12:36:25.996 [main] DEBUG [] org.hibernate.SQL - 
    insert 
    into
        finflow_auth.users
        (created_at, created_by, deleted_at, deleted_by, email, email_verified, failed_login_count, is_deleted, last_login_at, locked_until, modified_by, phone_number, phone_verified, status, terms_accepted_at, updated_at, username, version, id) 
    values
        (?, ?, ?, ?, ?, ?, ?, ?, ?, ?, ?, ?, ?, ?, ?, ?, ?, ?, ?)
2026-07-29 12:36:25.998 [main] DEBUG [] org.hibernate.SQL - 
    select
        u1_0.id,
        u1_0.created_at,
        u1_0.created_by,
        u1_0.deleted_at,
        u1_0.deleted_by,
        u1_0.email,
        u1_0.email_verified,
        u1_0.failed_login_count,
        u1_0.is_deleted,
        u1_0.last_login_at,
        u1_0.locked_until,
        u1_0.modified_by,
        u1_0.phone_number,
        u1_0.phone_verified,
        u1_0.status,
        u1_0.terms_accepted_at,
        u1_0.updated_at,
        u1_0.username,
        u1_0.version 
    from
        finflow_auth.users u1_0 
    where
        upper(u1_0.email)=upper(?) 
        and not(u1_0.is_deleted)
2026-07-29 12:36:26.028 [main] DEBUG [] org.hibernate.SQL - 
    insert 
    into
        finflow_auth.roles
        (created_at, description, is_active, is_system_role, name, updated_at, version, id) 
    values
        (?, ?, ?, ?, ?, ?, ?, ?)
2026-07-29 12:36:26.031 [main] DEBUG [] org.hibernate.SQL - 
    insert 
    into
        finflow_auth.users
        (created_at, created_by, deleted_at, deleted_by, email, email_verified, failed_login_count, is_deleted, last_login_at, locked_until, modified_by, phone_number, phone_verified, status, terms_accepted_at, updated_at, username, version, id) 
    values
        (?, ?, ?, ?, ?, ?, ?, ?, ?, ?, ?, ?, ?, ?, ?, ?, ?, ?, ?)
2026-07-29 12:36:26.033 [main] DEBUG [] org.hibernate.SQL - 
    select
        u1_0.id,
        u1_0.created_at,
        u1_0.created_by,
        u1_0.deleted_at,
        u1_0.deleted_by,
        u1_0.email,
        u1_0.email_verified,
        u1_0.failed_login_count,
        u1_0.is_deleted,
        u1_0.last_login_at,
        u1_0.locked_until,
        u1_0.modified_by,
        u1_0.phone_number,
        u1_0.phone_verified,
        u1_0.status,
        u1_0.terms_accepted_at,
        u1_0.updated_at,
        u1_0.username,
        u1_0.version 
    from
        finflow_auth.users u1_0 
    where
        upper(u1_0.email)=upper(?) 
        and not(u1_0.is_deleted)
2026-07-29 12:36:26.052 [main] INFO  [] o.s.t.c.s.AnnotationConfigContextLoaderUtils - Could not detect default configuration classes for test class [com.finflow.modules.auth.repository.RefreshTokenRepositoryIntegrationTest]: RefreshTokenRepositoryIntegrationTest does not declare any static, non-private, non-final, nested classes annotated with @Configuration.
2026-07-29 12:36:26.089 [main] INFO  [] o.s.b.t.c.SpringBootTestContextBootstrapper - Found @SpringBootConfiguration com.finflow.FinFlowApplication for test class com.finflow.modules.auth.repository.RefreshTokenRepositoryIntegrationTest
2026-07-29 12:36:26.096 [main] INFO  [] o.s.t.c.s.AnnotationConfigContextLoaderUtils - Could not detect default configuration classes for test class [com.finflow.modules.auth.repository.RefreshTokenRepositoryIntegrationTest$CountActiveByUserId]: CountActiveByUserId does not declare any static, non-private, non-final, nested classes annotated with @Configuration.
2026-07-29 12:36:26.128 [main] INFO  [] o.s.b.t.c.SpringBootTestContextBootstrapper - Found @SpringBootConfiguration com.finflow.FinFlowApplication for test class com.finflow.modules.auth.repository.RefreshTokenRepositoryIntegrationTest$CountActiveByUserId
2026-07-29 12:36:26.239 [main] INFO  [] c.f.m.a.r.RefreshTokenRepositoryIntegrationTest - Starting RefreshTokenRepositoryIntegrationTest using Java 21.0.11 with PID 25552 (started by Lenovo in C:\Users\Lenovo\OneDrive\Desktop\FinFlow\backend)
2026-07-29 12:36:26.240 [main] DEBUG [] c.f.m.a.r.RefreshTokenRepositoryIntegrationTest - Running with Spring Boot v3.4.1, Spring v6.2.1
2026-07-29 12:36:26.240 [main] INFO  [] c.f.m.a.r.RefreshTokenRepositoryIntegrationTest - The following 1 profile is active: "test"
2026-07-29 12:36:26.855 [main] INFO  [] o.s.d.r.c.RepositoryConfigurationDelegate - Multiple Spring Data modules found, entering strict repository configuration mode
2026-07-29 12:36:26.855 [main] INFO  [] o.s.d.r.c.RepositoryConfigurationDelegate - Bootstrapping Spring Data JPA repositories in DEFAULT mode.
2026-07-29 12:36:27.172 [main] INFO  [] o.s.d.r.c.RepositoryConfigurationDelegate - Finished Spring Data repository scanning in 315 ms. Found 22 JPA repository interfaces.
2026-07-29 12:36:27.214 [main] INFO  [] o.s.b.t.a.j.TestDatabaseAutoConfiguration$EmbeddedDataSourceBeanFactoryPostProcessor - Replacing 'dataSource' DataSource bean with embedded version
2026-07-29 12:36:27.272 [main] INFO  [] o.s.j.d.e.EmbeddedDatabaseFactory - Starting embedded database: url='jdbc:h2:mem:4d5f9784-f99e-4474-bbcb-0deedbef80e1;DB_CLOSE_DELAY=-1;DB_CLOSE_ON_EXIT=false', username='sa'
2026-07-29 12:36:27.434 [main] INFO  [] o.h.jpa.internal.util.LogHelper - HHH000204: Processing PersistenceUnitInfo [name: default]
2026-07-29 12:36:27.440 [main] INFO  [] o.h.c.i.RegionFactoryInitiator - HHH000026: Second-level cache disabled
2026-07-29 12:36:27.481 [main] INFO  [] o.s.o.j.p.SpringPersistenceUnitInfo - No LoadTimeWeaver setup: ignoring JPA class transformer
2026-07-29 12:36:27.481 [main] WARN  [] org.hibernate.orm.deprecation - HHH90000025: H2Dialect does not need to be specified explicitly using 'hibernate.dialect' (remove the property setting and it will be selected by default)
2026-07-29 12:36:27.481 [main] INFO  [] o.hibernate.orm.connections.pooling - HHH10001005: Database info:
	Database JDBC URL [Connecting through datasource 'org.springframework.jdbc.datasource.embedded.EmbeddedDatabaseFactory$EmbeddedDataSourceProxy@264a03c1']
	Database driver: undefined/unknown
	Database version: 2.3.232
	Autocommit mode: undefined/unknown
	Isolation level: undefined/unknown
	Minimum pool size: undefined/unknown
	Maximum pool size: undefined/unknown
2026-07-29 12:36:28.333 [main] INFO  [] o.h.e.t.j.p.i.JtaPlatformInitiator - HHH000489: No JTA platform available (set 'hibernate.transaction.jta.platform' to enable JTA platform integration)
2026-07-29 12:36:28.334 [main] DEBUG [] org.hibernate.SQL - 
    drop table if exists finflow_accounts.account_holders cascade 
2026-07-29 12:36:28.334 [main] DEBUG [] org.hibernate.SQL - 
    drop table if exists finflow_accounts.account_status_history cascade 
2026-07-29 12:36:28.334 [main] DEBUG [] org.hibernate.SQL - 
    drop table if exists finflow_accounts.accounts cascade 
2026-07-29 12:36:28.334 [main] DEBUG [] org.hibernate.SQL - 
    drop table if exists finflow_accounts.beneficiaries cascade 
2026-07-29 12:36:28.334 [main] DEBUG [] org.hibernate.SQL - 
    drop table if exists finflow_accounts.card_transactions cascade 
2026-07-29 12:36:28.334 [main] DEBUG [] org.hibernate.SQL - 
    drop table if exists finflow_accounts.cards cascade 
2026-07-29 12:36:28.334 [main] DEBUG [] org.hibernate.SQL - 
    drop table if exists finflow_accounts.holds cascade 
2026-07-29 12:36:28.334 [main] DEBUG [] org.hibernate.SQL - 
    drop table if exists finflow_admin.admin_audit_log cascade 
2026-07-29 12:36:28.334 [main] DEBUG [] org.hibernate.SQL - 
    drop table if exists finflow_auth.login_history cascade 
2026-07-29 12:36:28.334 [main] DEBUG [] org.hibernate.SQL - 
    drop table if exists finflow_auth.refresh_tokens cascade 
2026-07-29 12:36:28.334 [main] DEBUG [] org.hibernate.SQL - 
    drop table if exists finflow_auth.roles cascade 
2026-07-29 12:36:28.334 [main] DEBUG [] org.hibernate.SQL - 
    drop table if exists finflow_auth.user_credentials cascade 
2026-07-29 12:36:28.334 [main] DEBUG [] org.hibernate.SQL - 
    drop table if exists finflow_auth.user_roles cascade 
2026-07-29 12:36:28.334 [main] DEBUG [] org.hibernate.SQL - 
    drop table if exists finflow_auth.users cascade 
2026-07-29 12:36:28.334 [main] DEBUG [] org.hibernate.SQL - 
    drop table if exists finflow_notifications.notifications cascade 
2026-07-29 12:36:28.334 [main] DEBUG [] org.hibernate.SQL - 
    drop table if exists finflow_profiles.user_profiles cascade 
2026-07-29 12:36:28.334 [main] DEBUG [] org.hibernate.SQL - 
    drop table if exists finflow_savings.savings_goals cascade 
2026-07-29 12:36:28.339 [main] DEBUG [] org.hibernate.SQL - 
    drop table if exists finflow_settings.user_settings cascade 
2026-07-29 12:36:28.339 [main] DEBUG [] org.hibernate.SQL - 
    drop table if exists finflow_transactions.transaction_entries cascade 
2026-07-29 12:36:28.339 [main] DEBUG [] org.hibernate.SQL - 
    drop table if exists finflow_transactions.transactions cascade 
2026-07-29 12:36:28.339 [main] DEBUG [] org.hibernate.SQL - 
    drop table if exists finflow_transfers.scheduled_transfers cascade 
2026-07-29 12:36:28.339 [main] DEBUG [] org.hibernate.SQL - 
    drop table if exists finflow_transfers.transfer_templates cascade 
2026-07-29 12:36:28.339 [main] DEBUG [] org.hibernate.SQL - 
    create table finflow_accounts.account_holders (
        created_at timestamp(6) not null,
        updated_at timestamp(6) not null,
        version bigint not null,
        account_id CHAR(36) not null,
        id CHAR(36) not null,
        user_id varchar(36) not null,
        ownership_type enum ('AUTHORIZED','JOINT','PRIMARY') not null,
        primary key (id),
        unique (account_id, user_id)
    )
2026-07-29 12:36:28.342 [main] DEBUG [] org.hibernate.SQL - 
    create table finflow_accounts.account_status_history (
        changed_at timestamp(6) not null,
        id bigint generated by default as identity,
        new_status varchar(25) not null,
        previous_status varchar(25),
        account_id CHAR(36) not null,
        changed_by varchar(36) not null,
        reason varchar(500),
        primary key (id)
    )
2026-07-29 12:36:28.346 [main] DEBUG [] org.hibernate.SQL - 
    create table finflow_accounts.accounts (
        currency varchar(3) not null,
        is_deleted boolean not null,
        available_balance_cents bigint not null,
        created_at timestamp(6) not null,
        deleted_at timestamp(6),
        ledger_balance_cents bigint not null,
        updated_at timestamp(6) not null,
        version bigint not null,
        account_number varchar(20) not null unique,
        created_by varchar(36) not null,
        deleted_by varchar(36),
        id CHAR(36) not null,
        modified_by varchar(36) not null,
        owner_id varchar(36) not null,
        nickname varchar(100),
        account_status enum ('ACTIVE','CLOSED','PENDING','RESTRICTED','SUSPENDED') not null,
        account_type enum ('CHECKING','CREDIT','INVESTMENT','SAVINGS') not null,
        primary key (id)
    )
2026-07-29 12:36:28.346 [main] DEBUG [] org.hibernate.SQL - 
    create table finflow_accounts.beneficiaries (
        currency varchar(3) not null,
        is_deleted boolean not null,
        created_at timestamp(6) not null,
        deleted_at timestamp(6),
        updated_at timestamp(6) not null,
        version bigint not null,
        routing_number varchar(20),
        swift_code varchar(20),
        created_by varchar(36) not null,
        deleted_by varchar(36),
        id CHAR(36) not null,
        modified_by varchar(36) not null,
        owner_id varchar(36) not null,
        account_number varchar(50) not null,
        iban varchar(50),
        nickname varchar(100),
        bank_name varchar(200),
        beneficiary_name varchar(200) not null,
        email varchar(254),
        beneficiary_status enum ('ACTIVE','BLOCKED','INACTIVE') not null,
        primary key (id),
        constraint uk_beneficiary_account unique (owner_id, account_number)
    )
2026-07-29 12:36:28.351 [main] DEBUG [] org.hibernate.SQL - 
    create table finflow_accounts.card_transactions (
        currency varchar(3) not null,
        amount_cents bigint not null,
        created_at timestamp(6) not null,
        updated_at timestamp(6) not null,
        version bigint not null,
        authorization_code varchar(20),
        card_id varchar(36) not null,
        id CHAR(36) not null,
        merchant_category varchar(50),
        merchant_name varchar(200),
        status enum ('AUTHORIZED','CAPTURED','DECLINED','REFUNDED','REVERSED','SETTLED') not null,
        transaction_type enum ('AUTHORIZATION','CAPTURE','CASHBACK','FEE','REFUND','REVERSAL','SETTLEMENT') not null,
        primary key (id)
    )
2026-07-29 12:36:28.351 [main] DEBUG [] org.hibernate.SQL - 
    create table finflow_accounts.cards (
        card_last_four varchar(4) not null,
        currency varchar(3) not null,
        expiry_month integer not null,
        expiry_year integer not null,
        pin_set boolean not null,
        created_at timestamp(6) not null,
        credit_limit_cents bigint,
        daily_limit_cents bigint,
        monthly_limit_cents bigint,
        updated_at timestamp(6) not null,
        version bigint not null,
        account_id varchar(36) not null,
        id CHAR(36) not null,
        owner_id varchar(36) not null,
        cardholder_name varchar(200) not null,
        card_number_hash varchar(255) not null,
        card_status enum ('ACTIVE','BLOCKED','CANCELLED','EXPIRED','FROZEN','PENDING') not null,
        card_type enum ('CREDIT','DEBIT','PREPAID') not null,
        primary key (id)
    )
2026-07-29 12:36:28.351 [main] DEBUG [] org.hibernate.SQL - 
    create table finflow_accounts.holds (
        amount_cents bigint not null,
        created_at timestamp(6) not null,
        expires_at timestamp(6),
        released_at timestamp(6),
        updated_at timestamp(6) not null,
        version bigint not null,
        account_id CHAR(36) not null,
        id CHAR(36) not null,
        released_by varchar(36),
        source_id varchar(36),
        source_type varchar(50),
        reason varchar(500) not null,
        hold_status enum ('ACTIVE','EXPIRED','RELEASED') not null,
        primary key (id)
    )
2026-07-29 12:36:28.361 [main] DEBUG [] org.hibernate.SQL - 
    create table finflow_admin.admin_audit_log (
        created_at timestamp(6) not null,
        updated_at timestamp(6) not null,
        version bigint not null,
        admin_user_id varchar(36) not null,
        created_by varchar(36) not null,
        id CHAR(36) not null,
        modified_by varchar(36) not null,
        target_id varchar(36) not null,
        ip_address varchar(45),
        target_type varchar(50) not null,
        action varchar(100) not null,
        details TEXT,
        primary key (id)
    )
2026-07-29 12:36:28.365 [main] DEBUG [] org.hibernate.SQL - 
    create table finflow_auth.login_history (
        success boolean not null,
        created_at timestamp(6) not null,
        id bigint generated by default as identity,
        user_id CHAR(36),
        ip_address varchar(45),
        identifier varchar(254) not null,
        user_agent varchar(500),
        failure_reason enum ('ACCOUNT_CLOSED','ACCOUNT_LOCKED','ACCOUNT_NOT_VERIFIED','ACCOUNT_SUSPENDED','INVALID_CREDENTIALS'),
        primary key (id)
    )
2026-07-29 12:36:28.368 [main] DEBUG [] org.hibernate.SQL - 
    create table finflow_auth.refresh_tokens (
        is_revoked boolean not null,
        created_at timestamp(6) not null,
        expires_at timestamp(6) not null,
        last_used_at timestamp(6),
        revoked_at timestamp(6),
        updated_at timestamp(6) not null,
        version bigint not null,
        family_id varchar(36) not null,
        id CHAR(36) not null,
        session_id varchar(36) not null unique,
        user_id CHAR(36) not null,
        created_ip varchar(45),
        last_used_ip varchar(45),
        refresh_token_hash varchar(64) not null,
        created_user_agent varchar(500),
        primary key (id)
    )
2026-07-29 12:36:28.372 [main] DEBUG [] org.hibernate.SQL - 
    create table finflow_auth.roles (
        is_active boolean not null,
        is_system_role boolean not null,
        created_at timestamp(6) not null,
        updated_at timestamp(6) not null,
        version bigint not null,
        id CHAR(36) not null,
        name varchar(50) not null unique,
        description varchar(255),
        primary key (id)
    )
2026-07-29 12:36:28.374 [main] DEBUG [] org.hibernate.SQL - 
    create table finflow_auth.user_credentials (
        is_active boolean not null,
        is_deleted boolean not null,
        created_at timestamp(6) not null,
        deleted_at timestamp(6),
        expires_at timestamp(6),
        last_used_at timestamp(6),
        updated_at timestamp(6) not null,
        version bigint not null,
        created_by varchar(36) not null,
        deleted_by varchar(36),
        id CHAR(36) not null,
        modified_by varchar(36) not null,
        user_id CHAR(36) not null,
        hashed_value varchar(255) not null,
        credential_type enum ('BIOMETRIC','PASSKEY','PASSWORD') not null,
        primary key (id)
    )
2026-07-29 12:36:28.377 [main] DEBUG [] org.hibernate.SQL - 
    create table finflow_auth.user_roles (
        created_at timestamp(6) not null,
        granted_at timestamp(6) not null,
        updated_at timestamp(6) not null,
        version bigint not null,
        granted_by varchar(36) not null,
        id CHAR(36) not null,
        role_id CHAR(36) not null,
        user_id CHAR(36) not null,
        primary key (id),
        unique (user_id, role_id)
    )
2026-07-29 12:36:28.378 [main] DEBUG [] org.hibernate.SQL - 
    create table finflow_auth.users (
        email_verified boolean not null,
        failed_login_count integer not null,
        is_deleted boolean not null,
        phone_verified boolean not null,
        created_at timestamp(6) not null,
        deleted_at timestamp(6),
        last_login_at timestamp(6),
        locked_until timestamp(6),
        terms_accepted_at timestamp(6),
        updated_at timestamp(6) not null,
        version bigint not null,
        phone_number varchar(20),
        username varchar(30) not null,
        created_by varchar(36) not null,
        deleted_by varchar(36),
        id CHAR(36) not null,
        modified_by varchar(36) not null,
        email varchar(254) not null,
        status enum ('ACTIVE','CLOSED','PENDING_VERIFICATION','SUSPENDED') not null,
        primary key (id)
    )
2026-07-29 12:36:28.383 [main] DEBUG [] org.hibernate.SQL - 
    create table finflow_notifications.notifications (
        is_read boolean not null,
        created_at timestamp(6) not null,
        read_at timestamp(6),
        updated_at timestamp(6) not null,
        version bigint not null,
        created_by varchar(36) not null,
        id CHAR(36) not null,
        modified_by varchar(36) not null,
        owner_id varchar(36) not null,
        reference_id varchar(36),
        reference_type varchar(50),
        message TEXT not null,
        title varchar(255) not null,
        notification_type enum ('ACCOUNT','PROMOTION','SECURITY','SYSTEM','TRANSACTION') not null,
        primary key (id)
    )
2026-07-29 12:36:28.386 [main] DEBUG [] org.hibernate.SQL - 
    create table finflow_profiles.user_profiles (
        country varchar(2),
        date_of_birth date,
        created_at timestamp(6) not null,
        updated_at timestamp(6) not null,
        version bigint not null,
        postal_code varchar(20),
        created_by varchar(36) not null,
        id CHAR(36) not null,
        modified_by varchar(36) not null,
        user_id varchar(36) not null unique,
        city varchar(100),
        first_name varchar(100),
        last_name varchar(100),
        state varchar(100),
        avatar_url varchar(500),
        address_line1 varchar(255),
        address_line2 varchar(255),
        primary key (id)
    )
2026-07-29 12:36:28.391 [main] DEBUG [] org.hibernate.SQL - 
    create table finflow_savings.savings_goals (
        currency varchar(3) not null,
        deadline date,
        created_at timestamp(6) not null,
        current_amount_cents bigint not null,
        target_amount_cents bigint not null,
        updated_at timestamp(6) not null,
        version bigint not null,
        account_id varchar(36) not null,
        id CHAR(36) not null,
        owner_id varchar(36) not null,
        goal_name varchar(100) not null,
        description varchar(255),
        goal_status enum ('ACTIVE','CANCELLED','COMPLETED','PAUSED') not null,
        primary key (id)
    )
2026-07-29 12:36:28.395 [main] DEBUG [] org.hibernate.SQL - 
    create table finflow_settings.user_settings (
        created_at timestamp(6) not null,
        updated_at timestamp(6) not null,
        version bigint not null,
        id CHAR(36) not null,
        user_id varchar(36) not null,
        setting_key varchar(100) not null,
        setting_value TEXT not null,
        primary key (id)
    )
2026-07-29 12:36:28.397 [main] DEBUG [] org.hibernate.SQL - 
    create table finflow_transactions.transaction_entries (
        currency varchar(3) not null,
        amount_cents bigint not null,
        balance_after_cents bigint not null,
        balance_before_cents bigint not null,
        created_at timestamp(6) not null,
        updated_at timestamp(6) not null,
        version bigint not null,
        account_id varchar(36) not null,
        id CHAR(36) not null,
        transaction_id CHAR(36) not null,
        description varchar(255),
        entry_type enum ('CREDIT','DEBIT') not null,
        primary key (id)
    )
2026-07-29 12:36:28.399 [main] DEBUG [] org.hibernate.SQL - 
    create table finflow_transactions.transactions (
        currency varchar(3) not null,
        amount_cents bigint not null,
        completed_at timestamp(6),
        created_at timestamp(6) not null,
        fee_amount_cents bigint not null,
        updated_at timestamp(6) not null,
        version bigint not null,
        id CHAR(36) not null,
        source_account_id varchar(36),
        target_account_id varchar(36),
        user_id varchar(36) not null,
        reference_number varchar(50) unique,
        idempotency_key varchar(100) unique,
        failed_reason varchar(500),
        description varchar(255),
        metadata_json TEXT,
        transaction_status enum ('CANCELLED','COMPLETED','FAILED','PENDING') not null,
        transaction_type enum ('DEPOSIT','FEE','REVERSAL','TRANSFER','WITHDRAWAL') not null,
        primary key (id)
    )
2026-07-29 12:36:28.404 [main] DEBUG [] org.hibernate.SQL - 
    create table finflow_transfers.scheduled_transfers (
        currency varchar(3) not null,
        execution_count integer not null,
        max_executions integer,
        amount_cents bigint not null,
        created_at timestamp(6) not null,
        end_date timestamp(6),
        last_execution timestamp(6),
        next_execution timestamp(6) not null,
        updated_at timestamp(6) not null,
        version bigint not null,
        id CHAR(36) not null,
        owner_id varchar(36) not null,
        source_account_id varchar(36) not null,
        target_account_id varchar(36),
        target_beneficiary_id varchar(36),
        template_id varchar(36),
        description varchar(255),
        frequency enum ('BIWEEKLY','DAILY','MONTHLY','QUARTERLY','WEEKLY','YEARLY'),
        schedule_status enum ('ACTIVE','CANCELLED','COMPLETED','FAILED','PAUSED') not null,
        schedule_type enum ('ONE_TIME','RECURRING') not null,
        primary key (id)
    )
2026-07-29 12:36:28.406 [main] DEBUG [] org.hibernate.SQL - 
    create table finflow_transfers.transfer_templates (
        currency varchar(3) not null,
        amount_cents bigint not null,
        created_at timestamp(6) not null,
        updated_at timestamp(6) not null,
        version bigint not null,
        id CHAR(36) not null,
        owner_id varchar(36) not null,
        source_account_id varchar(36) not null,
        target_account_id varchar(36),
        target_beneficiary_id varchar(36),
        template_name varchar(100) not null,
        description varchar(255),
        template_status enum ('ACTIVE','CANCELLED','COMPLETED','FAILED','PAUSED') not null,
        primary key (id)
    )
2026-07-29 12:36:28.408 [main] DEBUG [] org.hibernate.SQL - 
    alter table if exists finflow_accounts.account_holders 
       add constraint fk_ah_account 
       foreign key (account_id) 
       references finflow_accounts.accounts
2026-07-29 12:36:28.410 [main] DEBUG [] org.hibernate.SQL - 
    alter table if exists finflow_accounts.account_status_history 
       add constraint fk_ash_account 
       foreign key (account_id) 
       references finflow_accounts.accounts
2026-07-29 12:36:28.416 [main] DEBUG [] org.hibernate.SQL - 
    alter table if exists finflow_accounts.holds 
       add constraint fk_holds_account 
       foreign key (account_id) 
       references finflow_accounts.accounts
2026-07-29 12:36:28.417 [main] DEBUG [] org.hibernate.SQL - 
    alter table if exists finflow_auth.login_history 
       add constraint fk_lh_user 
       foreign key (user_id) 
       references finflow_auth.users
2026-07-29 12:36:28.417 [main] DEBUG [] org.hibernate.SQL - 
    alter table if exists finflow_auth.refresh_tokens 
       add constraint fk_rt_user 
       foreign key (user_id) 
       references finflow_auth.users
2026-07-29 12:36:28.417 [main] DEBUG [] org.hibernate.SQL - 
    alter table if exists finflow_auth.user_credentials 
       add constraint fk_uc_user 
       foreign key (user_id) 
       references finflow_auth.users
2026-07-29 12:36:28.426 [main] DEBUG [] org.hibernate.SQL - 
    alter table if exists finflow_auth.user_roles 
       add constraint fk_ur_role 
       foreign key (role_id) 
       references finflow_auth.roles
2026-07-29 12:36:28.426 [main] DEBUG [] org.hibernate.SQL - 
    alter table if exists finflow_auth.user_roles 
       add constraint fk_ur_user 
       foreign key (user_id) 
       references finflow_auth.users
2026-07-29 12:36:28.426 [main] DEBUG [] org.hibernate.SQL - 
    alter table if exists finflow_transactions.transaction_entries 
       add constraint fk_txn_entry_transaction 
       foreign key (transaction_id) 
       references finflow_transactions.transactions
2026-07-29 12:36:28.433 [main] INFO  [] o.s.o.j.LocalContainerEntityManagerFactoryBean - Initialized JPA EntityManagerFactory for persistence unit 'default'
2026-07-29 12:36:29.097 [main] INFO  [] c.f.m.a.r.RefreshTokenRepositoryIntegrationTest - Started RefreshTokenRepositoryIntegrationTest in 2.964 seconds (process running for 41.547)
2026-07-29 12:36:29.174 [main] DEBUG [] org.hibernate.SQL - 
    select
        rt1_0.id,
        rt1_0.created_at,
        rt1_0.created_ip,
        rt1_0.created_user_agent,
        rt1_0.expires_at,
        rt1_0.family_id,
        rt1_0.is_revoked,
        rt1_0.last_used_at,
        rt1_0.last_used_ip,
        rt1_0.refresh_token_hash,
        rt1_0.revoked_at,
        rt1_0.session_id,
        rt1_0.updated_at,
        rt1_0.user_id,
        rt1_0.version 
    from
        finflow_auth.refresh_tokens rt1_0
2026-07-29 12:36:29.180 [main] DEBUG [] org.hibernate.SQL - 
    select
        u1_0.id,
        u1_0.created_at,
        u1_0.created_by,
        u1_0.deleted_at,
        u1_0.deleted_by,
        u1_0.email,
        u1_0.email_verified,
        u1_0.failed_login_count,
        u1_0.is_deleted,
        u1_0.last_login_at,
        u1_0.locked_until,
        u1_0.modified_by,
        u1_0.phone_number,
        u1_0.phone_verified,
        u1_0.status,
        u1_0.terms_accepted_at,
        u1_0.updated_at,
        u1_0.username,
        u1_0.version 
    from
        finflow_auth.users u1_0
2026-07-29 12:36:29.183 [main] DEBUG [] org.hibernate.SQL - 
    select
        r1_0.id,
        r1_0.created_at,
        r1_0.description,
        r1_0.is_active,
        r1_0.is_system_role,
        r1_0.name,
        r1_0.updated_at,
        r1_0.version 
    from
        finflow_auth.roles r1_0
2026-07-29 12:36:29.197 [main] DEBUG [] org.hibernate.SQL - 
    insert 
    into
        finflow_auth.roles
        (created_at, description, is_active, is_system_role, name, updated_at, version, id) 
    values
        (?, ?, ?, ?, ?, ?, ?, ?)
2026-07-29 12:36:29.198 [main] DEBUG [] org.hibernate.SQL - 
    insert 
    into
        finflow_auth.users
        (created_at, created_by, deleted_at, deleted_by, email, email_verified, failed_login_count, is_deleted, last_login_at, locked_until, modified_by, phone_number, phone_verified, status, terms_accepted_at, updated_at, username, version, id) 
    values
        (?, ?, ?, ?, ?, ?, ?, ?, ?, ?, ?, ?, ?, ?, ?, ?, ?, ?, ?)
2026-07-29 12:36:29.198 [main] DEBUG [] org.hibernate.SQL - 
    insert 
    into
        finflow_auth.refresh_tokens
        (created_at, created_ip, created_user_agent, expires_at, family_id, is_revoked, last_used_at, last_used_ip, refresh_token_hash, revoked_at, session_id, updated_at, user_id, version, id) 
    values
        (?, ?, ?, ?, ?, ?, ?, ?, ?, ?, ?, ?, ?, ?, ?)
2026-07-29 12:36:29.202 [main] DEBUG [] org.hibernate.SQL - 
    insert 
    into
        finflow_auth.refresh_tokens
        (created_at, created_ip, created_user_agent, expires_at, family_id, is_revoked, last_used_at, last_used_ip, refresh_token_hash, revoked_at, session_id, updated_at, user_id, version, id) 
    values
        (?, ?, ?, ?, ?, ?, ?, ?, ?, ?, ?, ?, ?, ?, ?)
2026-07-29 12:36:29.202 [main] DEBUG [] org.hibernate.SQL - 
    insert 
    into
        finflow_auth.refresh_tokens
        (created_at, created_ip, created_user_agent, expires_at, family_id, is_revoked, last_used_at, last_used_ip, refresh_token_hash, revoked_at, session_id, updated_at, user_id, version, id) 
    values
        (?, ?, ?, ?, ?, ?, ?, ?, ?, ?, ?, ?, ?, ?, ?)
2026-07-29 12:36:29.205 [main] DEBUG [] org.hibernate.SQL - 
    update
        finflow_auth.refresh_tokens 
    set
        created_ip=?,
        created_user_agent=?,
        expires_at=?,
        family_id=?,
        is_revoked=?,
        last_used_at=?,
        last_used_ip=?,
        refresh_token_hash=?,
        revoked_at=?,
        session_id=?,
        updated_at=?,
        user_id=?,
        version=? 
    where
        id=? 
        and version=?
2026-07-29 12:36:29.205 [main] DEBUG [] org.hibernate.SQL - 
    select
        count(rt1_0.id) 
    from
        finflow_auth.refresh_tokens rt1_0 
    where
        rt1_0.user_id=? 
        and rt1_0.is_revoked=false 
        and rt1_0.expires_at>localtimestamp
2026-07-29 12:36:29.220 [main] INFO  [] o.s.t.c.s.AnnotationConfigContextLoaderUtils - Could not detect default configuration classes for test class [com.finflow.modules.auth.repository.RefreshTokenRepositoryIntegrationTest$FindExpiredNotRevoked]: FindExpiredNotRevoked does not declare any static, non-private, non-final, nested classes annotated with @Configuration.
2026-07-29 12:36:29.236 [main] INFO  [] o.s.b.t.c.SpringBootTestContextBootstrapper - Found @SpringBootConfiguration com.finflow.FinFlowApplication for test class com.finflow.modules.auth.repository.RefreshTokenRepositoryIntegrationTest$FindExpiredNotRevoked
2026-07-29 12:36:29.244 [main] DEBUG [] org.hibernate.SQL - 
    select
        rt1_0.id,
        rt1_0.created_at,
        rt1_0.created_ip,
        rt1_0.created_user_agent,
        rt1_0.expires_at,
        rt1_0.family_id,
        rt1_0.is_revoked,
        rt1_0.last_used_at,
        rt1_0.last_used_ip,
        rt1_0.refresh_token_hash,
        rt1_0.revoked_at,
        rt1_0.session_id,
        rt1_0.updated_at,
        rt1_0.user_id,
        rt1_0.version 
    from
        finflow_auth.refresh_tokens rt1_0
2026-07-29 12:36:29.246 [main] DEBUG [] org.hibernate.SQL - 
    select
        u1_0.id,
        u1_0.created_at,
        u1_0.created_by,
        u1_0.deleted_at,
        u1_0.deleted_by,
        u1_0.email,
        u1_0.email_verified,
        u1_0.failed_login_count,
        u1_0.is_deleted,
        u1_0.last_login_at,
        u1_0.locked_until,
        u1_0.modified_by,
        u1_0.phone_number,
        u1_0.phone_verified,
        u1_0.status,
        u1_0.terms_accepted_at,
        u1_0.updated_at,
        u1_0.username,
        u1_0.version 
    from
        finflow_auth.users u1_0
2026-07-29 12:36:29.246 [main] DEBUG [] org.hibernate.SQL - 
    select
        r1_0.id,
        r1_0.created_at,
        r1_0.description,
        r1_0.is_active,
        r1_0.is_system_role,
        r1_0.name,
        r1_0.updated_at,
        r1_0.version 
    from
        finflow_auth.roles r1_0
2026-07-29 12:36:29.262 [main] DEBUG [] org.hibernate.SQL - 
    insert 
    into
        finflow_auth.roles
        (created_at, description, is_active, is_system_role, name, updated_at, version, id) 
    values
        (?, ?, ?, ?, ?, ?, ?, ?)
2026-07-29 12:36:29.264 [main] DEBUG [] org.hibernate.SQL - 
    insert 
    into
        finflow_auth.users
        (created_at, created_by, deleted_at, deleted_by, email, email_verified, failed_login_count, is_deleted, last_login_at, locked_until, modified_by, phone_number, phone_verified, status, terms_accepted_at, updated_at, username, version, id) 
    values
        (?, ?, ?, ?, ?, ?, ?, ?, ?, ?, ?, ?, ?, ?, ?, ?, ?, ?, ?)
2026-07-29 12:36:29.264 [main] DEBUG [] org.hibernate.SQL - 
    insert 
    into
        finflow_auth.refresh_tokens
        (created_at, created_ip, created_user_agent, expires_at, family_id, is_revoked, last_used_at, last_used_ip, refresh_token_hash, revoked_at, session_id, updated_at, user_id, version, id) 
    values
        (?, ?, ?, ?, ?, ?, ?, ?, ?, ?, ?, ?, ?, ?, ?)
2026-07-29 12:36:29.264 [main] DEBUG [] org.hibernate.SQL - 
    insert 
    into
        finflow_auth.refresh_tokens
        (created_at, created_ip, created_user_agent, expires_at, family_id, is_revoked, last_used_at, last_used_ip, refresh_token_hash, revoked_at, session_id, updated_at, user_id, version, id) 
    values
        (?, ?, ?, ?, ?, ?, ?, ?, ?, ?, ?, ?, ?, ?, ?)
2026-07-29 12:36:29.264 [main] DEBUG [] org.hibernate.SQL - 
    select
        rt1_0.id,
        rt1_0.created_at,
        rt1_0.created_ip,
        rt1_0.created_user_agent,
        rt1_0.expires_at,
        rt1_0.family_id,
        rt1_0.is_revoked,
        rt1_0.last_used_at,
        rt1_0.last_used_ip,
        rt1_0.refresh_token_hash,
        rt1_0.revoked_at,
        rt1_0.session_id,
        rt1_0.updated_at,
        rt1_0.user_id,
        rt1_0.version 
    from
        finflow_auth.refresh_tokens rt1_0 
    where
        rt1_0.expires_at<? 
        and rt1_0.is_revoked=false
2026-07-29 12:36:29.279 [main] INFO  [] o.s.t.c.s.AnnotationConfigContextLoaderUtils - Could not detect default configuration classes for test class [com.finflow.modules.auth.repository.RefreshTokenRepositoryIntegrationTest$RevokeAllByUserId]: RevokeAllByUserId does not declare any static, non-private, non-final, nested classes annotated with @Configuration.
2026-07-29 12:36:29.295 [main] INFO  [] o.s.b.t.c.SpringBootTestContextBootstrapper - Found @SpringBootConfiguration com.finflow.FinFlowApplication for test class com.finflow.modules.auth.repository.RefreshTokenRepositoryIntegrationTest$RevokeAllByUserId
2026-07-29 12:36:29.306 [main] DEBUG [] org.hibernate.SQL - 
    select
        rt1_0.id,
        rt1_0.created_at,
        rt1_0.created_ip,
        rt1_0.created_user_agent,
        rt1_0.expires_at,
        rt1_0.family_id,
        rt1_0.is_revoked,
        rt1_0.last_used_at,
        rt1_0.last_used_ip,
        rt1_0.refresh_token_hash,
        rt1_0.revoked_at,
        rt1_0.session_id,
        rt1_0.updated_at,
        rt1_0.user_id,
        rt1_0.version 
    from
        finflow_auth.refresh_tokens rt1_0
2026-07-29 12:36:29.310 [main] DEBUG [] org.hibernate.SQL - 
    select
        u1_0.id,
        u1_0.created_at,
        u1_0.created_by,
        u1_0.deleted_at,
        u1_0.deleted_by,
        u1_0.email,
        u1_0.email_verified,
        u1_0.failed_login_count,
        u1_0.is_deleted,
        u1_0.last_login_at,
        u1_0.locked_until,
        u1_0.modified_by,
        u1_0.phone_number,
        u1_0.phone_verified,
        u1_0.status,
        u1_0.terms_accepted_at,
        u1_0.updated_at,
        u1_0.username,
        u1_0.version 
    from
        finflow_auth.users u1_0
2026-07-29 12:36:29.313 [main] DEBUG [] org.hibernate.SQL - 
    select
        r1_0.id,
        r1_0.created_at,
        r1_0.description,
        r1_0.is_active,
        r1_0.is_system_role,
        r1_0.name,
        r1_0.updated_at,
        r1_0.version 
    from
        finflow_auth.roles r1_0
2026-07-29 12:36:29.336 [main] DEBUG [] org.hibernate.SQL - 
    insert 
    into
        finflow_auth.roles
        (created_at, description, is_active, is_system_role, name, updated_at, version, id) 
    values
        (?, ?, ?, ?, ?, ?, ?, ?)
2026-07-29 12:36:29.336 [main] DEBUG [] org.hibernate.SQL - 
    insert 
    into
        finflow_auth.users
        (created_at, created_by, deleted_at, deleted_by, email, email_verified, failed_login_count, is_deleted, last_login_at, locked_until, modified_by, phone_number, phone_verified, status, terms_accepted_at, updated_at, username, version, id) 
    values
        (?, ?, ?, ?, ?, ?, ?, ?, ?, ?, ?, ?, ?, ?, ?, ?, ?, ?, ?)
2026-07-29 12:36:29.336 [main] DEBUG [] org.hibernate.SQL - 
    insert 
    into
        finflow_auth.refresh_tokens
        (created_at, created_ip, created_user_agent, expires_at, family_id, is_revoked, last_used_at, last_used_ip, refresh_token_hash, revoked_at, session_id, updated_at, user_id, version, id) 
    values
        (?, ?, ?, ?, ?, ?, ?, ?, ?, ?, ?, ?, ?, ?, ?)
2026-07-29 12:36:29.346 [main] DEBUG [] org.hibernate.SQL - 
    insert 
    into
        finflow_auth.refresh_tokens
        (created_at, created_ip, created_user_agent, expires_at, family_id, is_revoked, last_used_at, last_used_ip, refresh_token_hash, revoked_at, session_id, updated_at, user_id, version, id) 
    values
        (?, ?, ?, ?, ?, ?, ?, ?, ?, ?, ?, ?, ?, ?, ?)
2026-07-29 12:36:29.346 [main] DEBUG [] org.hibernate.SQL - 
    update
        finflow_auth.refresh_tokens rt1_0 
    set
        is_revoked=true,
        revoked_at=? 
    where
        rt1_0.user_id=? 
        and rt1_0.is_revoked=false
2026-07-29 12:36:29.355 [main] DEBUG [] org.hibernate.SQL - 
    select
        rt1_0.id,
        rt1_0.created_at,
        rt1_0.created_ip,
        rt1_0.created_user_agent,
        rt1_0.expires_at,
        rt1_0.family_id,
        rt1_0.is_revoked,
        rt1_0.last_used_at,
        rt1_0.last_used_ip,
        rt1_0.refresh_token_hash,
        rt1_0.revoked_at,
        rt1_0.session_id,
        rt1_0.updated_at,
        rt1_0.user_id,
        rt1_0.version 
    from
        finflow_auth.refresh_tokens rt1_0 
    where
        rt1_0.user_id=? 
        and rt1_0.is_revoked=false 
        and rt1_0.expires_at>localtimestamp 
    order by
        rt1_0.created_at desc
2026-07-29 12:36:29.368 [main] INFO  [] o.s.t.c.s.AnnotationConfigContextLoaderUtils - Could not detect default configuration classes for test class [com.finflow.modules.auth.repository.RefreshTokenRepositoryIntegrationTest$RevokeAllByFamilyId]: RevokeAllByFamilyId does not declare any static, non-private, non-final, nested classes annotated with @Configuration.
2026-07-29 12:36:29.383 [main] INFO  [] o.s.b.t.c.SpringBootTestContextBootstrapper - Found @SpringBootConfiguration com.finflow.FinFlowApplication for test class com.finflow.modules.auth.repository.RefreshTokenRepositoryIntegrationTest$RevokeAllByFamilyId
2026-07-29 12:36:29.394 [main] DEBUG [] org.hibernate.SQL - 
    select
        rt1_0.id,
        rt1_0.created_at,
        rt1_0.created_ip,
        rt1_0.created_user_agent,
        rt1_0.expires_at,
        rt1_0.family_id,
        rt1_0.is_revoked,
        rt1_0.last_used_at,
        rt1_0.last_used_ip,
        rt1_0.refresh_token_hash,
        rt1_0.revoked_at,
        rt1_0.session_id,
        rt1_0.updated_at,
        rt1_0.user_id,
        rt1_0.version 
    from
        finflow_auth.refresh_tokens rt1_0
2026-07-29 12:36:29.395 [main] DEBUG [] org.hibernate.SQL - 
    select
        u1_0.id,
        u1_0.created_at,
        u1_0.created_by,
        u1_0.deleted_at,
        u1_0.deleted_by,
        u1_0.email,
        u1_0.email_verified,
        u1_0.failed_login_count,
        u1_0.is_deleted,
        u1_0.last_login_at,
        u1_0.locked_until,
        u1_0.modified_by,
        u1_0.phone_number,
        u1_0.phone_verified,
        u1_0.status,
        u1_0.terms_accepted_at,
        u1_0.updated_at,
        u1_0.username,
        u1_0.version 
    from
        finflow_auth.users u1_0
2026-07-29 12:36:29.395 [main] DEBUG [] org.hibernate.SQL - 
    select
        r1_0.id,
        r1_0.created_at,
        r1_0.description,
        r1_0.is_active,
        r1_0.is_system_role,
        r1_0.name,
        r1_0.updated_at,
        r1_0.version 
    from
        finflow_auth.roles r1_0
2026-07-29 12:36:29.402 [main] DEBUG [] org.hibernate.SQL - 
    insert 
    into
        finflow_auth.roles
        (created_at, description, is_active, is_system_role, name, updated_at, version, id) 
    values
        (?, ?, ?, ?, ?, ?, ?, ?)
2026-07-29 12:36:29.410 [main] DEBUG [] org.hibernate.SQL - 
    insert 
    into
        finflow_auth.users
        (created_at, created_by, deleted_at, deleted_by, email, email_verified, failed_login_count, is_deleted, last_login_at, locked_until, modified_by, phone_number, phone_verified, status, terms_accepted_at, updated_at, username, version, id) 
    values
        (?, ?, ?, ?, ?, ?, ?, ?, ?, ?, ?, ?, ?, ?, ?, ?, ?, ?, ?)
2026-07-29 12:36:29.412 [main] DEBUG [] org.hibernate.SQL - 
    insert 
    into
        finflow_auth.refresh_tokens
        (created_at, created_ip, created_user_agent, expires_at, family_id, is_revoked, last_used_at, last_used_ip, refresh_token_hash, revoked_at, session_id, updated_at, user_id, version, id) 
    values
        (?, ?, ?, ?, ?, ?, ?, ?, ?, ?, ?, ?, ?, ?, ?)
2026-07-29 12:36:29.413 [main] DEBUG [] org.hibernate.SQL - 
    insert 
    into
        finflow_auth.refresh_tokens
        (created_at, created_ip, created_user_agent, expires_at, family_id, is_revoked, last_used_at, last_used_ip, refresh_token_hash, revoked_at, session_id, updated_at, user_id, version, id) 
    values
        (?, ?, ?, ?, ?, ?, ?, ?, ?, ?, ?, ?, ?, ?, ?)
2026-07-29 12:36:29.413 [main] DEBUG [] org.hibernate.SQL - 
    insert 
    into
        finflow_auth.refresh_tokens
        (created_at, created_ip, created_user_agent, expires_at, family_id, is_revoked, last_used_at, last_used_ip, refresh_token_hash, revoked_at, session_id, updated_at, user_id, version, id) 
    values
        (?, ?, ?, ?, ?, ?, ?, ?, ?, ?, ?, ?, ?, ?, ?)
2026-07-29 12:36:29.413 [main] DEBUG [] org.hibernate.SQL - 
    update
        finflow_auth.refresh_tokens 
    set
        created_ip=?,
        created_user_agent=?,
        expires_at=?,
        family_id=?,
        is_revoked=?,
        last_used_at=?,
        last_used_ip=?,
        refresh_token_hash=?,
        revoked_at=?,
        session_id=?,
        updated_at=?,
        user_id=?,
        version=? 
    where
        id=? 
        and version=?
2026-07-29 12:36:29.413 [main] DEBUG [] org.hibernate.SQL - 
    update
        finflow_auth.refresh_tokens rt1_0 
    set
        is_revoked=true,
        revoked_at=? 
    where
        rt1_0.family_id=? 
        and rt1_0.is_revoked=false
2026-07-29 12:36:29.451 [main] DEBUG [] org.hibernate.SQL - 
    select
        rt1_0.id,
        rt1_0.created_at,
        rt1_0.created_ip,
        rt1_0.created_user_agent,
        rt1_0.expires_at,
        rt1_0.family_id,
        rt1_0.is_revoked,
        rt1_0.last_used_at,
        rt1_0.last_used_ip,
        rt1_0.refresh_token_hash,
        rt1_0.revoked_at,
        rt1_0.session_id,
        rt1_0.updated_at,
        rt1_0.user_id,
        rt1_0.version 
    from
        finflow_auth.refresh_tokens rt1_0 
    where
        rt1_0.id=?
2026-07-29 12:36:29.469 [main] DEBUG [] org.hibernate.SQL - 
    select
        rt1_0.id,
        rt1_0.created_at,
        rt1_0.created_ip,
        rt1_0.created_user_agent,
        rt1_0.expires_at,
        rt1_0.family_id,
        rt1_0.is_revoked,
        rt1_0.last_used_at,
        rt1_0.last_used_ip,
        rt1_0.refresh_token_hash,
        rt1_0.revoked_at,
        rt1_0.session_id,
        rt1_0.updated_at,
        rt1_0.user_id,
        rt1_0.version 
    from
        finflow_auth.refresh_tokens rt1_0 
    where
        rt1_0.id=?
2026-07-29 12:36:29.477 [main] INFO  [] o.s.t.c.s.AnnotationConfigContextLoaderUtils - Could not detect default configuration classes for test class [com.finflow.modules.auth.repository.RefreshTokenRepositoryIntegrationTest$FindAllByFamilyId]: FindAllByFamilyId does not declare any static, non-private, non-final, nested classes annotated with @Configuration.
2026-07-29 12:36:29.496 [main] INFO  [] o.s.b.t.c.SpringBootTestContextBootstrapper - Found @SpringBootConfiguration com.finflow.FinFlowApplication for test class com.finflow.modules.auth.repository.RefreshTokenRepositoryIntegrationTest$FindAllByFamilyId
2026-07-29 12:36:29.503 [main] DEBUG [] org.hibernate.SQL - 
    select
        rt1_0.id,
        rt1_0.created_at,
        rt1_0.created_ip,
        rt1_0.created_user_agent,
        rt1_0.expires_at,
        rt1_0.family_id,
        rt1_0.is_revoked,
        rt1_0.last_used_at,
        rt1_0.last_used_ip,
        rt1_0.refresh_token_hash,
        rt1_0.revoked_at,
        rt1_0.session_id,
        rt1_0.updated_at,
        rt1_0.user_id,
        rt1_0.version 
    from
        finflow_auth.refresh_tokens rt1_0
2026-07-29 12:36:29.509 [main] DEBUG [] org.hibernate.SQL - 
    select
        u1_0.id,
        u1_0.created_at,
        u1_0.created_by,
        u1_0.deleted_at,
        u1_0.deleted_by,
        u1_0.email,
        u1_0.email_verified,
        u1_0.failed_login_count,
        u1_0.is_deleted,
        u1_0.last_login_at,
        u1_0.locked_until,
        u1_0.modified_by,
        u1_0.phone_number,
        u1_0.phone_verified,
        u1_0.status,
        u1_0.terms_accepted_at,
        u1_0.updated_at,
        u1_0.username,
        u1_0.version 
    from
        finflow_auth.users u1_0
2026-07-29 12:36:29.509 [main] DEBUG [] org.hibernate.SQL - 
    select
        r1_0.id,
        r1_0.created_at,
        r1_0.description,
        r1_0.is_active,
        r1_0.is_system_role,
        r1_0.name,
        r1_0.updated_at,
        r1_0.version 
    from
        finflow_auth.roles r1_0
2026-07-29 12:36:29.519 [main] DEBUG [] org.hibernate.SQL - 
    insert 
    into
        finflow_auth.roles
        (created_at, description, is_active, is_system_role, name, updated_at, version, id) 
    values
        (?, ?, ?, ?, ?, ?, ?, ?)
2026-07-29 12:36:29.521 [main] DEBUG [] org.hibernate.SQL - 
    insert 
    into
        finflow_auth.users
        (created_at, created_by, deleted_at, deleted_by, email, email_verified, failed_login_count, is_deleted, last_login_at, locked_until, modified_by, phone_number, phone_verified, status, terms_accepted_at, updated_at, username, version, id) 
    values
        (?, ?, ?, ?, ?, ?, ?, ?, ?, ?, ?, ?, ?, ?, ?, ?, ?, ?, ?)
2026-07-29 12:36:29.521 [main] DEBUG [] org.hibernate.SQL - 
    insert 
    into
        finflow_auth.refresh_tokens
        (created_at, created_ip, created_user_agent, expires_at, family_id, is_revoked, last_used_at, last_used_ip, refresh_token_hash, revoked_at, session_id, updated_at, user_id, version, id) 
    values
        (?, ?, ?, ?, ?, ?, ?, ?, ?, ?, ?, ?, ?, ?, ?)
2026-07-29 12:36:29.524 [main] DEBUG [] org.hibernate.SQL - 
    insert 
    into
        finflow_auth.refresh_tokens
        (created_at, created_ip, created_user_agent, expires_at, family_id, is_revoked, last_used_at, last_used_ip, refresh_token_hash, revoked_at, session_id, updated_at, user_id, version, id) 
    values
        (?, ?, ?, ?, ?, ?, ?, ?, ?, ?, ?, ?, ?, ?, ?)
2026-07-29 12:36:29.524 [main] DEBUG [] org.hibernate.SQL - 
    insert 
    into
        finflow_auth.refresh_tokens
        (created_at, created_ip, created_user_agent, expires_at, family_id, is_revoked, last_used_at, last_used_ip, refresh_token_hash, revoked_at, session_id, updated_at, user_id, version, id) 
    values
        (?, ?, ?, ?, ?, ?, ?, ?, ?, ?, ?, ?, ?, ?, ?)
2026-07-29 12:36:29.526 [main] DEBUG [] org.hibernate.SQL - 
    update
        finflow_auth.refresh_tokens 
    set
        created_ip=?,
        created_user_agent=?,
        expires_at=?,
        family_id=?,
        is_revoked=?,
        last_used_at=?,
        last_used_ip=?,
        refresh_token_hash=?,
        revoked_at=?,
        session_id=?,
        updated_at=?,
        user_id=?,
        version=? 
    where
        id=? 
        and version=?
2026-07-29 12:36:29.529 [main] DEBUG [] org.hibernate.SQL - 
    select
        rt1_0.id,
        rt1_0.created_at,
        rt1_0.created_ip,
        rt1_0.created_user_agent,
        rt1_0.expires_at,
        rt1_0.family_id,
        rt1_0.is_revoked,
        rt1_0.last_used_at,
        rt1_0.last_used_ip,
        rt1_0.refresh_token_hash,
        rt1_0.revoked_at,
        rt1_0.session_id,
        rt1_0.updated_at,
        rt1_0.user_id,
        rt1_0.version 
    from
        finflow_auth.refresh_tokens rt1_0 
    where
        rt1_0.family_id=? 
    order by
        rt1_0.created_at desc
2026-07-29 12:36:29.542 [main] INFO  [] o.s.t.c.s.AnnotationConfigContextLoaderUtils - Could not detect default configuration classes for test class [com.finflow.modules.auth.repository.RefreshTokenRepositoryIntegrationTest$FindActiveByUserId]: FindActiveByUserId does not declare any static, non-private, non-final, nested classes annotated with @Configuration.
2026-07-29 12:36:29.559 [main] INFO  [] o.s.b.t.c.SpringBootTestContextBootstrapper - Found @SpringBootConfiguration com.finflow.FinFlowApplication for test class com.finflow.modules.auth.repository.RefreshTokenRepositoryIntegrationTest$FindActiveByUserId
2026-07-29 12:36:29.573 [main] DEBUG [] org.hibernate.SQL - 
    select
        rt1_0.id,
        rt1_0.created_at,
        rt1_0.created_ip,
        rt1_0.created_user_agent,
        rt1_0.expires_at,
        rt1_0.family_id,
        rt1_0.is_revoked,
        rt1_0.last_used_at,
        rt1_0.last_used_ip,
        rt1_0.refresh_token_hash,
        rt1_0.revoked_at,
        rt1_0.session_id,
        rt1_0.updated_at,
        rt1_0.user_id,
        rt1_0.version 
    from
        finflow_auth.refresh_tokens rt1_0
2026-07-29 12:36:29.576 [main] DEBUG [] org.hibernate.SQL - 
    select
        u1_0.id,
        u1_0.created_at,
        u1_0.created_by,
        u1_0.deleted_at,
        u1_0.deleted_by,
        u1_0.email,
        u1_0.email_verified,
        u1_0.failed_login_count,
        u1_0.is_deleted,
        u1_0.last_login_at,
        u1_0.locked_until,
        u1_0.modified_by,
        u1_0.phone_number,
        u1_0.phone_verified,
        u1_0.status,
        u1_0.terms_accepted_at,
        u1_0.updated_at,
        u1_0.username,
        u1_0.version 
    from
        finflow_auth.users u1_0
2026-07-29 12:36:29.579 [main] DEBUG [] org.hibernate.SQL - 
    select
        r1_0.id,
        r1_0.created_at,
        r1_0.description,
        r1_0.is_active,
        r1_0.is_system_role,
        r1_0.name,
        r1_0.updated_at,
        r1_0.version 
    from
        finflow_auth.roles r1_0
2026-07-29 12:36:29.593 [main] DEBUG [] org.hibernate.SQL - 
    insert 
    into
        finflow_auth.roles
        (created_at, description, is_active, is_system_role, name, updated_at, version, id) 
    values
        (?, ?, ?, ?, ?, ?, ?, ?)
2026-07-29 12:36:29.593 [main] DEBUG [] org.hibernate.SQL - 
    insert 
    into
        finflow_auth.users
        (created_at, created_by, deleted_at, deleted_by, email, email_verified, failed_login_count, is_deleted, last_login_at, locked_until, modified_by, phone_number, phone_verified, status, terms_accepted_at, updated_at, username, version, id) 
    values
        (?, ?, ?, ?, ?, ?, ?, ?, ?, ?, ?, ?, ?, ?, ?, ?, ?, ?, ?)
2026-07-29 12:36:29.599 [main] DEBUG [] org.hibernate.SQL - 
    insert 
    into
        finflow_auth.refresh_tokens
        (created_at, created_ip, created_user_agent, expires_at, family_id, is_revoked, last_used_at, last_used_ip, refresh_token_hash, revoked_at, session_id, updated_at, user_id, version, id) 
    values
        (?, ?, ?, ?, ?, ?, ?, ?, ?, ?, ?, ?, ?, ?, ?)
2026-07-29 12:36:29.599 [main] DEBUG [] org.hibernate.SQL - 
    insert 
    into
        finflow_auth.refresh_tokens
        (created_at, created_ip, created_user_agent, expires_at, family_id, is_revoked, last_used_at, last_used_ip, refresh_token_hash, revoked_at, session_id, updated_at, user_id, version, id) 
    values
        (?, ?, ?, ?, ?, ?, ?, ?, ?, ?, ?, ?, ?, ?, ?)
2026-07-29 12:36:29.601 [main] DEBUG [] org.hibernate.SQL - 
    insert 
    into
        finflow_auth.refresh_tokens
        (created_at, created_ip, created_user_agent, expires_at, family_id, is_revoked, last_used_at, last_used_ip, refresh_token_hash, revoked_at, session_id, updated_at, user_id, version, id) 
    values
        (?, ?, ?, ?, ?, ?, ?, ?, ?, ?, ?, ?, ?, ?, ?)
2026-07-29 12:36:29.601 [main] DEBUG [] org.hibernate.SQL - 
    update
        finflow_auth.refresh_tokens 
    set
        created_ip=?,
        created_user_agent=?,
        expires_at=?,
        family_id=?,
        is_revoked=?,
        last_used_at=?,
        last_used_ip=?,
        refresh_token_hash=?,
        revoked_at=?,
        session_id=?,
        updated_at=?,
        user_id=?,
        version=? 
    where
        id=? 
        and version=?
2026-07-29 12:36:29.604 [main] DEBUG [] org.hibernate.SQL - 
    select
        rt1_0.id,
        rt1_0.created_at,
        rt1_0.created_ip,
        rt1_0.created_user_agent,
        rt1_0.expires_at,
        rt1_0.family_id,
        rt1_0.is_revoked,
        rt1_0.last_used_at,
        rt1_0.last_used_ip,
        rt1_0.refresh_token_hash,
        rt1_0.revoked_at,
        rt1_0.session_id,
        rt1_0.updated_at,
        rt1_0.user_id,
        rt1_0.version 
    from
        finflow_auth.refresh_tokens rt1_0 
    where
        rt1_0.user_id=? 
        and rt1_0.is_revoked=false 
        and rt1_0.expires_at>localtimestamp 
    order by
        rt1_0.created_at desc
2026-07-29 12:36:29.618 [main] INFO  [] o.s.t.c.s.AnnotationConfigContextLoaderUtils - Could not detect default configuration classes for test class [com.finflow.modules.auth.repository.RefreshTokenRepositoryIntegrationTest$FindActiveBySessionId]: FindActiveBySessionId does not declare any static, non-private, non-final, nested classes annotated with @Configuration.
2026-07-29 12:36:29.642 [main] INFO  [] o.s.b.t.c.SpringBootTestContextBootstrapper - Found @SpringBootConfiguration com.finflow.FinFlowApplication for test class com.finflow.modules.auth.repository.RefreshTokenRepositoryIntegrationTest$FindActiveBySessionId
2026-07-29 12:36:29.652 [main] DEBUG [] org.hibernate.SQL - 
    select
        rt1_0.id,
        rt1_0.created_at,
        rt1_0.created_ip,
        rt1_0.created_user_agent,
        rt1_0.expires_at,
        rt1_0.family_id,
        rt1_0.is_revoked,
        rt1_0.last_used_at,
        rt1_0.last_used_ip,
        rt1_0.refresh_token_hash,
        rt1_0.revoked_at,
        rt1_0.session_id,
        rt1_0.updated_at,
        rt1_0.user_id,
        rt1_0.version 
    from
        finflow_auth.refresh_tokens rt1_0
2026-07-29 12:36:29.656 [main] DEBUG [] org.hibernate.SQL - 
    select
        u1_0.id,
        u1_0.created_at,
        u1_0.created_by,
        u1_0.deleted_at,
        u1_0.deleted_by,
        u1_0.email,
        u1_0.email_verified,
        u1_0.failed_login_count,
        u1_0.is_deleted,
        u1_0.last_login_at,
        u1_0.locked_until,
        u1_0.modified_by,
        u1_0.phone_number,
        u1_0.phone_verified,
        u1_0.status,
        u1_0.terms_accepted_at,
        u1_0.updated_at,
        u1_0.username,
        u1_0.version 
    from
        finflow_auth.users u1_0
2026-07-29 12:36:29.658 [main] DEBUG [] org.hibernate.SQL - 
    select
        r1_0.id,
        r1_0.created_at,
        r1_0.description,
        r1_0.is_active,
        r1_0.is_system_role,
        r1_0.name,
        r1_0.updated_at,
        r1_0.version 
    from
        finflow_auth.roles r1_0
2026-07-29 12:36:29.670 [main] DEBUG [] org.hibernate.SQL - 
    insert 
    into
        finflow_auth.roles
        (created_at, description, is_active, is_system_role, name, updated_at, version, id) 
    values
        (?, ?, ?, ?, ?, ?, ?, ?)
2026-07-29 12:36:29.672 [main] DEBUG [] org.hibernate.SQL - 
    insert 
    into
        finflow_auth.users
        (created_at, created_by, deleted_at, deleted_by, email, email_verified, failed_login_count, is_deleted, last_login_at, locked_until, modified_by, phone_number, phone_verified, status, terms_accepted_at, updated_at, username, version, id) 
    values
        (?, ?, ?, ?, ?, ?, ?, ?, ?, ?, ?, ?, ?, ?, ?, ?, ?, ?, ?)
2026-07-29 12:36:29.674 [main] DEBUG [] org.hibernate.SQL - 
    insert 
    into
        finflow_auth.refresh_tokens
        (created_at, created_ip, created_user_agent, expires_at, family_id, is_revoked, last_used_at, last_used_ip, refresh_token_hash, revoked_at, session_id, updated_at, user_id, version, id) 
    values
        (?, ?, ?, ?, ?, ?, ?, ?, ?, ?, ?, ?, ?, ?, ?)
2026-07-29 12:36:29.675 [main] DEBUG [] org.hibernate.SQL - 
    select
        rt1_0.id,
        rt1_0.created_at,
        rt1_0.created_ip,
        rt1_0.created_user_agent,
        rt1_0.expires_at,
        rt1_0.family_id,
        rt1_0.is_revoked,
        rt1_0.last_used_at,
        rt1_0.last_used_ip,
        rt1_0.refresh_token_hash,
        rt1_0.revoked_at,
        rt1_0.session_id,
        rt1_0.updated_at,
        rt1_0.user_id,
        rt1_0.version 
    from
        finflow_auth.refresh_tokens rt1_0 
    where
        rt1_0.session_id=? 
        and rt1_0.is_revoked=false 
        and rt1_0.expires_at>localtimestamp
2026-07-29 12:36:29.685 [main] INFO  [] o.s.t.c.s.AnnotationConfigContextLoaderUtils - Could not detect default configuration classes for test class [com.finflow.modules.auth.repository.RefreshTokenRepositoryIntegrationTest$FindByTokenHash]: FindByTokenHash does not declare any static, non-private, non-final, nested classes annotated with @Configuration.
2026-07-29 12:36:29.708 [main] INFO  [] o.s.b.t.c.SpringBootTestContextBootstrapper - Found @SpringBootConfiguration com.finflow.FinFlowApplication for test class com.finflow.modules.auth.repository.RefreshTokenRepositoryIntegrationTest$FindByTokenHash
2026-07-29 12:36:29.718 [main] DEBUG [] org.hibernate.SQL - 
    select
        rt1_0.id,
        rt1_0.created_at,
        rt1_0.created_ip,
        rt1_0.created_user_agent,
        rt1_0.expires_at,
        rt1_0.family_id,
        rt1_0.is_revoked,
        rt1_0.last_used_at,
        rt1_0.last_used_ip,
        rt1_0.refresh_token_hash,
        rt1_0.revoked_at,
        rt1_0.session_id,
        rt1_0.updated_at,
        rt1_0.user_id,
        rt1_0.version 
    from
        finflow_auth.refresh_tokens rt1_0
2026-07-29 12:36:29.725 [main] DEBUG [] org.hibernate.SQL - 
    select
        u1_0.id,
        u1_0.created_at,
        u1_0.created_by,
        u1_0.deleted_at,
        u1_0.deleted_by,
        u1_0.email,
        u1_0.email_verified,
        u1_0.failed_login_count,
        u1_0.is_deleted,
        u1_0.last_login_at,
        u1_0.locked_until,
        u1_0.modified_by,
        u1_0.phone_number,
        u1_0.phone_verified,
        u1_0.status,
        u1_0.terms_accepted_at,
        u1_0.updated_at,
        u1_0.username,
        u1_0.version 
    from
        finflow_auth.users u1_0
2026-07-29 12:36:29.726 [main] DEBUG [] org.hibernate.SQL - 
    select
        r1_0.id,
        r1_0.created_at,
        r1_0.description,
        r1_0.is_active,
        r1_0.is_system_role,
        r1_0.name,
        r1_0.updated_at,
        r1_0.version 
    from
        finflow_auth.roles r1_0
2026-07-29 12:36:29.735 [main] DEBUG [] org.hibernate.SQL - 
    insert 
    into
        finflow_auth.roles
        (created_at, description, is_active, is_system_role, name, updated_at, version, id) 
    values
        (?, ?, ?, ?, ?, ?, ?, ?)
2026-07-29 12:36:29.737 [main] DEBUG [] org.hibernate.SQL - 
    insert 
    into
        finflow_auth.users
        (created_at, created_by, deleted_at, deleted_by, email, email_verified, failed_login_count, is_deleted, last_login_at, locked_until, modified_by, phone_number, phone_verified, status, terms_accepted_at, updated_at, username, version, id) 
    values
        (?, ?, ?, ?, ?, ?, ?, ?, ?, ?, ?, ?, ?, ?, ?, ?, ?, ?, ?)
2026-07-29 12:36:29.737 [main] DEBUG [] org.hibernate.SQL - 
    insert 
    into
        finflow_auth.refresh_tokens
        (created_at, created_ip, created_user_agent, expires_at, family_id, is_revoked, last_used_at, last_used_ip, refresh_token_hash, revoked_at, session_id, updated_at, user_id, version, id) 
    values
        (?, ?, ?, ?, ?, ?, ?, ?, ?, ?, ?, ?, ?, ?, ?)
2026-07-29 12:36:29.741 [main] DEBUG [] org.hibernate.SQL - 
    update
        finflow_auth.refresh_tokens 
    set
        created_ip=?,
        created_user_agent=?,
        expires_at=?,
        family_id=?,
        is_revoked=?,
        last_used_at=?,
        last_used_ip=?,
        refresh_token_hash=?,
        revoked_at=?,
        session_id=?,
        updated_at=?,
        user_id=?,
        version=? 
    where
        id=? 
        and version=?
2026-07-29 12:36:29.741 [main] DEBUG [] org.hibernate.SQL - 
    select
        rt1_0.id,
        rt1_0.created_at,
        rt1_0.created_ip,
        rt1_0.created_user_agent,
        rt1_0.expires_at,
        rt1_0.family_id,
        rt1_0.is_revoked,
        rt1_0.last_used_at,
        rt1_0.last_used_ip,
        rt1_0.refresh_token_hash,
        rt1_0.revoked_at,
        rt1_0.session_id,
        rt1_0.updated_at,
        rt1_0.user_id,
        rt1_0.version 
    from
        finflow_auth.refresh_tokens rt1_0 
    where
        rt1_0.refresh_token_hash=?
2026-07-29 12:36:29.757 [main] INFO  [] o.s.t.c.s.AnnotationConfigContextLoaderUtils - Could not detect default configuration classes for test class [com.finflow.modules.auth.repository.RefreshTokenRepositoryIntegrationTest$FindActiveByTokenHash]: FindActiveByTokenHash does not declare any static, non-private, non-final, nested classes annotated with @Configuration.
2026-07-29 12:36:29.777 [main] INFO  [] o.s.b.t.c.SpringBootTestContextBootstrapper - Found @SpringBootConfiguration com.finflow.FinFlowApplication for test class com.finflow.modules.auth.repository.RefreshTokenRepositoryIntegrationTest$FindActiveByTokenHash
2026-07-29 12:36:29.788 [main] DEBUG [] org.hibernate.SQL - 
    select
        rt1_0.id,
        rt1_0.created_at,
        rt1_0.created_ip,
        rt1_0.created_user_agent,
        rt1_0.expires_at,
        rt1_0.family_id,
        rt1_0.is_revoked,
        rt1_0.last_used_at,
        rt1_0.last_used_ip,
        rt1_0.refresh_token_hash,
        rt1_0.revoked_at,
        rt1_0.session_id,
        rt1_0.updated_at,
        rt1_0.user_id,
        rt1_0.version 
    from
        finflow_auth.refresh_tokens rt1_0
2026-07-29 12:36:29.792 [main] DEBUG [] org.hibernate.SQL - 
    select
        u1_0.id,
        u1_0.created_at,
        u1_0.created_by,
        u1_0.deleted_at,
        u1_0.deleted_by,
        u1_0.email,
        u1_0.email_verified,
        u1_0.failed_login_count,
        u1_0.is_deleted,
        u1_0.last_login_at,
        u1_0.locked_until,
        u1_0.modified_by,
        u1_0.phone_number,
        u1_0.phone_verified,
        u1_0.status,
        u1_0.terms_accepted_at,
        u1_0.updated_at,
        u1_0.username,
        u1_0.version 
    from
        finflow_auth.users u1_0
2026-07-29 12:36:29.797 [main] DEBUG [] org.hibernate.SQL - 
    select
        r1_0.id,
        r1_0.created_at,
        r1_0.description,
        r1_0.is_active,
        r1_0.is_system_role,
        r1_0.name,
        r1_0.updated_at,
        r1_0.version 
    from
        finflow_auth.roles r1_0
2026-07-29 12:36:29.805 [main] DEBUG [] org.hibernate.SQL - 
    insert 
    into
        finflow_auth.roles
        (created_at, description, is_active, is_system_role, name, updated_at, version, id) 
    values
        (?, ?, ?, ?, ?, ?, ?, ?)
2026-07-29 12:36:29.809 [main] DEBUG [] org.hibernate.SQL - 
    insert 
    into
        finflow_auth.users
        (created_at, created_by, deleted_at, deleted_by, email, email_verified, failed_login_count, is_deleted, last_login_at, locked_until, modified_by, phone_number, phone_verified, status, terms_accepted_at, updated_at, username, version, id) 
    values
        (?, ?, ?, ?, ?, ?, ?, ?, ?, ?, ?, ?, ?, ?, ?, ?, ?, ?, ?)
2026-07-29 12:36:29.809 [main] DEBUG [] org.hibernate.SQL - 
    insert 
    into
        finflow_auth.refresh_tokens
        (created_at, created_ip, created_user_agent, expires_at, family_id, is_revoked, last_used_at, last_used_ip, refresh_token_hash, revoked_at, session_id, updated_at, user_id, version, id) 
    values
        (?, ?, ?, ?, ?, ?, ?, ?, ?, ?, ?, ?, ?, ?, ?)
2026-07-29 12:36:29.812 [main] DEBUG [] org.hibernate.SQL - 
    select
        rt1_0.id,
        rt1_0.created_at,
        rt1_0.created_ip,
        rt1_0.created_user_agent,
        rt1_0.expires_at,
        rt1_0.family_id,
        rt1_0.is_revoked,
        rt1_0.last_used_at,
        rt1_0.last_used_ip,
        rt1_0.refresh_token_hash,
        rt1_0.revoked_at,
        rt1_0.session_id,
        rt1_0.updated_at,
        rt1_0.user_id,
        rt1_0.version 
    from
        finflow_auth.refresh_tokens rt1_0 
    where
        rt1_0.refresh_token_hash=? 
        and rt1_0.is_revoked=false 
        and rt1_0.expires_at>localtimestamp
2026-07-29 12:36:29.831 [main] DEBUG [] org.hibernate.SQL - 
    select
        rt1_0.id,
        rt1_0.created_at,
        rt1_0.created_ip,
        rt1_0.created_user_agent,
        rt1_0.expires_at,
        rt1_0.family_id,
        rt1_0.is_revoked,
        rt1_0.last_used_at,
        rt1_0.last_used_ip,
        rt1_0.refresh_token_hash,
        rt1_0.revoked_at,
        rt1_0.session_id,
        rt1_0.updated_at,
        rt1_0.user_id,
        rt1_0.version 
    from
        finflow_auth.refresh_tokens rt1_0
2026-07-29 12:36:29.836 [main] DEBUG [] org.hibernate.SQL - 
    select
        u1_0.id,
        u1_0.created_at,
        u1_0.created_by,
        u1_0.deleted_at,
        u1_0.deleted_by,
        u1_0.email,
        u1_0.email_verified,
        u1_0.failed_login_count,
        u1_0.is_deleted,
        u1_0.last_login_at,
        u1_0.locked_until,
        u1_0.modified_by,
        u1_0.phone_number,
        u1_0.phone_verified,
        u1_0.status,
        u1_0.terms_accepted_at,
        u1_0.updated_at,
        u1_0.username,
        u1_0.version 
    from
        finflow_auth.users u1_0
2026-07-29 12:36:29.836 [main] DEBUG [] org.hibernate.SQL - 
    select
        r1_0.id,
        r1_0.created_at,
        r1_0.description,
        r1_0.is_active,
        r1_0.is_system_role,
        r1_0.name,
        r1_0.updated_at,
        r1_0.version 
    from
        finflow_auth.roles r1_0
2026-07-29 12:36:29.842 [main] DEBUG [] org.hibernate.SQL - 
    select
        rt1_0.id,
        rt1_0.created_at,
        rt1_0.created_ip,
        rt1_0.created_user_agent,
        rt1_0.expires_at,
        rt1_0.family_id,
        rt1_0.is_revoked,
        rt1_0.last_used_at,
        rt1_0.last_used_ip,
        rt1_0.refresh_token_hash,
        rt1_0.revoked_at,
        rt1_0.session_id,
        rt1_0.updated_at,
        rt1_0.user_id,
        rt1_0.version 
    from
        finflow_auth.refresh_tokens rt1_0 
    where
        rt1_0.refresh_token_hash=? 
        and rt1_0.is_revoked=false 
        and rt1_0.expires_at>localtimestamp
2026-07-29 12:36:29.863 [main] DEBUG [] org.hibernate.SQL - 
    select
        rt1_0.id,
        rt1_0.created_at,
        rt1_0.created_ip,
        rt1_0.created_user_agent,
        rt1_0.expires_at,
        rt1_0.family_id,
        rt1_0.is_revoked,
        rt1_0.last_used_at,
        rt1_0.last_used_ip,
        rt1_0.refresh_token_hash,
        rt1_0.revoked_at,
        rt1_0.session_id,
        rt1_0.updated_at,
        rt1_0.user_id,
        rt1_0.version 
    from
        finflow_auth.refresh_tokens rt1_0
2026-07-29 12:36:29.869 [main] DEBUG [] org.hibernate.SQL - 
    select
        u1_0.id,
        u1_0.created_at,
        u1_0.created_by,
        u1_0.deleted_at,
        u1_0.deleted_by,
        u1_0.email,
        u1_0.email_verified,
        u1_0.failed_login_count,
        u1_0.is_deleted,
        u1_0.last_login_at,
        u1_0.locked_until,
        u1_0.modified_by,
        u1_0.phone_number,
        u1_0.phone_verified,
        u1_0.status,
        u1_0.terms_accepted_at,
        u1_0.updated_at,
        u1_0.username,
        u1_0.version 
    from
        finflow_auth.users u1_0
2026-07-29 12:36:29.871 [main] DEBUG [] org.hibernate.SQL - 
    select
        r1_0.id,
        r1_0.created_at,
        r1_0.description,
        r1_0.is_active,
        r1_0.is_system_role,
        r1_0.name,
        r1_0.updated_at,
        r1_0.version 
    from
        finflow_auth.roles r1_0
2026-07-29 12:36:29.878 [main] DEBUG [] org.hibernate.SQL - 
    insert 
    into
        finflow_auth.roles
        (created_at, description, is_active, is_system_role, name, updated_at, version, id) 
    values
        (?, ?, ?, ?, ?, ?, ?, ?)
2026-07-29 12:36:29.879 [main] DEBUG [] org.hibernate.SQL - 
    insert 
    into
        finflow_auth.users
        (created_at, created_by, deleted_at, deleted_by, email, email_verified, failed_login_count, is_deleted, last_login_at, locked_until, modified_by, phone_number, phone_verified, status, terms_accepted_at, updated_at, username, version, id) 
    values
        (?, ?, ?, ?, ?, ?, ?, ?, ?, ?, ?, ?, ?, ?, ?, ?, ?, ?, ?)
2026-07-29 12:36:29.881 [main] DEBUG [] org.hibernate.SQL - 
    insert 
    into
        finflow_auth.refresh_tokens
        (created_at, created_ip, created_user_agent, expires_at, family_id, is_revoked, last_used_at, last_used_ip, refresh_token_hash, revoked_at, session_id, updated_at, user_id, version, id) 
    values
        (?, ?, ?, ?, ?, ?, ?, ?, ?, ?, ?, ?, ?, ?, ?)
2026-07-29 12:36:29.883 [main] DEBUG [] org.hibernate.SQL - 
    update
        finflow_auth.refresh_tokens 
    set
        created_ip=?,
        created_user_agent=?,
        expires_at=?,
        family_id=?,
        is_revoked=?,
        last_used_at=?,
        last_used_ip=?,
        refresh_token_hash=?,
        revoked_at=?,
        session_id=?,
        updated_at=?,
        user_id=?,
        version=? 
    where
        id=? 
        and version=?
2026-07-29 12:36:29.884 [main] DEBUG [] org.hibernate.SQL - 
    select
        rt1_0.id,
        rt1_0.created_at,
        rt1_0.created_ip,
        rt1_0.created_user_agent,
        rt1_0.expires_at,
        rt1_0.family_id,
        rt1_0.is_revoked,
        rt1_0.last_used_at,
        rt1_0.last_used_ip,
        rt1_0.refresh_token_hash,
        rt1_0.revoked_at,
        rt1_0.session_id,
        rt1_0.updated_at,
        rt1_0.user_id,
        rt1_0.version 
    from
        finflow_auth.refresh_tokens rt1_0 
    where
        rt1_0.refresh_token_hash=? 
        and rt1_0.is_revoked=false 
        and rt1_0.expires_at>localtimestamp
2026-07-29 12:36:29.907 [main] DEBUG [] org.hibernate.SQL - 
    select
        rt1_0.id,
        rt1_0.created_at,
        rt1_0.created_ip,
        rt1_0.created_user_agent,
        rt1_0.expires_at,
        rt1_0.family_id,
        rt1_0.is_revoked,
        rt1_0.last_used_at,
        rt1_0.last_used_ip,
        rt1_0.refresh_token_hash,
        rt1_0.revoked_at,
        rt1_0.session_id,
        rt1_0.updated_at,
        rt1_0.user_id,
        rt1_0.version 
    from
        finflow_auth.refresh_tokens rt1_0
2026-07-29 12:36:29.914 [main] DEBUG [] org.hibernate.SQL - 
    select
        u1_0.id,
        u1_0.created_at,
        u1_0.created_by,
        u1_0.deleted_at,
        u1_0.deleted_by,
        u1_0.email,
        u1_0.email_verified,
        u1_0.failed_login_count,
        u1_0.is_deleted,
        u1_0.last_login_at,
        u1_0.locked_until,
        u1_0.modified_by,
        u1_0.phone_number,
        u1_0.phone_verified,
        u1_0.status,
        u1_0.terms_accepted_at,
        u1_0.updated_at,
        u1_0.username,
        u1_0.version 
    from
        finflow_auth.users u1_0
2026-07-29 12:36:29.920 [main] DEBUG [] org.hibernate.SQL - 
    select
        r1_0.id,
        r1_0.created_at,
        r1_0.description,
        r1_0.is_active,
        r1_0.is_system_role,
        r1_0.name,
        r1_0.updated_at,
        r1_0.version 
    from
        finflow_auth.roles r1_0
2026-07-29 12:36:29.926 [main] DEBUG [] org.hibernate.SQL - 
    insert 
    into
        finflow_auth.roles
        (created_at, description, is_active, is_system_role, name, updated_at, version, id) 
    values
        (?, ?, ?, ?, ?, ?, ?, ?)
2026-07-29 12:36:29.928 [main] DEBUG [] org.hibernate.SQL - 
    insert 
    into
        finflow_auth.users
        (created_at, created_by, deleted_at, deleted_by, email, email_verified, failed_login_count, is_deleted, last_login_at, locked_until, modified_by, phone_number, phone_verified, status, terms_accepted_at, updated_at, username, version, id) 
    values
        (?, ?, ?, ?, ?, ?, ?, ?, ?, ?, ?, ?, ?, ?, ?, ?, ?, ?, ?)
2026-07-29 12:36:29.930 [main] DEBUG [] org.hibernate.SQL - 
    insert 
    into
        finflow_auth.refresh_tokens
        (created_at, created_ip, created_user_agent, expires_at, family_id, is_revoked, last_used_at, last_used_ip, refresh_token_hash, revoked_at, session_id, updated_at, user_id, version, id) 
    values
        (?, ?, ?, ?, ?, ?, ?, ?, ?, ?, ?, ?, ?, ?, ?)
2026-07-29 12:36:29.932 [main] DEBUG [] org.hibernate.SQL - 
    select
        rt1_0.id,
        rt1_0.created_at,
        rt1_0.created_ip,
        rt1_0.created_user_agent,
        rt1_0.expires_at,
        rt1_0.family_id,
        rt1_0.is_revoked,
        rt1_0.last_used_at,
        rt1_0.last_used_ip,
        rt1_0.refresh_token_hash,
        rt1_0.revoked_at,
        rt1_0.session_id,
        rt1_0.updated_at,
        rt1_0.user_id,
        rt1_0.version 
    from
        finflow_auth.refresh_tokens rt1_0 
    where
        rt1_0.refresh_token_hash=? 
        and rt1_0.is_revoked=false 
        and rt1_0.expires_at>localtimestamp
2026-07-29 12:36:30.510 [main] INFO  [] c.f.m.b.service.BeneficiaryService - Changing beneficiary status: id=1a24fd7b-53d3-484a-9596-812339822e1c, status=BLOCKED, userId=e1011384-4f65-47bf-a273-abff7a879d1f
2026-07-29 12:36:30.515 [main] INFO  [] c.f.m.b.service.BeneficiaryService - Beneficiary status changed: id=1a24fd7b-53d3-484a-9596-812339822e1c, status=BLOCKED
2026-07-29 12:36:30.521 [main] INFO  [] c.f.m.b.service.BeneficiaryService - Deleting beneficiary: id=228e81b7-2422-44e4-875a-09ec93d22562, userId=cd7a11b0-1e86-4454-bef3-acdfdaf928fd
2026-07-29 12:36:30.521 [main] INFO  [] c.f.m.b.service.BeneficiaryService - Beneficiary deleted: id=228e81b7-2422-44e4-875a-09ec93d22562
2026-07-29 12:36:30.548 [main] INFO  [] c.f.m.b.service.BeneficiaryService - Updating beneficiary: id=77d12512-3661-4eba-9303-ee5367bc3a73, userId=83787f2f-7b0e-4171-a86f-f02491d7e770
2026-07-29 12:36:30.550 [main] INFO  [] c.f.m.b.service.BeneficiaryService - Beneficiary updated: id=77d12512-3661-4eba-9303-ee5367bc3a73
2026-07-29 12:36:30.588 [main] INFO  [] c.f.m.b.service.BeneficiaryService - Creating beneficiary: userId=325d1a05-3eea-45c5-bc9d-339591c0583c, name=John Doe
2026-07-29 12:36:30.597 [main] INFO  [] c.f.m.b.service.BeneficiaryService - Creating beneficiary: userId=dcf5720d-6d66-4033-8518-db7b55299193, name=John Doe
2026-07-29 12:36:30.597 [main] INFO  [] c.f.m.b.service.BeneficiaryService - Beneficiary created: id=null
2026-07-29 12:36:31.330 [main] INFO  [] c.f.m.n.service.NotificationService - Notification deleted: id=3c2d9b7f-2301-4cfb-bf73-2dadd585fa4c, userId=8e0f4a41-15d5-47d0-827e-d1f9ecb9ced3
2026-07-29 12:36:31.347 [main] INFO  [] c.f.m.n.service.NotificationService - Marking all notifications read for user: a1ad3217-f38c-42e5-a72d-f489b9756b4b
2026-07-29 12:36:31.657 [main] INFO  [] c.f.m.p.service.UserProfileService - Profile updated: userId=74829770-b878-4c2d-a2e1-b3b64754104e
2026-07-29 12:36:31.667 [main] INFO  [] c.f.m.p.service.UserProfileService - Default profile created: userId=cc3e7eb0-a0e1-44d3-a9d6-d88e836b78c3
2026-07-29 12:36:31.667 [main] INFO  [] c.f.m.p.service.UserProfileService - Profile updated: userId=cc3e7eb0-a0e1-44d3-a9d6-d88e836b78c3
2026-07-29 12:36:31.677 [main] INFO  [] c.f.m.p.service.UserProfileService - Profile updated: userId=b0555ad8-727d-49a1-b558-49e552fd51cc
2026-07-29 12:36:31.685 [main] INFO  [] c.f.m.p.service.UserProfileService - Profile updated: userId=c37fb9a3-2f4f-43d9-8453-d24f5b6f31a7
2026-07-29 12:36:31.697 [main] INFO  [] c.f.m.p.service.UserProfileService - Profile updated: userId=a93cbd37-c8b8-4540-8365-44a92048cc9e
2026-07-29 12:36:31.706 [main] INFO  [] c.f.m.p.service.UserProfileService - Profile updated: userId=da6cb71c-c5b6-47e6-a470-6640ffb01e16
2026-07-29 12:36:31.716 [main] INFO  [] c.f.m.p.service.UserProfileService - Default profile created: userId=13bf5981-27ff-4590-97df-9d2b4af97640
2026-07-29 12:36:32.488 [main] INFO  [] c.f.m.s.service.SettingService - Setting deleted: userId=2f0ad0df-5fd3-4698-a91b-04025761e9ec, key=notification_email
2026-07-29 12:36:32.573 [main] INFO  [] c.f.m.s.service.SettingService - Bulk settings updated: userId=a40b7fa8-5b09-41f0-b1cb-1445ee415bf3, count=2
2026-07-29 12:36:32.587 [main] INFO  [] c.f.m.s.service.SettingService - Setting updated: userId=b99251a2-5e31-460a-b7c8-4551b9583166, key=notification_email, value=true
2026-07-29 12:36:32.599 [main] INFO  [] c.f.m.s.service.SettingService - Setting updated: userId=72154dd2-48e6-4736-93c7-497bac842510, key=notification_email, value=true
2026-07-29 12:36:32.599 [main] INFO  [] c.f.m.s.service.SettingService - Setting updated: userId=f9ac8519-2198-41ef-be42-3eb597b33023, key=language, value=es
2026-07-29 12:36:33.077 [main] INFO  [] c.f.m.t.service.TransactionService - Cancelling transaction: txnId=b25522ee-de64-4855-a0d6-f72416dbacd7, userId=8c2bad63-f923-4f0d-9933-941078ca74c4
2026-07-29 12:36:33.082 [main] INFO  [] c.f.m.t.service.TransactionService - Cancelling transaction: txnId=1183986f-9a9c-4632-bfcf-a17593e1c613, userId=1622e3f9-55de-4103-9652-32342e6d5b3b
2026-07-29 12:36:33.082 [main] INFO  [] c.f.m.t.service.TransactionService - Transaction cancelled: txnId=1183986f-9a9c-4632-bfcf-a17593e1c613
2026-07-29 12:36:33.110 [main] INFO  [] c.f.m.t.service.TransactionService - Creating transfer: userId=ec1269fa-e29a-467a-9e99-2f34e40c6bc8, amountCents=50000, source=5a6642b6-4cfa-49f6-a2ab-ef953478f24b, target=4de66cdd-a3dd-4164-a1fe-9b67d71cdc5f
2026-07-29 12:36:33.117 [main] INFO  [] c.f.m.t.service.TransactionService - Creating transfer: userId=3db39eb6-f9a5-4383-b970-74714e6ca496, amountCents=3000, source=de76d064-cc84-4d25-9d2b-dd6343fa8aa8, target=de76d064-cc84-4d25-9d2b-dd6343fa8aa8
2026-07-29 12:36:33.124 [main] INFO  [] c.f.m.t.service.TransactionService - Creating transfer: userId=9eb20bb3-d62f-4f07-bb70-7a3870b5f873, amountCents=3000, source=bfe8e332-d5c0-46e9-b982-b44fad45a96d, target=aacbca5e-db3a-4e5b-adbe-b0d6290e662e
2026-07-29 12:36:33.126 [main] INFO  [] c.f.m.t.service.TransactionService - Transfer completed: txnId=null, ref=TXN-1785308793124-7694F87D
2026-07-29 12:36:33.133 [main] INFO  [] c.f.m.t.service.TransactionService - Creating withdrawal: userId=cae26d17-df30-453a-af8b-9ea82bdbcd9f, amountCents=2000, accountId=439ec792-785b-4a84-b0cb-4485d76722c2
2026-07-29 12:36:33.135 [main] INFO  [] c.f.m.t.service.TransactionService - Withdrawal completed: txnId=null, ref=TXN-1785308793135-A1454AF0
2026-07-29 12:36:33.142 [main] INFO  [] c.f.m.t.service.TransactionService - Creating withdrawal: userId=d85bdb9b-a73c-414d-a032-250b62b93db7, amountCents=20000, accountId=c38ef4ee-c01f-46e6-a1b2-2da580cc7c9c
2026-07-29 12:36:33.157 [main] INFO  [] c.f.m.t.service.TransactionService - Creating deposit: userId=7bb1a27e-e032-4427-bbe5-c18c517333ee, amountCents=0, accountId=cbb8bc2c-824e-40c7-a4e4-68f34d49873c
2026-07-29 12:36:33.167 [main] INFO  [] c.f.m.t.service.TransactionService - Creating deposit: userId=32875efc-0ce9-4fbf-8b91-71c17ad37526, amountCents=5000, accountId=81ce6415-fb05-4103-ad1e-c4df149c6400
2026-07-29 12:36:33.176 [main] INFO  [] c.f.m.t.service.TransactionService - Creating deposit: userId=e1c4646c-c18d-49e2-a1a0-54f511328fbd, amountCents=5000, accountId=6ee54237-4552-43f3-927b-b096d93b8f12
2026-07-29 12:36:33.178 [main] INFO  [] c.f.m.t.service.TransactionService - Deposit completed: txnId=null, ref=TXN-1785308793176-96A71039
2026-07-29 12:36:33.188 [main] INFO  [] c.f.m.t.service.TransactionService - Creating deposit: userId=d4708b10-d613-4ecf-9dde-668484f028d7, amountCents=5000, accountId=a5fce9d6-04f8-4f9e-9518-a705d751b01c
2026-07-29 12:36:34.650 [main] INFO  [] c.f.s.config.JwtSigningKeyProvider - JWT signing keys loaded. Active key: 'primary', total keys: 1
2026-07-29 12:36:35.007 [main] DEBUG [] c.f.s.config.JwtSigningKeyProvider - Could not extract kid from token: Malformed protected header JSON: Unable to deserialize: Unrecognized token 'm': was expecting (JSON String, Number, Array, Object or token 'null', 'true' or 'false')
 at [Source: REDACTED (`StreamReadFeature.INCLUDE_SOURCE_IN_LOCATION` disabled); line: 1, column: 2]
2026-07-29 12:36:35.013 [main] DEBUG [] c.f.shared.config.JwtTokenProvider - Invalid JWT token: Malformed protected header JSON: Unable to deserialize: Unrecognized token 'm': was expecting (JSON String, Number, Array, Object or token 'null', 'true' or 'false')
 at [Source: REDACTED (`StreamReadFeature.INCLUDE_SOURCE_IN_LOCATION` disabled); line: 1, column: 2]
2026-07-29 12:36:35.017 [main] INFO  [] c.f.s.config.JwtSigningKeyProvider - JWT signing keys loaded. Active key: 'primary', total keys: 1
2026-07-29 12:36:35.019 [main] INFO  [] c.f.s.config.JwtSigningKeyProvider - JWT signing keys loaded. Active key: 'primary', total keys: 1
2026-07-29 12:36:35.025 [main] INFO  [] c.f.s.config.JwtSigningKeyProvider - JWT signing keys loaded. Active key: 'primary', total keys: 1
2026-07-29 12:36:35.129 [main] INFO  [] c.f.s.config.JwtSigningKeyProvider - JWT signing keys loaded. Active key: 'primary', total keys: 1
2026-07-29 12:36:35.129 [main] DEBUG [] c.f.s.config.JwtSigningKeyProvider - Could not extract kid from token: Invalid compact JWT string: Compact JWSs must contain exactly 2 period characters, and compact JWEs must contain exactly 4.  Found: 0
2026-07-29 12:36:35.129 [main] DEBUG [] c.f.shared.config.JwtTokenProvider - Invalid JWT token: Invalid compact JWT string: Compact JWSs must contain exactly 2 period characters, and compact JWEs must contain exactly 4.  Found: 0
2026-07-29 12:36:35.133 [main] INFO  [] c.f.s.config.JwtSigningKeyProvider - JWT signing keys loaded. Active key: 'primary', total keys: 1
2026-07-29 12:36:35.207 [main] INFO  [] c.f.s.config.JwtSigningKeyProvider - JWT signing keys loaded. Active key: 'primary', total keys: 1
2026-07-29 12:36:35.218 [main] INFO  [] c.f.s.config.JwtSigningKeyProvider - JWT signing keys loaded. Active key: 'primary', total keys: 1
2026-07-29 12:36:35.220 [main] DEBUG [] c.f.s.config.JwtSigningKeyProvider - Could not extract kid from token: Malformed protected header JSON: Unable to deserialize: Unexpected character ('�' (code 65533 / 0xfffd)): expected a valid value (JSON String, Number, Array, Object or token 'null', 'true' or 'false')
 at [Source: REDACTED (`StreamReadFeature.INCLUDE_SOURCE_IN_LOCATION` disabled); line: 1, column: 1]
2026-07-29 12:36:35.221 [main] DEBUG [] c.f.shared.config.JwtTokenProvider - Invalid JWT token: Malformed protected header JSON: Unable to deserialize: Unexpected character ('�' (code 65533 / 0xfffd)): expected a valid value (JSON String, Number, Array, Object or token 'null', 'true' or 'false')
 at [Source: REDACTED (`StreamReadFeature.INCLUDE_SOURCE_IN_LOCATION` disabled); line: 1, column: 1]
2026-07-29 12:36:35.224 [main] INFO  [] c.f.s.config.JwtSigningKeyProvider - JWT signing keys loaded. Active key: 'primary', total keys: 1
2026-07-29 12:36:35.233 [main] INFO  [] c.f.s.config.JwtSigningKeyProvider - JWT signing keys loaded. Active key: 'primary', total keys: 1
2026-07-29 12:36:35.259 [main] INFO  [] c.f.s.config.JwtSigningKeyProvider - JWT signing keys loaded. Active key: 'primary', total keys: 1
2026-07-29 12:36:35.267 [main] INFO  [] c.f.s.config.JwtSigningKeyProvider - JWT signing keys loaded. Active key: 'primary', total keys: 1
2026-07-29 12:36:35.269 [main] INFO  [] c.f.s.config.JwtSigningKeyProvider - JWT signing keys loaded. Active key: 'primary', total keys: 1
2026-07-29 12:36:35.273 [main] DEBUG [] c.f.shared.config.JwtTokenProvider - Invalid JWT token: Expected iss claim to be: wrong-issuer, but was: finflow.
2026-07-29 12:36:35.275 [main] INFO  [] c.f.s.config.JwtSigningKeyProvider - JWT signing keys loaded. Active key: 'primary', total keys: 1
2026-07-29 12:36:35.282 [main] INFO  [] c.f.s.config.JwtSigningKeyProvider - JWT signing keys loaded. Active key: 'primary', total keys: 1
2026-07-29 12:36:35.285 [main] INFO  [] c.f.s.config.JwtSigningKeyProvider - JWT signing keys loaded. Active key: 'other', total keys: 1
2026-07-29 12:36:35.288 [main] DEBUG [] c.f.s.config.JwtSigningKeyProvider - Could not extract kid from token: JWT signature does not match locally computed signature. JWT validity cannot be asserted and should not be trusted.
2026-07-29 12:36:35.289 [main] WARN  [] c.f.shared.config.JwtTokenProvider - JWT signature validation failed: JWT signature does not match locally computed signature. JWT validity cannot be asserted and should not be trusted.
2026-07-29 12:36:35.333 [SpringApplicationShutdownHook] INFO  [] o.s.o.j.LocalContainerEntityManagerFactoryBean - Closing JPA EntityManagerFactory for persistence unit 'default'
2026-07-29 12:36:35.851 [SpringApplicationShutdownHook] DEBUG [] org.hibernate.SQL - 
    drop table if exists finflow_accounts.account_holders cascade 
2026-07-29 12:36:35.855 [SpringApplicationShutdownHook] DEBUG [] org.hibernate.SQL - 
    drop table if exists finflow_accounts.account_status_history cascade 
2026-07-29 12:36:35.859 [SpringApplicationShutdownHook] DEBUG [] org.hibernate.SQL - 
    drop table if exists finflow_accounts.accounts cascade 
2026-07-29 12:36:35.860 [SpringApplicationShutdownHook] DEBUG [] org.hibernate.SQL - 
    drop table if exists finflow_accounts.beneficiaries cascade 
2026-07-29 12:36:35.860 [SpringApplicationShutdownHook] DEBUG [] org.hibernate.SQL - 
    drop table if exists finflow_accounts.card_transactions cascade 
2026-07-29 12:36:35.860 [SpringApplicationShutdownHook] DEBUG [] org.hibernate.SQL - 
    drop table if exists finflow_accounts.cards cascade 
2026-07-29 12:36:35.860 [SpringApplicationShutdownHook] DEBUG [] org.hibernate.SQL - 
    drop table if exists finflow_accounts.holds cascade 
2026-07-29 12:36:35.862 [SpringApplicationShutdownHook] DEBUG [] org.hibernate.SQL - 
    drop table if exists finflow_admin.admin_audit_log cascade 
2026-07-29 12:36:35.862 [SpringApplicationShutdownHook] DEBUG [] org.hibernate.SQL - 
    drop table if exists finflow_auth.login_history cascade 
2026-07-29 12:36:35.862 [SpringApplicationShutdownHook] DEBUG [] org.hibernate.SQL - 
    drop table if exists finflow_auth.refresh_tokens cascade 
2026-07-29 12:36:35.862 [SpringApplicationShutdownHook] DEBUG [] org.hibernate.SQL - 
    drop table if exists finflow_auth.roles cascade 
2026-07-29 12:36:35.867 [SpringApplicationShutdownHook] DEBUG [] org.hibernate.SQL - 
    drop table if exists finflow_auth.user_credentials cascade 
2026-07-29 12:36:35.869 [SpringApplicationShutdownHook] DEBUG [] org.hibernate.SQL - 
    drop table if exists finflow_auth.user_roles cascade 
2026-07-29 12:36:35.870 [SpringApplicationShutdownHook] DEBUG [] org.hibernate.SQL - 
    drop table if exists finflow_auth.users cascade 
2026-07-29 12:36:35.872 [SpringApplicationShutdownHook] DEBUG [] org.hibernate.SQL - 
    drop table if exists finflow_notifications.notifications cascade 
2026-07-29 12:36:35.872 [SpringApplicationShutdownHook] DEBUG [] org.hibernate.SQL - 
    drop table if exists finflow_profiles.user_profiles cascade 
2026-07-29 12:36:35.872 [SpringApplicationShutdownHook] DEBUG [] org.hibernate.SQL - 
    drop table if exists finflow_savings.savings_goals cascade 
2026-07-29 12:36:35.875 [SpringApplicationShutdownHook] DEBUG [] org.hibernate.SQL - 
    drop table if exists finflow_settings.user_settings cascade 
2026-07-29 12:36:35.876 [SpringApplicationShutdownHook] DEBUG [] org.hibernate.SQL - 
    drop table if exists finflow_transactions.transaction_entries cascade 
2026-07-29 12:36:35.877 [SpringApplicationShutdownHook] DEBUG [] org.hibernate.SQL - 
    drop table if exists finflow_transactions.transactions cascade 
2026-07-29 12:36:35.877 [SpringApplicationShutdownHook] DEBUG [] org.hibernate.SQL - 
    drop table if exists finflow_transfers.scheduled_transfers cascade 
2026-07-29 12:36:35.879 [SpringApplicationShutdownHook] DEBUG [] org.hibernate.SQL - 
    drop table if exists finflow_transfers.transfer_templates cascade 
2026-07-29 12:36:35.885 [SpringApplicationShutdownHook] INFO  [] o.s.o.j.LocalContainerEntityManagerFactoryBean - Closing JPA EntityManagerFactory for persistence unit 'default'
2026-07-29 12:36:35.886 [SpringApplicationShutdownHook] DEBUG [] org.hibernate.SQL - 
    drop table if exists finflow_accounts.account_holders cascade 
2026-07-29 12:36:35.886 [SpringApplicationShutdownHook] DEBUG [] org.hibernate.SQL - 
    drop table if exists finflow_accounts.account_status_history cascade 
2026-07-29 12:36:35.889 [SpringApplicationShutdownHook] DEBUG [] org.hibernate.SQL - 
    drop table if exists finflow_accounts.accounts cascade 
2026-07-29 12:36:35.890 [SpringApplicationShutdownHook] DEBUG [] org.hibernate.SQL - 
    drop table if exists finflow_accounts.beneficiaries cascade 
2026-07-29 12:36:35.891 [SpringApplicationShutdownHook] DEBUG [] org.hibernate.SQL - 
    drop table if exists finflow_accounts.card_transactions cascade 
2026-07-29 12:36:35.893 [SpringApplicationShutdownHook] DEBUG [] org.hibernate.SQL - 
    drop table if exists finflow_accounts.cards cascade 
2026-07-29 12:36:35.893 [SpringApplicationShutdownHook] DEBUG [] org.hibernate.SQL - 
    drop table if exists finflow_accounts.holds cascade 
2026-07-29 12:36:35.894 [SpringApplicationShutdownHook] DEBUG [] org.hibernate.SQL - 
    drop table if exists finflow_admin.admin_audit_log cascade 
2026-07-29 12:36:35.894 [SpringApplicationShutdownHook] DEBUG [] org.hibernate.SQL - 
    drop table if exists finflow_auth.login_history cascade 
2026-07-29 12:36:35.894 [SpringApplicationShutdownHook] DEBUG [] org.hibernate.SQL - 
    drop table if exists finflow_auth.refresh_tokens cascade 
2026-07-29 12:36:35.897 [SpringApplicationShutdownHook] DEBUG [] org.hibernate.SQL - 
    drop table if exists finflow_auth.roles cascade 
2026-07-29 12:36:35.897 [SpringApplicationShutdownHook] DEBUG [] org.hibernate.SQL - 
    drop table if exists finflow_auth.user_credentials cascade 
2026-07-29 12:36:35.899 [SpringApplicationShutdownHook] DEBUG [] org.hibernate.SQL - 
    drop table if exists finflow_auth.user_roles cascade 
2026-07-29 12:36:35.899 [SpringApplicationShutdownHook] DEBUG [] org.hibernate.SQL - 
    drop table if exists finflow_auth.users cascade 
2026-07-29 12:36:35.901 [SpringApplicationShutdownHook] DEBUG [] org.hibernate.SQL - 
    drop table if exists finflow_notifications.notifications cascade 
2026-07-29 12:36:35.901 [SpringApplicationShutdownHook] DEBUG [] org.hibernate.SQL - 
    drop table if exists finflow_profiles.user_profiles cascade 
2026-07-29 12:36:35.901 [SpringApplicationShutdownHook] DEBUG [] org.hibernate.SQL - 
    drop table if exists finflow_savings.savings_goals cascade 
2026-07-29 12:36:35.901 [SpringApplicationShutdownHook] DEBUG [] org.hibernate.SQL - 
    drop table if exists finflow_settings.user_settings cascade 
2026-07-29 12:36:35.901 [SpringApplicationShutdownHook] DEBUG [] org.hibernate.SQL - 
    drop table if exists finflow_transactions.transaction_entries cascade 
2026-07-29 12:36:35.901 [SpringApplicationShutdownHook] DEBUG [] org.hibernate.SQL - 
    drop table if exists finflow_transactions.transactions cascade 
2026-07-29 12:36:35.901 [SpringApplicationShutdownHook] DEBUG [] org.hibernate.SQL - 
    drop table if exists finflow_transfers.scheduled_transfers cascade 
2026-07-29 12:36:35.906 [SpringApplicationShutdownHook] DEBUG [] org.hibernate.SQL - 
    drop table if exists finflow_transfers.transfer_templates cascade 
2026-07-29 12:37:18.361 [main] INFO  [] com.finflow.FinFlowApplication - Starting FinFlowApplication using Java 21.0.11 with PID 11756 (C:\Users\Lenovo\OneDrive\Desktop\FinFlow\backend\target\classes started by Lenovo in C:\Users\Lenovo\OneDrive\Desktop\FinFlow\backend)
2026-07-29 12:37:18.361 [main] DEBUG [] com.finflow.FinFlowApplication - Running with Spring Boot v3.4.1, Spring v6.2.1
2026-07-29 12:37:18.361 [main] INFO  [] com.finflow.FinFlowApplication - The following 1 profile is active: "dev"
2026-07-29 12:37:20.485 [main] INFO  [] o.s.d.r.c.RepositoryConfigurationDelegate - Multiple Spring Data modules found, entering strict repository configuration mode
2026-07-29 12:37:20.488 [main] INFO  [] o.s.d.r.c.RepositoryConfigurationDelegate - Bootstrapping Spring Data JPA repositories in DEFAULT mode.
2026-07-29 12:37:21.274 [main] INFO  [] o.s.d.r.c.RepositoryConfigurationDelegate - Finished Spring Data repository scanning in 770 ms. Found 22 JPA repository interfaces.
2026-07-29 12:37:21.306 [main] INFO  [] o.s.d.r.c.RepositoryConfigurationDelegate - Multiple Spring Data modules found, entering strict repository configuration mode
2026-07-29 12:37:21.308 [main] INFO  [] o.s.d.r.c.RepositoryConfigurationDelegate - Bootstrapping Spring Data Redis repositories in DEFAULT mode.
2026-07-29 12:37:21.381 [main] INFO  [] o.s.d.r.c.RepositoryConfigurationExtensionSupport - Spring Data Redis - Could not safely identify store assignment for repository candidate interface com.finflow.modules.accounts.repository.AccountHolderRepository; If you want this repository to be a Redis repository, consider annotating your entities with one of these annotations: org.springframework.data.redis.core.RedisHash (preferred), or consider extending one of the following types with your repository: org.springframework.data.keyvalue.repository.KeyValueRepository
2026-07-29 12:37:21.381 [main] INFO  [] o.s.d.r.c.RepositoryConfigurationExtensionSupport - Spring Data Redis - Could not safely identify store assignment for repository candidate interface com.finflow.modules.accounts.repository.AccountRepository; If you want this repository to be a Redis repository, consider annotating your entities with one of these annotations: org.springframework.data.redis.core.RedisHash (preferred), or consider extending one of the following types with your repository: org.springframework.data.keyvalue.repository.KeyValueRepository
2026-07-29 12:37:21.381 [main] INFO  [] o.s.d.r.c.RepositoryConfigurationExtensionSupport - Spring Data Redis - Could not safely identify store assignment for repository candidate interface com.finflow.modules.accounts.repository.AccountStatusHistoryRepository; If you want this repository to be a Redis repository, consider annotating your entities with one of these annotations: org.springframework.data.redis.core.RedisHash (preferred), or consider extending one of the following types with your repository: org.springframework.data.keyvalue.repository.KeyValueRepository
2026-07-29 12:37:21.381 [main] INFO  [] o.s.d.r.c.RepositoryConfigurationExtensionSupport - Spring Data Redis - Could not safely identify store assignment for repository candidate interface com.finflow.modules.accounts.repository.HoldRepository; If you want this repository to be a Redis repository, consider annotating your entities with one of these annotations: org.springframework.data.redis.core.RedisHash (preferred), or consider extending one of the following types with your repository: org.springframework.data.keyvalue.repository.KeyValueRepository
2026-07-29 12:37:21.384 [main] INFO  [] o.s.d.r.c.RepositoryConfigurationExtensionSupport - Spring Data Redis - Could not safely identify store assignment for repository candidate interface com.finflow.modules.admin.repository.AdminAuditLogRepository; If you want this repository to be a Redis repository, consider annotating your entities with one of these annotations: org.springframework.data.redis.core.RedisHash (preferred), or consider extending one of the following types with your repository: org.springframework.data.keyvalue.repository.KeyValueRepository
2026-07-29 12:37:21.384 [main] INFO  [] o.s.d.r.c.RepositoryConfigurationExtensionSupport - Spring Data Redis - Could not safely identify store assignment for repository candidate interface com.finflow.modules.auth.repository.LoginHistoryRepository; If you want this repository to be a Redis repository, consider annotating your entities with one of these annotations: org.springframework.data.redis.core.RedisHash (preferred), or consider extending one of the following types with your repository: org.springframework.data.keyvalue.repository.KeyValueRepository
2026-07-29 12:37:21.384 [main] INFO  [] o.s.d.r.c.RepositoryConfigurationExtensionSupport - Spring Data Redis - Could not safely identify store assignment for repository candidate interface com.finflow.modules.auth.repository.RefreshTokenRepository; If you want this repository to be a Redis repository, consider annotating your entities with one of these annotations: org.springframework.data.redis.core.RedisHash (preferred), or consider extending one of the following types with your repository: org.springframework.data.keyvalue.repository.KeyValueRepository
2026-07-29 12:37:21.384 [main] INFO  [] o.s.d.r.c.RepositoryConfigurationExtensionSupport - Spring Data Redis - Could not safely identify store assignment for repository candidate interface com.finflow.modules.auth.repository.RoleRepository; If you want this repository to be a Redis repository, consider annotating your entities with one of these annotations: org.springframework.data.redis.core.RedisHash (preferred), or consider extending one of the following types with your repository: org.springframework.data.keyvalue.repository.KeyValueRepository
2026-07-29 12:37:21.384 [main] INFO  [] o.s.d.r.c.RepositoryConfigurationExtensionSupport - Spring Data Redis - Could not safely identify store assignment for repository candidate interface com.finflow.modules.auth.repository.UserCredentialRepository; If you want this repository to be a Redis repository, consider annotating your entities with one of these annotations: org.springframework.data.redis.core.RedisHash (preferred), or consider extending one of the following types with your repository: org.springframework.data.keyvalue.repository.KeyValueRepository
2026-07-29 12:37:21.384 [main] INFO  [] o.s.d.r.c.RepositoryConfigurationExtensionSupport - Spring Data Redis - Could not safely identify store assignment for repository candidate interface com.finflow.modules.auth.repository.UserRepository; If you want this repository to be a Redis repository, consider annotating your entities with one of these annotations: org.springframework.data.redis.core.RedisHash (preferred), or consider extending one of the following types with your repository: org.springframework.data.keyvalue.repository.KeyValueRepository
2026-07-29 12:37:21.384 [main] INFO  [] o.s.d.r.c.RepositoryConfigurationExtensionSupport - Spring Data Redis - Could not safely identify store assignment for repository candidate interface com.finflow.modules.auth.repository.UserRoleRepository; If you want this repository to be a Redis repository, consider annotating your entities with one of these annotations: org.springframework.data.redis.core.RedisHash (preferred), or consider extending one of the following types with your repository: org.springframework.data.keyvalue.repository.KeyValueRepository
2026-07-29 12:37:21.384 [main] INFO  [] o.s.d.r.c.RepositoryConfigurationExtensionSupport - Spring Data Redis - Could not safely identify store assignment for repository candidate interface com.finflow.modules.beneficiaries.repository.BeneficiaryRepository; If you want this repository to be a Redis repository, consider annotating your entities with one of these annotations: org.springframework.data.redis.core.RedisHash (preferred), or consider extending one of the following types with your repository: org.springframework.data.keyvalue.repository.KeyValueRepository
2026-07-29 12:37:21.384 [main] INFO  [] o.s.d.r.c.RepositoryConfigurationExtensionSupport - Spring Data Redis - Could not safely identify store assignment for repository candidate interface com.finflow.modules.cards.repository.CardRepository; If you want this repository to be a Redis repository, consider annotating your entities with one of these annotations: org.springframework.data.redis.core.RedisHash (preferred), or consider extending one of the following types with your repository: org.springframework.data.keyvalue.repository.KeyValueRepository
2026-07-29 12:37:21.385 [main] INFO  [] o.s.d.r.c.RepositoryConfigurationExtensionSupport - Spring Data Redis - Could not safely identify store assignment for repository candidate interface com.finflow.modules.cards.repository.CardTransactionRepository; If you want this repository to be a Redis repository, consider annotating your entities with one of these annotations: org.springframework.data.redis.core.RedisHash (preferred), or consider extending one of the following types with your repository: org.springframework.data.keyvalue.repository.KeyValueRepository
2026-07-29 12:37:21.385 [main] INFO  [] o.s.d.r.c.RepositoryConfigurationExtensionSupport - Spring Data Redis - Could not safely identify store assignment for repository candidate interface com.finflow.modules.notifications.repository.NotificationRepository; If you want this repository to be a Redis repository, consider annotating your entities with one of these annotations: org.springframework.data.redis.core.RedisHash (preferred), or consider extending one of the following types with your repository: org.springframework.data.keyvalue.repository.KeyValueRepository
2026-07-29 12:37:21.385 [main] INFO  [] o.s.d.r.c.RepositoryConfigurationExtensionSupport - Spring Data Redis - Could not safely identify store assignment for repository candidate interface com.finflow.modules.profiles.repository.UserProfileRepository; If you want this repository to be a Redis repository, consider annotating your entities with one of these annotations: org.springframework.data.redis.core.RedisHash (preferred), or consider extending one of the following types with your repository: org.springframework.data.keyvalue.repository.KeyValueRepository
2026-07-29 12:37:21.387 [main] INFO  [] o.s.d.r.c.RepositoryConfigurationExtensionSupport - Spring Data Redis - Could not safely identify store assignment for repository candidate interface com.finflow.modules.savings.repository.SavingsGoalRepository; If you want this repository to be a Redis repository, consider annotating your entities with one of these annotations: org.springframework.data.redis.core.RedisHash (preferred), or consider extending one of the following types with your repository: org.springframework.data.keyvalue.repository.KeyValueRepository
2026-07-29 12:37:21.387 [main] INFO  [] o.s.d.r.c.RepositoryConfigurationExtensionSupport - Spring Data Redis - Could not safely identify store assignment for repository candidate interface com.finflow.modules.settings.repository.UserSettingRepository; If you want this repository to be a Redis repository, consider annotating your entities with one of these annotations: org.springframework.data.redis.core.RedisHash (preferred), or consider extending one of the following types with your repository: org.springframework.data.keyvalue.repository.KeyValueRepository
2026-07-29 12:37:21.387 [main] INFO  [] o.s.d.r.c.RepositoryConfigurationExtensionSupport - Spring Data Redis - Could not safely identify store assignment for repository candidate interface com.finflow.modules.transactions.repository.TransactionEntryRepository; If you want this repository to be a Redis repository, consider annotating your entities with one of these annotations: org.springframework.data.redis.core.RedisHash (preferred), or consider extending one of the following types with your repository: org.springframework.data.keyvalue.repository.KeyValueRepository
2026-07-29 12:37:21.387 [main] INFO  [] o.s.d.r.c.RepositoryConfigurationExtensionSupport - Spring Data Redis - Could not safely identify store assignment for repository candidate interface com.finflow.modules.transactions.repository.TransactionRepository; If you want this repository to be a Redis repository, consider annotating your entities with one of these annotations: org.springframework.data.redis.core.RedisHash (preferred), or consider extending one of the following types with your repository: org.springframework.data.keyvalue.repository.KeyValueRepository
2026-07-29 12:37:21.387 [main] INFO  [] o.s.d.r.c.RepositoryConfigurationExtensionSupport - Spring Data Redis - Could not safely identify store assignment for repository candidate interface com.finflow.modules.transfers.repository.ScheduledTransferRepository; If you want this repository to be a Redis repository, consider annotating your entities with one of these annotations: org.springframework.data.redis.core.RedisHash (preferred), or consider extending one of the following types with your repository: org.springframework.data.keyvalue.repository.KeyValueRepository
2026-07-29 12:37:21.387 [main] INFO  [] o.s.d.r.c.RepositoryConfigurationExtensionSupport - Spring Data Redis - Could not safely identify store assignment for repository candidate interface com.finflow.modules.transfers.repository.TransferTemplateRepository; If you want this repository to be a Redis repository, consider annotating your entities with one of these annotations: org.springframework.data.redis.core.RedisHash (preferred), or consider extending one of the following types with your repository: org.springframework.data.keyvalue.repository.KeyValueRepository
2026-07-29 12:37:21.389 [main] INFO  [] o.s.d.r.c.RepositoryConfigurationDelegate - Finished Spring Data repository scanning in 61 ms. Found 0 Redis repository interfaces.
2026-07-29 12:37:22.830 [main] INFO  [] o.s.b.w.e.tomcat.TomcatWebServer - Tomcat initialized with port 8080 (http)
2026-07-29 12:37:22.850 [main] INFO  [] o.a.catalina.core.StandardService - Starting service [Tomcat]
2026-07-29 12:37:22.850 [main] INFO  [] o.a.catalina.core.StandardEngine - Starting Servlet engine: [Apache Tomcat/10.1.34]
2026-07-29 12:37:22.968 [main] INFO  [] o.a.c.c.C.[Tomcat].[localhost].[/] - Initializing Spring embedded WebApplicationContext
2026-07-29 12:37:22.968 [main] INFO  [] o.s.b.w.s.c.ServletWebServerApplicationContext - Root WebApplicationContext: initialization completed in 4541 ms
2026-07-29 12:37:23.404 [main] WARN  [] c.f.s.config.JwtSigningKeyProvider - JWT signing key 'primary' is below minimum 512 bits (57 bytes). This may cause security issues.
2026-07-29 12:37:23.407 [main] INFO  [] c.f.s.config.JwtSigningKeyProvider - JWT signing keys loaded. Active key: 'primary', total keys: 1
2026-07-29 12:37:23.521 [main] DEBUG [] c.f.s.config.JwtAuthenticationFilter - Filter 'jwtAuthenticationFilter' configured for use
2026-07-29 12:37:23.523 [main] DEBUG [] o.s.w.f.ServerHttpObservationFilter - Filter 'webMvcObservationFilter' configured for use
2026-07-29 12:37:23.523 [main] DEBUG [] o.s.web.filter.CorsFilter - Filter 'corsFilter' configured for use
2026-07-29 12:37:23.876 [main] INFO  [] com.zaxxer.hikari.HikariDataSource - finflow-dev-pool - Starting...
2026-07-29 12:37:24.107 [main] INFO  [] com.zaxxer.hikari.pool.HikariPool - finflow-dev-pool - Added connection com.mysql.cj.jdbc.ConnectionImpl@63ccb1b2
2026-07-29 12:37:24.110 [main] INFO  [] com.zaxxer.hikari.HikariDataSource - finflow-dev-pool - Start completed.
2026-07-29 12:37:24.164 [main] INFO  [] org.flywaydb.core.FlywayExecutor - Database: jdbc:mysql://localhost:3306/finflow_auth?createDatabaseIfNotExist=true&useSSL=false&allowPublicKeyRetrieval=true&serverTimezone=UTC (MySQL 9.7)
2026-07-29 12:37:24.178 [main] WARN  [] o.f.c.i.database.base.Database - Flyway upgrade recommended: MySQL 9.7 is newer than this version of Flyway and support has not been tested. The latest supported version of MySQL is 8.1.
2026-07-29 12:37:24.257 [main] INFO  [] o.f.core.internal.command.DbValidate - Successfully validated 14 migrations (execution time 00:00.060s)
2026-07-29 12:37:24.288 [main] INFO  [] o.f.core.internal.command.DbMigrate - Current version of schema `finflow_auth`: 14.0
2026-07-29 12:37:24.292 [main] INFO  [] o.f.core.internal.command.DbMigrate - Schema `finflow_auth` is up to date. No migration necessary.
2026-07-29 12:37:24.509 [main] INFO  [] o.h.jpa.internal.util.LogHelper - HHH000204: Processing PersistenceUnitInfo [name: default]
2026-07-29 12:37:24.631 [main] INFO  [] org.hibernate.Version - HHH000412: Hibernate ORM core version 6.6.4.Final
2026-07-29 12:37:24.689 [main] INFO  [] o.h.c.i.RegionFactoryInitiator - HHH000026: Second-level cache disabled
2026-07-29 12:37:25.095 [main] INFO  [] o.s.o.j.p.SpringPersistenceUnitInfo - No LoadTimeWeaver setup: ignoring JPA class transformer
2026-07-29 12:37:25.181 [main] WARN  [] org.hibernate.orm.deprecation - HHH90000025: MySQLDialect does not need to be specified explicitly using 'hibernate.dialect' (remove the property setting and it will be selected by default)
2026-07-29 12:37:25.194 [main] INFO  [] o.hibernate.orm.connections.pooling - HHH10001005: Database info:
	Database JDBC URL [Connecting through datasource 'HikariDataSource (finflow-dev-pool)']
	Database driver: undefined/unknown
	Database version: 9.7.1
	Autocommit mode: undefined/unknown
	Isolation level: undefined/unknown
	Minimum pool size: undefined/unknown
	Maximum pool size: undefined/unknown
2026-07-29 12:37:27.218 [main] INFO  [] o.h.e.t.j.p.i.JtaPlatformInitiator - HHH000489: No JTA platform available (set 'hibernate.transaction.jta.platform' to enable JTA platform integration)
2026-07-29 12:37:27.222 [main] INFO  [] o.s.o.j.LocalContainerEntityManagerFactoryBean - Initialized JPA EntityManagerFactory for persistence unit 'default'
2026-07-29 12:37:27.744 [main] INFO  [] o.s.d.j.r.query.QueryEnhancerFactory - Hibernate is in classpath; If applicable, HQL parser will be used.
2026-07-29 12:37:30.153 [main] INFO  [] org.redisson.Version - Redisson 3.37.0
2026-07-29 12:37:30.616 [redisson-netty-1-5] INFO  [] o.r.connection.ConnectionsHolder - 1 connections initialized for localhost/127.0.0.1:6379
2026-07-29 12:37:30.751 [redisson-netty-1-20] INFO  [] o.r.connection.ConnectionsHolder - 24 connections initialized for localhost/127.0.0.1:6379
2026-07-29 12:37:32.789 [main] WARN  [] o.s.b.a.o.j.JpaBaseConfiguration$JpaWebConfiguration - spring.jpa.open-in-view is enabled by default. Therefore, database queries may be performed during view rendering. Explicitly configure spring.jpa.open-in-view to disable this warning
2026-07-29 12:37:32.884 [main] WARN  [] o.s.b.a.s.s.UserDetailsServiceAutoConfiguration - 

Using generated security password: 59a33a14-a607-49e9-ba10-91a2db67810a

This generated password is for development use only. Your security configuration must be updated before running your application in production.

2026-07-29 12:37:33.203 [main] DEBUG [] o.s.w.s.m.m.a.RequestMappingHandlerMapping - 75 mappings in 'requestMappingHandlerMapping'
2026-07-29 12:37:33.323 [main] DEBUG [] o.s.w.s.h.SimpleUrlHandlerMapping - Patterns [/webjars/**, /**, /swagger-ui*/*swagger-initializer.js, /swagger-ui*/**] in 'resourceHandlerMapping'
2026-07-29 12:37:33.672 [main] INFO  [] o.s.b.a.e.web.EndpointLinksResolver - Exposing 5 endpoints beneath base path '/actuator'
2026-07-29 12:37:34.243 [main] DEBUG [] o.s.w.s.m.m.a.RequestMappingHandlerAdapter - ControllerAdvice beans: 0 @ModelAttribute, 0 @InitBinder, 1 RequestBodyAdvice, 1 ResponseBodyAdvice
2026-07-29 12:37:34.342 [main] DEBUG [] o.s.w.s.m.m.a.ExceptionHandlerExceptionResolver - ControllerAdvice beans: 2 @ExceptionHandler, 1 ResponseBodyAdvice
2026-07-29 12:37:35.892 [main] INFO  [] org.quartz.impl.StdSchedulerFactory - Using default implementation for ThreadExecutor
2026-07-29 12:37:35.916 [main] INFO  [] o.quartz.core.SchedulerSignalerImpl - Initialized Scheduler Signaller of type: class org.quartz.core.SchedulerSignalerImpl
2026-07-29 12:37:35.916 [main] INFO  [] org.quartz.core.QuartzScheduler - Quartz Scheduler v.2.3.2 created.
2026-07-29 12:37:35.918 [main] INFO  [] org.quartz.simpl.RAMJobStore - RAMJobStore initialized.
2026-07-29 12:37:35.918 [main] INFO  [] org.quartz.core.QuartzScheduler - Scheduler meta-data: Quartz Scheduler (v2.3.2) 'quartzScheduler' with instanceId 'NON_CLUSTERED'
  Scheduler class: 'org.quartz.core.QuartzScheduler' - running locally.
  NOT STARTED.
  Currently in standby mode.
  Number of jobs executed: 0
  Using thread pool 'org.quartz.simpl.SimpleThreadPool' - with 10 threads.
  Using job-store 'org.quartz.simpl.RAMJobStore' - which does not support persistence. and is not clustered.

2026-07-29 12:37:35.918 [main] INFO  [] org.quartz.impl.StdSchedulerFactory - Quartz scheduler 'quartzScheduler' initialized from an externally provided properties instance.
2026-07-29 12:37:35.918 [main] INFO  [] org.quartz.impl.StdSchedulerFactory - Quartz scheduler version: 2.3.2
2026-07-29 12:37:35.918 [main] INFO  [] org.quartz.core.QuartzScheduler - JobFactory set to: org.springframework.scheduling.quartz.SpringBeanJobFactory@919ebd1
2026-07-29 12:37:36.361 [main] INFO  [] o.s.b.w.e.tomcat.TomcatWebServer - Tomcat started on port 8080 (http) with context path '/'
2026-07-29 12:37:36.362 [main] INFO  [] o.s.s.quartz.SchedulerFactoryBean - Starting Quartz Scheduler now
2026-07-29 12:37:36.362 [main] INFO  [] org.quartz.core.QuartzScheduler - Scheduler quartzScheduler_$_NON_CLUSTERED started.
2026-07-29 12:37:36.383 [main] INFO  [] com.finflow.FinFlowApplication - Started FinFlowApplication in 18.704 seconds (process running for 19.262)
2026-07-29 12:38:59.123 [http-nio-8080-exec-2] INFO  [] o.a.c.c.C.[Tomcat].[localhost].[/] - Initializing Spring DispatcherServlet 'dispatcherServlet'
2026-07-29 12:38:59.124 [http-nio-8080-exec-2] INFO  [] o.s.web.servlet.DispatcherServlet - Initializing Servlet 'dispatcherServlet'
2026-07-29 12:38:59.124 [http-nio-8080-exec-2] DEBUG [] o.s.web.servlet.DispatcherServlet - Detected StandardServletMultipartResolver
2026-07-29 12:38:59.124 [http-nio-8080-exec-2] DEBUG [] o.s.web.servlet.DispatcherServlet - Detected AcceptHeaderLocaleResolver
2026-07-29 12:38:59.124 [http-nio-8080-exec-2] DEBUG [] o.s.web.servlet.DispatcherServlet - Detected FixedThemeResolver
2026-07-29 12:38:59.126 [http-nio-8080-exec-2] DEBUG [] o.s.web.servlet.DispatcherServlet - Detected org.springframework.web.servlet.view.DefaultRequestToViewNameTranslator@2f0b5577
2026-07-29 12:38:59.127 [http-nio-8080-exec-2] DEBUG [] o.s.web.servlet.DispatcherServlet - Detected org.springframework.web.servlet.support.SessionFlashMapManager@3f364d3f
2026-07-29 12:38:59.127 [http-nio-8080-exec-2] DEBUG [] o.s.web.servlet.DispatcherServlet - enableLoggingRequestDetails='false': request parameters and headers will be masked to prevent unsafe logging of potentially sensitive data
2026-07-29 12:38:59.128 [http-nio-8080-exec-2] INFO  [] o.s.web.servlet.DispatcherServlet - Completed initialization in 3 ms
2026-07-29 12:38:59.195 [http-nio-8080-exec-2] DEBUG [] o.s.web.servlet.DispatcherServlet - POST "/api/v1/auth/register", parameters={}
2026-07-29 12:38:59.199 [http-nio-8080-exec-2] DEBUG [] o.s.w.s.m.m.a.RequestMappingHandlerMapping - Mapped to com.finflow.modules.auth.controller.AuthController#register(RegisterRequest)
2026-07-29 12:38:59.301 [http-nio-8080-exec-2] DEBUG [] o.s.w.s.m.m.a.RequestResponseBodyMethodProcessor - Read "application/json;charset=UTF-8" to [RegisterRequest[email=verifytest@example.com, phoneNumber=+2348015000000, username=verifytest, passw (truncated)...]
2026-07-29 12:38:59.408 [http-nio-8080-exec-2] INFO  [] c.f.m.auth.controller.AuthController - Registration request for email=verifytest@example.com
2026-07-29 12:38:59.568 [http-nio-8080-exec-2] DEBUG [] org.hibernate.SQL - 
    /* <criteria> */ select
        u1_0.id 
    from
        users u1_0 
    where
        upper(u1_0.email)=upper(?) 
        and not(u1_0.is_deleted) 
    limit
        ?
2026-07-29 12:38:59.599 [http-nio-8080-exec-2] DEBUG [] org.hibernate.SQL - 
    /* <criteria> */ select
        u1_0.id 
    from
        users u1_0 
    where
        u1_0.phone_number=? 
        and not(u1_0.is_deleted) 
    limit
        ?
2026-07-29 12:38:59.603 [http-nio-8080-exec-2] DEBUG [] org.hibernate.SQL - 
    /* <criteria> */ select
        u1_0.id 
    from
        users u1_0 
    where
        upper(u1_0.username)=upper(?) 
        and not(u1_0.is_deleted) 
    limit
        ?
2026-07-29 12:38:59.606 [http-nio-8080-exec-2] DEBUG [] org.hibernate.SQL - 
    /* <criteria> */ select
        r1_0.id 
    from
        roles r1_0 
    where
        r1_0.name=? 
        and r1_0.is_active 
    limit
        ?
2026-07-29 12:38:59.713 [http-nio-8080-exec-2] INFO  [] c.f.m.a.service.RegistrationService - User created: id=ff937aca-6716-4a85-9080-f6323141d260, email=verifytest@example.com
2026-07-29 12:39:00.031 [http-nio-8080-exec-2] INFO  [] c.f.m.a.service.RegistrationService - Password credential stored for user: ff937aca-6716-4a85-9080-f6323141d260
2026-07-29 12:39:00.079 [http-nio-8080-exec-2] DEBUG [] org.hibernate.SQL - 
    /* <criteria> */ select
        r1_0.id,
        r1_0.created_at,
        r1_0.description,
        r1_0.is_active,
        r1_0.is_system_role,
        r1_0.name,
        r1_0.updated_at,
        r1_0.version 
    from
        roles r1_0 
    where
        r1_0.name=? 
        and r1_0.is_active
2026-07-29 12:39:00.103 [http-nio-8080-exec-2] INFO  [] c.f.m.a.service.RegistrationService - CUSTOMER role assigned to user: ff937aca-6716-4a85-9080-f6323141d260
2026-07-29 12:39:00.119 [http-nio-8080-exec-2] DEBUG [] org.hibernate.SQL - 
    /* insert for
        com.finflow.modules.auth.domain.User */insert 
    into
        users (created_at, created_by, deleted_at, deleted_by, email, email_verified, failed_login_count, is_deleted, last_login_at, locked_until, modified_by, phone_number, phone_verified, status, terms_accepted_at, updated_at, username, version, id) 
    values
        (?, ?, ?, ?, ?, ?, ?, ?, ?, ?, ?, ?, ?, ?, ?, ?, ?, ?, ?)
2026-07-29 12:39:00.163 [http-nio-8080-exec-2] DEBUG [] org.hibernate.SQL - 
    /* insert for
        com.finflow.modules.auth.domain.UserCredential */insert 
    into
        user_credentials (created_at, created_by, credential_type, deleted_at, deleted_by, expires_at, hashed_value, is_active, is_deleted, last_used_at, modified_by, updated_at, user_id, version, id) 
    values
        (?, ?, ?, ?, ?, ?, ?, ?, ?, ?, ?, ?, ?, ?, ?)
2026-07-29 12:39:00.167 [http-nio-8080-exec-2] DEBUG [] org.hibernate.SQL - 
    /* insert for
        com.finflow.modules.auth.domain.UserRole */insert 
    into
        user_roles (created_at, granted_at, granted_by, role_id, updated_at, user_id, version, id) 
    values
        (?, ?, ?, ?, ?, ?, ?, ?)
2026-07-29 12:39:00.206 [http-nio-8080-exec-2] DEBUG [] o.s.w.s.m.m.a.HttpEntityMethodProcessor - Using 'application/json', given [*/*] and supported [application/json, application/*+json, application/yaml]
2026-07-29 12:39:00.215 [http-nio-8080-exec-2] DEBUG [] o.s.w.s.m.m.a.HttpEntityMethodProcessor - Writing [ApiResponse[success=true, data=RegisterResponse[id=ff937aca-6716-4a85-9080-f6323141d260, email=verif (truncated)...]
2026-07-29 12:39:00.230 [http-nio-8080-exec-2] DEBUG [] o.s.web.servlet.DispatcherServlet - Completed 201 CREATED
2026-07-29 12:39:07.097 [http-nio-8080-exec-4] DEBUG [] o.s.web.servlet.DispatcherServlet - POST "/api/v1/auth/login", parameters={}
2026-07-29 12:39:07.097 [http-nio-8080-exec-4] DEBUG [] o.s.w.s.m.m.a.RequestMappingHandlerMapping - Mapped to com.finflow.modules.auth.controller.AuthController#login(LoginRequest, HttpServletRequest)
2026-07-29 12:39:07.101 [http-nio-8080-exec-4] DEBUG [] o.s.w.s.m.m.a.RequestResponseBodyMethodProcessor - Read "application/json;charset=UTF-8" to [LoginRequest[identifier=verifytest@example.com, password=Str0ng!Pass#2026]]
2026-07-29 12:39:07.112 [http-nio-8080-exec-4] INFO  [] c.f.m.auth.controller.AuthController - Login request for identifier=verifytest@example.com
2026-07-29 12:39:07.116 [http-nio-8080-exec-4] DEBUG [] c.f.m.a.s.AuthenticationService - Authentication attempt for identifier=verifytest@example.com
2026-07-29 12:39:07.118 [http-nio-8080-exec-4] DEBUG [] org.hibernate.SQL - 
    /* <criteria> */ select
        u1_0.id,
        u1_0.created_at,
        u1_0.created_by,
        u1_0.deleted_at,
        u1_0.deleted_by,
        u1_0.email,
        u1_0.email_verified,
        u1_0.failed_login_count,
        u1_0.is_deleted,
        u1_0.last_login_at,
        u1_0.locked_until,
        u1_0.modified_by,
        u1_0.phone_number,
        u1_0.phone_verified,
        u1_0.status,
        u1_0.terms_accepted_at,
        u1_0.updated_at,
        u1_0.username,
        u1_0.version 
    from
        users u1_0 
    where
        upper(u1_0.email)=upper(?) 
        and not(u1_0.is_deleted)
2026-07-29 12:39:07.156 [http-nio-8080-exec-4] DEBUG [] org.hibernate.SQL - 
    /* <criteria> */ select
        uc1_0.id,
        uc1_0.created_at,
        uc1_0.created_by,
        uc1_0.credential_type,
        uc1_0.deleted_at,
        uc1_0.deleted_by,
        uc1_0.expires_at,
        uc1_0.hashed_value,
        uc1_0.is_active,
        uc1_0.is_deleted,
        uc1_0.last_used_at,
        uc1_0.modified_by,
        uc1_0.updated_at,
        uc1_0.user_id,
        uc1_0.version 
    from
        user_credentials uc1_0 
    where
        uc1_0.user_id=? 
        and uc1_0.credential_type=? 
        and uc1_0.is_active 
        and not(uc1_0.is_deleted)
2026-07-29 12:39:07.369 [http-nio-8080-exec-4] DEBUG [] org.hibernate.SQL - 
    /* insert for
        com.finflow.modules.auth.domain.LoginHistory */insert 
    into
        login_history (created_at, failure_reason, identifier, ip_address, success, user_id, user_agent) 
    values
        (?, ?, ?, ?, ?, ?, ?)
2026-07-29 12:39:07.417 [http-nio-8080-exec-4] INFO  [] c.f.m.a.s.AuthenticationService - Authentication successful: user=ff937aca-6716-4a85-9080-f6323141d260, email=verifytest@example.com
2026-07-29 12:39:07.417 [http-nio-8080-exec-4] DEBUG [] org.hibernate.SQL - 
    select
        r1_0.user_id,
        r1_0.id,
        r1_0.created_at,
        r1_0.granted_at,
        r1_0.granted_by,
        r1_0.role_id,
        r2_0.id,
        r2_0.created_at,
        r2_0.description,
        r2_0.is_active,
        r2_0.is_system_role,
        r2_0.name,
        r2_0.updated_at,
        r2_0.version,
        r1_0.updated_at,
        r1_0.version 
    from
        user_roles r1_0 
    left join
        roles r2_0 
            on r2_0.id=r1_0.role_id 
    where
        r1_0.user_id=?
2026-07-29 12:39:07.664 [http-nio-8080-exec-4] DEBUG [] c.f.m.auth.service.RedisSessionCache - Session stored in Redis: sessionId=772fd383-53a0-4f46-82b9-4daf739b4e9c, userId=ff937aca-6716-4a85-9080-f6323141d260, ttl=2592000s
2026-07-29 12:39:07.664 [http-nio-8080-exec-4] INFO  [] c.f.m.auth.service.SessionService - Session created: userId=ff937aca-6716-4a85-9080-f6323141d260, sessionId=772fd383-53a0-4f46-82b9-4daf739b4e9c, expiresAt=2026-08-28T12:39:07.593017100
2026-07-29 12:39:07.681 [http-nio-8080-exec-4] DEBUG [] org.hibernate.SQL - 
    /* insert for
        com.finflow.modules.auth.domain.RefreshToken */insert 
    into
        refresh_tokens (created_at, created_ip, created_user_agent, expires_at, family_id, is_revoked, last_used_at, last_used_ip, refresh_token_hash, revoked_at, session_id, updated_at, user_id, version, id) 
    values
        (?, ?, ?, ?, ?, ?, ?, ?, ?, ?, ?, ?, ?, ?, ?)
2026-07-29 12:39:07.845 [http-nio-8080-exec-4] WARN  [] o.h.e.jdbc.spi.SqlExceptionHelper - SQL Error: 1054, SQLState: 42S22
2026-07-29 12:39:07.845 [http-nio-8080-exec-4] ERROR [] o.h.e.jdbc.spi.SqlExceptionHelper - Unknown column 'updated_at' in 'field list'
2026-07-29 12:39:07.882 [http-nio-8080-exec-4] DEBUG [] o.s.w.s.m.m.a.ExceptionHandlerExceptionResolver - Using @ExceptionHandler com.finflow.shared.exception.GlobalExceptionHandler#handleGenericException(Exception, WebRequest)
2026-07-29 12:39:07.882 [http-nio-8080-exec-4] ERROR [] c.f.s.e.GlobalExceptionHandler - [58e4c636-870a-49db-a751-ea157b7f3285] Unexpected error: could not execute statement [Unknown column 'updated_at' in 'field list'] [/* insert for com.finflow.modules.auth.domain.RefreshToken */insert into refresh_tokens (created_at,created_ip,created_user_agent,expires_at,family_id,is_revoked,last_used_at,last_used_ip,refresh_token_hash,revoked_at,session_id,updated_at,user_id,version,id) values (?,?,?,?,?,?,?,?,?,?,?,?,?,?,?)]; SQL [/* insert for com.finflow.modules.auth.domain.RefreshToken */insert into refresh_tokens (created_at,created_ip,created_user_agent,expires_at,family_id,is_revoked,last_used_at,last_used_ip,refresh_token_hash,revoked_at,session_id,updated_at,user_id,version,id) values (?,?,?,?,?,?,?,?,?,?,?,?,?,?,?)]
org.springframework.dao.InvalidDataAccessResourceUsageException: could not execute statement [Unknown column 'updated_at' in 'field list'] [/* insert for com.finflow.modules.auth.domain.RefreshToken */insert into refresh_tokens (created_at,created_ip,created_user_agent,expires_at,family_id,is_revoked,last_used_at,last_used_ip,refresh_token_hash,revoked_at,session_id,updated_at,user_id,version,id) values (?,?,?,?,?,?,?,?,?,?,?,?,?,?,?)]; SQL [/* insert for com.finflow.modules.auth.domain.RefreshToken */insert into refresh_tokens (created_at,created_ip,created_user_agent,expires_at,family_id,is_revoked,last_used_at,last_used_ip,refresh_token_hash,revoked_at,session_id,updated_at,user_id,version,id) values (?,?,?,?,?,?,?,?,?,?,?,?,?,?,?)]
	at org.springframework.orm.jpa.vendor.HibernateJpaDialect.convertHibernateAccessException(HibernateJpaDialect.java:277)
	at org.springframework.orm.jpa.vendor.HibernateJpaDialect.translateExceptionIfPossible(HibernateJpaDialect.java:241)
	at org.springframework.orm.jpa.AbstractEntityManagerFactoryBean.translateExceptionIfPossible(AbstractEntityManagerFactoryBean.java:560)
	at org.springframework.dao.support.ChainedPersistenceExceptionTranslator.translateExceptionIfPossible(ChainedPersistenceExceptionTranslator.java:61)
	at org.springframework.dao.support.DataAccessUtils.translateIfNecessary(DataAccessUtils.java:343)
	at org.springframework.dao.support.PersistenceExceptionTranslationInterceptor.invoke(PersistenceExceptionTranslationInterceptor.java:160)
	at org.springframework.aop.framework.ReflectiveMethodInvocation.proceed(ReflectiveMethodInvocation.java:184)
	at org.springframework.data.jpa.repository.support.CrudMethodMetadataPostProcessor$CrudMethodMetadataPopulatingMethodInterceptor.invoke(CrudMethodMetadataPostProcessor.java:136)
	at org.springframework.aop.framework.ReflectiveMethodInvocation.proceed(ReflectiveMethodInvocation.java:184)
	at org.springframework.aop.framework.JdkDynamicAopProxy.invoke(JdkDynamicAopProxy.java:223)
	at jdk.proxy2/jdk.proxy2.$Proxy209.countActiveByUserId(Unknown Source)
	at com.finflow.modules.auth.service.SessionService.enforceSessionLimit(SessionService.java:169)
	at com.finflow.modules.auth.service.SessionService.createSession(SessionService.java:77)
	at java.base/jdk.internal.reflect.DirectMethodHandleAccessor.invoke(DirectMethodHandleAccessor.java:103)
	at java.base/java.lang.reflect.Method.invoke(Method.java:580)
	at org.springframework.aop.support.AopUtils.invokeJoinpointUsingReflection(AopUtils.java:359)
	at org.springframework.aop.framework.ReflectiveMethodInvocation.invokeJoinpoint(ReflectiveMethodInvocation.java:196)
	at org.springframework.aop.framework.ReflectiveMethodInvocation.proceed(ReflectiveMethodInvocation.java:163)
	at org.springframework.transaction.interceptor.TransactionAspectSupport.invokeWithinTransaction(TransactionAspectSupport.java:380)
	at org.springframework.transaction.interceptor.TransactionInterceptor.invoke(TransactionInterceptor.java:119)
	at org.springframework.aop.framework.ReflectiveMethodInvocation.proceed(ReflectiveMethodInvocation.java:184)
	at org.springframework.aop.framework.CglibAopProxy$DynamicAdvisedInterceptor.intercept(CglibAopProxy.java:727)
	at com.finflow.modules.auth.service.SessionService$$SpringCGLIB$$0.createSession(<generated>)
	at com.finflow.modules.auth.service.RefreshTokenService.createRefreshToken(RefreshTokenService.java:77)
	at com.finflow.modules.auth.service.RefreshTokenService.createRefreshToken(RefreshTokenService.java:72)
	at java.base/jdk.internal.reflect.DirectMethodHandleAccessor.invoke(DirectMethodHandleAccessor.java:103)
	at java.base/java.lang.reflect.Method.invoke(Method.java:580)
	at org.springframework.aop.support.AopUtils.invokeJoinpointUsingReflection(AopUtils.java:359)
	at org.springframework.aop.framework.ReflectiveMethodInvocation.invokeJoinpoint(ReflectiveMethodInvocation.java:196)
	at org.springframework.aop.framework.ReflectiveMethodInvocation.proceed(ReflectiveMethodInvocation.java:163)
	at org.springframework.transaction.interceptor.TransactionAspectSupport.invokeWithinTransaction(TransactionAspectSupport.java:380)
	at org.springframework.transaction.interceptor.TransactionInterceptor.invoke(TransactionInterceptor.java:119)
	at org.springframework.aop.framework.ReflectiveMethodInvocation.proceed(ReflectiveMethodInvocation.java:184)
	at org.springframework.aop.framework.CglibAopProxy$DynamicAdvisedInterceptor.intercept(CglibAopProxy.java:727)
	at com.finflow.modules.auth.service.RefreshTokenService$$SpringCGLIB$$0.createRefreshToken(<generated>)
	at com.finflow.modules.auth.service.AuthenticationService.authenticateWithRefresh(AuthenticationService.java:85)
	at java.base/jdk.internal.reflect.DirectMethodHandleAccessor.invoke(DirectMethodHandleAccessor.java:103)
	at java.base/java.lang.reflect.Method.invoke(Method.java:580)
	at org.springframework.aop.support.AopUtils.invokeJoinpointUsingReflection(AopUtils.java:359)
	at org.springframework.aop.framework.ReflectiveMethodInvocation.invokeJoinpoint(ReflectiveMethodInvocation.java:196)
	at org.springframework.aop.framework.ReflectiveMethodInvocation.proceed(ReflectiveMethodInvocation.java:163)
	at org.springframework.transaction.interceptor.TransactionAspectSupport.invokeWithinTransaction(TransactionAspectSupport.java:380)
	at org.springframework.transaction.interceptor.TransactionInterceptor.invoke(TransactionInterceptor.java:119)
	at org.springframework.aop.framework.ReflectiveMethodInvocation.proceed(ReflectiveMethodInvocation.java:184)
	at org.springframework.aop.framework.CglibAopProxy$DynamicAdvisedInterceptor.intercept(CglibAopProxy.java:727)
	at com.finflow.modules.auth.service.AuthenticationService$$SpringCGLIB$$0.authenticateWithRefresh(<generated>)
	at com.finflow.modules.auth.controller.AuthController.login(AuthController.java:138)
	at java.base/jdk.internal.reflect.DirectMethodHandleAccessor.invoke(DirectMethodHandleAccessor.java:103)
	at java.base/java.lang.reflect.Method.invoke(Method.java:580)
	at org.springframework.web.method.support.InvocableHandlerMethod.doInvoke(InvocableHandlerMethod.java:257)
	at org.springframework.web.method.support.InvocableHandlerMethod.invokeForRequest(InvocableHandlerMethod.java:190)
	at org.springframework.web.servlet.mvc.method.annotation.ServletInvocableHandlerMethod.invokeAndHandle(ServletInvocableHandlerMethod.java:118)
	at org.springframework.web.servlet.mvc.method.annotation.RequestMappingHandlerAdapter.invokeHandlerMethod(RequestMappingHandlerAdapter.java:986)
	at org.springframework.web.servlet.mvc.method.annotation.RequestMappingHandlerAdapter.handleInternal(RequestMappingHandlerAdapter.java:891)
	at org.springframework.web.servlet.mvc.method.AbstractHandlerMethodAdapter.handle(AbstractHandlerMethodAdapter.java:87)
	at org.springframework.web.servlet.DispatcherServlet.doDispatch(DispatcherServlet.java:1088)
	at org.springframework.web.servlet.DispatcherServlet.doService(DispatcherServlet.java:978)
	at org.springframework.web.servlet.FrameworkServlet.processRequest(FrameworkServlet.java:1014)
	at org.springframework.web.servlet.FrameworkServlet.doPost(FrameworkServlet.java:914)
	at jakarta.servlet.http.HttpServlet.service(HttpServlet.java:590)
	at org.springframework.web.servlet.FrameworkServlet.service(FrameworkServlet.java:885)
	at jakarta.servlet.http.HttpServlet.service(HttpServlet.java:658)
	at org.apache.catalina.core.ApplicationFilterChain.internalDoFilter(ApplicationFilterChain.java:195)
	at org.apache.catalina.core.ApplicationFilterChain.doFilter(ApplicationFilterChain.java:140)
	at org.apache.tomcat.websocket.server.WsFilter.doFilter(WsFilter.java:51)
	at org.apache.catalina.core.ApplicationFilterChain.internalDoFilter(ApplicationFilterChain.java:164)
	at org.apache.catalina.core.ApplicationFilterChain.doFilter(ApplicationFilterChain.java:140)
	at org.springframework.web.filter.CorsFilter.doFilterInternal(CorsFilter.java:91)
	at org.springframework.web.filter.OncePerRequestFilter.doFilter(OncePerRequestFilter.java:116)
	at org.apache.catalina.core.ApplicationFilterChain.internalDoFilter(ApplicationFilterChain.java:164)
	at org.apache.catalina.core.ApplicationFilterChain.doFilter(ApplicationFilterChain.java:140)
	at org.springframework.web.filter.OncePerRequestFilter.doFilter(OncePerRequestFilter.java:110)
	at org.apache.catalina.core.ApplicationFilterChain.internalDoFilter(ApplicationFilterChain.java:164)
	at org.apache.catalina.core.ApplicationFilterChain.doFilter(ApplicationFilterChain.java:140)
	at org.springframework.web.filter.CompositeFilter$VirtualFilterChain.doFilter(CompositeFilter.java:108)
	at org.springframework.security.web.FilterChainProxy.lambda$doFilterInternal$3(FilterChainProxy.java:231)
	at org.springframework.security.web.ObservationFilterChainDecorator$FilterObservation$SimpleFilterObservation.lambda$wrap$1(ObservationFilterChainDecorator.java:479)
	at org.springframework.security.web.ObservationFilterChainDecorator$AroundFilterObservation$SimpleAroundFilterObservation.lambda$wrap$1(ObservationFilterChainDecorator.java:340)
	at org.springframework.security.web.ObservationFilterChainDecorator.lambda$wrapSecured$0(ObservationFilterChainDecorator.java:82)
	at org.springframework.security.web.ObservationFilterChainDecorator$VirtualFilterChain.doFilter(ObservationFilterChainDecorator.java:128)
	at org.springframework.security.web.access.intercept.AuthorizationFilter.doFilter(AuthorizationFilter.java:101)
	at org.springframework.security.web.ObservationFilterChainDecorator$ObservationFilter.wrapFilter(ObservationFilterChainDecorator.java:240)
	at org.springframework.security.web.ObservationFilterChainDecorator$ObservationFilter.doFilter(ObservationFilterChainDecorator.java:227)
	at org.springframework.security.web.ObservationFilterChainDecorator$VirtualFilterChain.doFilter(ObservationFilterChainDecorator.java:137)
	at org.springframework.security.web.access.ExceptionTranslationFilter.doFilter(ExceptionTranslationFilter.java:126)
	at org.springframework.security.web.access.ExceptionTranslationFilter.doFilter(ExceptionTranslationFilter.java:120)
	at org.springframework.security.web.ObservationFilterChainDecorator$ObservationFilter.wrapFilter(ObservationFilterChainDecorator.java:240)
	at org.springframework.security.web.ObservationFilterChainDecorator$ObservationFilter.doFilter(ObservationFilterChainDecorator.java:227)
	at org.springframework.security.web.ObservationFilterChainDecorator$VirtualFilterChain.doFilter(ObservationFilterChainDecorator.java:137)
	at org.springframework.security.web.session.SessionManagementFilter.doFilter(SessionManagementFilter.java:131)
	at org.springframework.security.web.session.SessionManagementFilter.doFilter(SessionManagementFilter.java:85)
	at org.springframework.security.web.ObservationFilterChainDecorator$ObservationFilter.wrapFilter(ObservationFilterChainDecorator.java:240)
	at org.springframework.security.web.ObservationFilterChainDecorator$ObservationFilter.doFilter(ObservationFilterChainDecorator.java:227)
	at org.springframework.security.web.ObservationFilterChainDecorator$VirtualFilterChain.doFilter(ObservationFilterChainDecorator.java:137)
	at org.springframework.security.web.authentication.AnonymousAuthenticationFilter.doFilter(AnonymousAuthenticationFilter.java:100)
	at org.springframework.security.web.ObservationFilterChainDecorator$ObservationFilter.wrapFilter(ObservationFilterChainDecorator.java:240)
	at org.springframework.security.web.ObservationFilterChainDecorator$ObservationFilter.doFilter(ObservationFilterChainDecorator.java:227)
	at org.springframework.security.web.ObservationFilterChainDecorator$VirtualFilterChain.doFilter(ObservationFilterChainDecorator.java:137)
	at org.springframework.security.web.servletapi.SecurityContextHolderAwareRequestFilter.doFilter(SecurityContextHolderAwareRequestFilter.java:179)
	at org.springframework.security.web.ObservationFilterChainDecorator$ObservationFilter.wrapFilter(ObservationFilterChainDecorator.java:240)
	at org.springframework.security.web.ObservationFilterChainDecorator$ObservationFilter.doFilter(ObservationFilterChainDecorator.java:227)
	at org.springframework.security.web.ObservationFilterChainDecorator$VirtualFilterChain.doFilter(ObservationFilterChainDecorator.java:137)
	at org.springframework.security.web.savedrequest.RequestCacheAwareFilter.doFilter(RequestCacheAwareFilter.java:63)
	at org.springframework.security.web.ObservationFilterChainDecorator$ObservationFilter.wrapFilter(ObservationFilterChainDecorator.java:240)
	at org.springframework.security.web.ObservationFilterChainDecorator$ObservationFilter.doFilter(ObservationFilterChainDecorator.java:227)
	at org.springframework.security.web.ObservationFilterChainDecorator$VirtualFilterChain.doFilter(ObservationFilterChainDecorator.java:137)
	at com.finflow.shared.config.JwtAuthenticationFilter.doFilterInternal(JwtAuthenticationFilter.java:74)
	at org.springframework.web.filter.OncePerRequestFilter.doFilter(OncePerRequestFilter.java:116)
	at org.springframework.security.web.ObservationFilterChainDecorator$ObservationFilter.wrapFilter(ObservationFilterChainDecorator.java:240)
	at org.springframework.security.web.ObservationFilterChainDecorator$ObservationFilter.doFilter(ObservationFilterChainDecorator.java:227)
	at org.springframework.security.web.ObservationFilterChainDecorator$VirtualFilterChain.doFilter(ObservationFilterChainDecorator.java:137)
	at org.springframework.security.web.authentication.logout.LogoutFilter.doFilter(LogoutFilter.java:107)
	at org.springframework.security.web.authentication.logout.LogoutFilter.doFilter(LogoutFilter.java:93)
	at org.springframework.security.web.ObservationFilterChainDecorator$ObservationFilter.wrapFilter(ObservationFilterChainDecorator.java:240)
	at org.springframework.security.web.ObservationFilterChainDecorator$ObservationFilter.doFilter(ObservationFilterChainDecorator.java:227)
	at org.springframework.security.web.ObservationFilterChainDecorator$VirtualFilterChain.doFilter(ObservationFilterChainDecorator.java:137)
	at org.springframework.web.filter.CorsFilter.doFilterInternal(CorsFilter.java:91)
	at org.springframework.web.filter.OncePerRequestFilter.doFilter(OncePerRequestFilter.java:116)
	at org.springframework.security.web.ObservationFilterChainDecorator$ObservationFilter.wrapFilter(ObservationFilterChainDecorator.java:240)
	at org.springframework.security.web.ObservationFilterChainDecorator$ObservationFilter.doFilter(ObservationFilterChainDecorator.java:227)
	at org.springframework.security.web.ObservationFilterChainDecorator$VirtualFilterChain.doFilter(ObservationFilterChainDecorator.java:137)
	at org.springframework.security.web.header.HeaderWriterFilter.doHeadersAfter(HeaderWriterFilter.java:90)
	at org.springframework.security.web.header.HeaderWriterFilter.doFilterInternal(HeaderWriterFilter.java:75)
	at org.springframework.web.filter.OncePerRequestFilter.doFilter(OncePerRequestFilter.java:116)
	at org.springframework.security.web.ObservationFilterChainDecorator$ObservationFilter.wrapFilter(ObservationFilterChainDecorator.java:240)
	at org.springframework.security.web.ObservationFilterChainDecorator$ObservationFilter.doFilter(ObservationFilterChainDecorator.java:227)
	at org.springframework.security.web.ObservationFilterChainDecorator$VirtualFilterChain.doFilter(ObservationFilterChainDecorator.java:137)
	at org.springframework.security.web.context.SecurityContextHolderFilter.doFilter(SecurityContextHolderFilter.java:82)
	at org.springframework.security.web.context.SecurityContextHolderFilter.doFilter(SecurityContextHolderFilter.java:69)
	at org.springframework.security.web.ObservationFilterChainDecorator$ObservationFilter.wrapFilter(ObservationFilterChainDecorator.java:240)
	at org.springframework.security.web.ObservationFilterChainDecorator$ObservationFilter.doFilter(ObservationFilterChainDecorator.java:227)
	at org.springframework.security.web.ObservationFilterChainDecorator$VirtualFilterChain.doFilter(ObservationFilterChainDecorator.java:137)
	at org.springframework.security.web.context.request.async.WebAsyncManagerIntegrationFilter.doFilterInternal(WebAsyncManagerIntegrationFilter.java:62)
	at org.springframework.web.filter.OncePerRequestFilter.doFilter(OncePerRequestFilter.java:116)
	at org.springframework.security.web.ObservationFilterChainDecorator$ObservationFilter.wrapFilter(ObservationFilterChainDecorator.java:240)
	at org.springframework.security.web.ObservationFilterChainDecorator$ObservationFilter.doFilter(ObservationFilterChainDecorator.java:227)
	at org.springframework.security.web.ObservationFilterChainDecorator$VirtualFilterChain.doFilter(ObservationFilterChainDecorator.java:137)
	at org.springframework.security.web.session.DisableEncodeUrlFilter.doFilterInternal(DisableEncodeUrlFilter.java:42)
	at org.springframework.web.filter.OncePerRequestFilter.doFilter(OncePerRequestFilter.java:116)
	at org.springframework.security.web.ObservationFilterChainDecorator$ObservationFilter.wrapFilter(ObservationFilterChainDecorator.java:240)
	at org.springframework.security.web.ObservationFilterChainDecorator$AroundFilterObservation$SimpleAroundFilterObservation.lambda$wrap$0(ObservationFilterChainDecorator.java:323)
	at org.springframework.security.web.ObservationFilterChainDecorator$ObservationFilter.doFilter(ObservationFilterChainDecorator.java:224)
	at org.springframework.security.web.ObservationFilterChainDecorator$VirtualFilterChain.doFilter(ObservationFilterChainDecorator.java:137)
	at org.springframework.security.web.FilterChainProxy.doFilterInternal(FilterChainProxy.java:233)
	at org.springframework.security.web.FilterChainProxy.doFilter(FilterChainProxy.java:191)
	at org.springframework.web.filter.CompositeFilter$VirtualFilterChain.doFilter(CompositeFilter.java:113)
	at org.springframework.web.servlet.handler.HandlerMappingIntrospector.lambda$createCacheFilter$3(HandlerMappingIntrospector.java:243)
	at org.springframework.web.filter.CompositeFilter$VirtualFilterChain.doFilter(CompositeFilter.java:113)
	at org.springframework.web.filter.CompositeFilter.doFilter(CompositeFilter.java:74)
	at org.springframework.security.config.annotation.web.configuration.WebMvcSecurityConfiguration$CompositeFilterChainProxy.doFilter(WebMvcSecurityConfiguration.java:238)
	at org.springframework.web.filter.DelegatingFilterProxy.invokeDelegate(DelegatingFilterProxy.java:362)
	at org.springframework.web.filter.DelegatingFilterProxy.doFilter(DelegatingFilterProxy.java:278)
	at org.apache.catalina.core.ApplicationFilterChain.internalDoFilter(ApplicationFilterChain.java:164)
	at org.apache.catalina.core.ApplicationFilterChain.doFilter(ApplicationFilterChain.java:140)
	at org.springframework.web.filter.RequestContextFilter.doFilterInternal(RequestContextFilter.java:100)
	at org.springframework.web.filter.OncePerRequestFilter.doFilter(OncePerRequestFilter.java:116)
	at org.apache.catalina.core.ApplicationFilterChain.internalDoFilter(ApplicationFilterChain.java:164)
	at org.apache.catalina.core.ApplicationFilterChain.doFilter(ApplicationFilterChain.java:140)
	at org.springframework.web.filter.FormContentFilter.doFilterInternal(FormContentFilter.java:93)
	at org.springframework.web.filter.OncePerRequestFilter.doFilter(OncePerRequestFilter.java:116)
	at org.apache.catalina.core.ApplicationFilterChain.internalDoFilter(ApplicationFilterChain.java:164)
	at org.apache.catalina.core.ApplicationFilterChain.doFilter(ApplicationFilterChain.java:140)
	at org.springframework.web.filter.ServerHttpObservationFilter.doFilterInternal(ServerHttpObservationFilter.java:114)
	at org.springframework.web.filter.OncePerRequestFilter.doFilter(OncePerRequestFilter.java:116)
	at org.apache.catalina.core.ApplicationFilterChain.internalDoFilter(ApplicationFilterChain.java:164)
	at org.apache.catalina.core.ApplicationFilterChain.doFilter(ApplicationFilterChain.java:140)
	at org.springframework.web.filter.CharacterEncodingFilter.doFilterInternal(CharacterEncodingFilter.java:201)
	at org.springframework.web.filter.OncePerRequestFilter.doFilter(OncePerRequestFilter.java:116)
	at org.apache.catalina.core.ApplicationFilterChain.internalDoFilter(ApplicationFilterChain.java:164)
	at org.apache.catalina.core.ApplicationFilterChain.doFilter(ApplicationFilterChain.java:140)
	at org.apache.catalina.core.StandardWrapperValve.invoke(StandardWrapperValve.java:167)
	at org.apache.catalina.core.StandardContextValve.invoke(StandardContextValve.java:90)
	at org.apache.catalina.authenticator.AuthenticatorBase.invoke(AuthenticatorBase.java:483)
	at org.apache.catalina.core.StandardHostValve.invoke(StandardHostValve.java:115)
	at org.apache.catalina.valves.ErrorReportValve.invoke(ErrorReportValve.java:93)
	at org.apache.catalina.core.StandardEngineValve.invoke(StandardEngineValve.java:74)
	at org.apache.catalina.connector.CoyoteAdapter.service(CoyoteAdapter.java:344)
	at org.apache.coyote.http11.Http11Processor.service(Http11Processor.java:397)
	at org.apache.coyote.AbstractProcessorLight.process(AbstractProcessorLight.java:63)
	at org.apache.coyote.AbstractProtocol$ConnectionHandler.process(AbstractProtocol.java:905)
	at org.apache.tomcat.util.net.NioEndpoint$SocketProcessor.doRun(NioEndpoint.java:1741)
	at org.apache.tomcat.util.net.SocketProcessorBase.run(SocketProcessorBase.java:52)
	at org.apache.tomcat.util.threads.ThreadPoolExecutor.runWorker(ThreadPoolExecutor.java:1190)
	at org.apache.tomcat.util.threads.ThreadPoolExecutor$Worker.run(ThreadPoolExecutor.java:659)
	at org.apache.tomcat.util.threads.TaskThread$WrappingRunnable.run(TaskThread.java:63)
	at java.base/java.lang.Thread.run(Thread.java:1583)
Caused by: org.hibernate.exception.SQLGrammarException: could not execute statement [Unknown column 'updated_at' in 'field list'] [/* insert for com.finflow.modules.auth.domain.RefreshToken */insert into refresh_tokens (created_at,created_ip,created_user_agent,expires_at,family_id,is_revoked,last_used_at,last_used_ip,refresh_token_hash,revoked_at,session_id,updated_at,user_id,version,id) values (?,?,?,?,?,?,?,?,?,?,?,?,?,?,?)]
	at org.hibernate.exception.internal.SQLExceptionTypeDelegate.convert(SQLExceptionTypeDelegate.java:66)
	at org.hibernate.exception.internal.StandardSQLExceptionConverter.convert(StandardSQLExceptionConverter.java:58)
	at org.hibernate.engine.jdbc.spi.SqlExceptionHelper.convert(SqlExceptionHelper.java:108)
	at org.hibernate.engine.jdbc.internal.ResultSetReturnImpl.executeUpdate(ResultSetReturnImpl.java:197)
	at org.hibernate.engine.jdbc.mutation.internal.AbstractMutationExecutor.performNonBatchedMutation(AbstractMutationExecutor.java:134)
	at org.hibernate.engine.jdbc.mutation.internal.MutationExecutorSingleNonBatched.performNonBatchedOperations(MutationExecutorSingleNonBatched.java:55)
	at org.hibernate.engine.jdbc.mutation.internal.AbstractMutationExecutor.execute(AbstractMutationExecutor.java:55)
	at org.hibernate.persister.entity.mutation.InsertCoordinatorStandard.doStaticInserts(InsertCoordinatorStandard.java:194)
	at org.hibernate.persister.entity.mutation.InsertCoordinatorStandard.coordinateInsert(InsertCoordinatorStandard.java:132)
	at org.hibernate.persister.entity.mutation.InsertCoordinatorStandard.insert(InsertCoordinatorStandard.java:104)
	at org.hibernate.action.internal.EntityInsertAction.execute(EntityInsertAction.java:110)
	at org.hibernate.engine.spi.ActionQueue.executeActions(ActionQueue.java:644)
	at org.hibernate.engine.spi.ActionQueue.executeActions(ActionQueue.java:511)
	at org.hibernate.event.internal.AbstractFlushingEventListener.performExecutions(AbstractFlushingEventListener.java:414)
	at org.hibernate.event.internal.DefaultAutoFlushEventListener.onAutoFlush(DefaultAutoFlushEventListener.java:67)
	at org.hibernate.event.service.internal.EventListenerGroupImpl.fireEventOnEachListener(EventListenerGroupImpl.java:127)
	at org.hibernate.internal.SessionImpl.autoFlushIfRequired(SessionImpl.java:1379)
	at org.hibernate.query.sqm.internal.ConcreteSqmSelectQueryPlan.lambda$new$1(ConcreteSqmSelectQueryPlan.java:145)
	at org.hibernate.query.sqm.internal.ConcreteSqmSelectQueryPlan.withCacheableSqmInterpretation(ConcreteSqmSelectQueryPlan.java:442)
	at org.hibernate.query.sqm.internal.ConcreteSqmSelectQueryPlan.performList(ConcreteSqmSelectQueryPlan.java:362)
	at org.hibernate.query.sqm.internal.QuerySqmImpl.doList(QuerySqmImpl.java:380)
	at org.hibernate.query.spi.AbstractSelectionQuery.list(AbstractSelectionQuery.java:143)
	at org.hibernate.query.spi.AbstractSelectionQuery.getSingleResult(AbstractSelectionQuery.java:275)
	at org.springframework.data.jpa.repository.query.JpaQueryExecution$SingleEntityExecution.doExecute(JpaQueryExecution.java:224)
	at org.springframework.data.jpa.repository.query.JpaQueryExecution.execute(JpaQueryExecution.java:93)
	at org.springframework.data.jpa.repository.query.AbstractJpaQuery.doExecute(AbstractJpaQuery.java:152)
	at org.springframework.data.jpa.repository.query.AbstractJpaQuery.execute(AbstractJpaQuery.java:140)
	at org.springframework.data.repository.core.support.RepositoryMethodInvoker.doInvoke(RepositoryMethodInvoker.java:170)
	at org.springframework.data.repository.core.support.RepositoryMethodInvoker.invoke(RepositoryMethodInvoker.java:158)
	at org.springframework.data.repository.core.support.QueryExecutorMethodInterceptor.doInvoke(QueryExecutorMethodInterceptor.java:170)
	at org.springframework.data.repository.core.support.QueryExecutorMethodInterceptor.invoke(QueryExecutorMethodInterceptor.java:149)
	at org.springframework.aop.framework.ReflectiveMethodInvocation.proceed(ReflectiveMethodInvocation.java:184)
	at org.springframework.data.projection.DefaultMethodInvokingMethodInterceptor.invoke(DefaultMethodInvokingMethodInterceptor.java:69)
	at org.springframework.aop.framework.ReflectiveMethodInvocation.proceed(ReflectiveMethodInvocation.java:184)
	at org.springframework.transaction.interceptor.TransactionAspectSupport.invokeWithinTransaction(TransactionAspectSupport.java:380)
	at org.springframework.transaction.interceptor.TransactionInterceptor.invoke(TransactionInterceptor.java:119)
	at org.springframework.aop.framework.ReflectiveMethodInvocation.proceed(ReflectiveMethodInvocation.java:184)
	at org.springframework.dao.support.PersistenceExceptionTranslationInterceptor.invoke(PersistenceExceptionTranslationInterceptor.java:138)
	... 180 common frames omitted
Caused by: java.sql.SQLSyntaxErrorException: Unknown column 'updated_at' in 'field list'
	at com.mysql.cj.jdbc.exceptions.SQLError.createSQLException(SQLError.java:112)
	at com.mysql.cj.jdbc.exceptions.SQLExceptionsMapping.translateException(SQLExceptionsMapping.java:114)
	at com.mysql.cj.jdbc.ClientPreparedStatement.executeInternal(ClientPreparedStatement.java:988)
	at com.mysql.cj.jdbc.ClientPreparedStatement.executeUpdateInternal(ClientPreparedStatement.java:1166)
	at com.mysql.cj.jdbc.ClientPreparedStatement.executeUpdateInternal(ClientPreparedStatement.java:1101)
	at com.mysql.cj.jdbc.ClientPreparedStatement.executeLargeUpdate(ClientPreparedStatement.java:1467)
	at com.mysql.cj.jdbc.ClientPreparedStatement.executeUpdate(ClientPreparedStatement.java:1084)
	at com.zaxxer.hikari.pool.ProxyPreparedStatement.executeUpdate(ProxyPreparedStatement.java:61)
	at com.zaxxer.hikari.pool.HikariProxyPreparedStatement.executeUpdate(HikariProxyPreparedStatement.java)
	at org.hibernate.engine.jdbc.internal.ResultSetReturnImpl.executeUpdate(ResultSetReturnImpl.java:194)
	... 214 common frames omitted
2026-07-29 12:39:07.905 [http-nio-8080-exec-4] DEBUG [] o.s.w.s.m.m.a.HttpEntityMethodProcessor - Using 'application/json', given [*/*] and supported [application/json, application/*+json, application/yaml]
2026-07-29 12:39:07.910 [http-nio-8080-exec-4] DEBUG [] o.s.w.s.m.m.a.HttpEntityMethodProcessor - Writing [ErrorResponse[success=false, code=INTERNAL_ERROR, message=An unexpected error occurred. Please try a (truncated)...]
2026-07-29 12:39:07.910 [http-nio-8080-exec-4] DEBUG [] o.s.w.s.m.m.a.ExceptionHandlerExceptionResolver - Resolved [org.springframework.dao.InvalidDataAccessResourceUsageException: could not execute statement [Unknown column 'updated_at' in 'field list'] [/* insert for com.finflow.modules.auth.domain.RefreshToken */insert into refresh_tokens (created_at,created_ip,created_user_agent,expires_at,family_id,is_revoked,last_used_at,last_used_ip,refresh_token_hash,revoked_at,session_id,updated_at,user_id,version,id) values (?,?,?,?,?,?,?,?,?,?,?,?,?,?,?)]; SQL [/* insert for com.finflow.modules.auth.domain.RefreshToken */insert into refresh_tokens (created_at,created_ip,created_user_agent,expires_at,family_id,is_revoked,last_used_at,last_used_ip,refresh_token_hash,revoked_at,session_id,updated_at,user_id,version,id) values (?,?,?,?,?,?,?,?,?,?,?,?,?,?,?)]]
2026-07-29 12:39:07.910 [http-nio-8080-exec-4] DEBUG [] o.s.web.servlet.DispatcherServlet - Completed 500 INTERNAL_SERVER_ERROR
2026-07-29 12:39:52.669 [main] INFO  [] com.finflow.FinFlowApplication - Starting FinFlowApplication using Java 21.0.11 with PID 3244 (C:\Users\Lenovo\OneDrive\Desktop\FinFlow\backend\target\classes started by Lenovo in C:\Users\Lenovo\OneDrive\Desktop\FinFlow\backend)
2026-07-29 12:39:52.669 [main] DEBUG [] com.finflow.FinFlowApplication - Running with Spring Boot v3.4.1, Spring v6.2.1
2026-07-29 12:39:52.669 [main] INFO  [] com.finflow.FinFlowApplication - The following 1 profile is active: "dev"
2026-07-29 12:39:54.201 [main] INFO  [] o.s.d.r.c.RepositoryConfigurationDelegate - Multiple Spring Data modules found, entering strict repository configuration mode
2026-07-29 12:39:54.204 [main] INFO  [] o.s.d.r.c.RepositoryConfigurationDelegate - Bootstrapping Spring Data JPA repositories in DEFAULT mode.
2026-07-29 12:39:54.605 [main] INFO  [] o.s.d.r.c.RepositoryConfigurationDelegate - Finished Spring Data repository scanning in 391 ms. Found 22 JPA repository interfaces.
2026-07-29 12:39:54.619 [main] INFO  [] o.s.d.r.c.RepositoryConfigurationDelegate - Multiple Spring Data modules found, entering strict repository configuration mode
2026-07-29 12:39:54.621 [main] INFO  [] o.s.d.r.c.RepositoryConfigurationDelegate - Bootstrapping Spring Data Redis repositories in DEFAULT mode.
2026-07-29 12:39:54.665 [main] INFO  [] o.s.d.r.c.RepositoryConfigurationExtensionSupport - Spring Data Redis - Could not safely identify store assignment for repository candidate interface com.finflow.modules.accounts.repository.AccountHolderRepository; If you want this repository to be a Redis repository, consider annotating your entities with one of these annotations: org.springframework.data.redis.core.RedisHash (preferred), or consider extending one of the following types with your repository: org.springframework.data.keyvalue.repository.KeyValueRepository
2026-07-29 12:39:54.665 [main] INFO  [] o.s.d.r.c.RepositoryConfigurationExtensionSupport - Spring Data Redis - Could not safely identify store assignment for repository candidate interface com.finflow.modules.accounts.repository.AccountRepository; If you want this repository to be a Redis repository, consider annotating your entities with one of these annotations: org.springframework.data.redis.core.RedisHash (preferred), or consider extending one of the following types with your repository: org.springframework.data.keyvalue.repository.KeyValueRepository
2026-07-29 12:39:54.665 [main] INFO  [] o.s.d.r.c.RepositoryConfigurationExtensionSupport - Spring Data Redis - Could not safely identify store assignment for repository candidate interface com.finflow.modules.accounts.repository.AccountStatusHistoryRepository; If you want this repository to be a Redis repository, consider annotating your entities with one of these annotations: org.springframework.data.redis.core.RedisHash (preferred), or consider extending one of the following types with your repository: org.springframework.data.keyvalue.repository.KeyValueRepository
2026-07-29 12:39:54.669 [main] INFO  [] o.s.d.r.c.RepositoryConfigurationExtensionSupport - Spring Data Redis - Could not safely identify store assignment for repository candidate interface com.finflow.modules.accounts.repository.HoldRepository; If you want this repository to be a Redis repository, consider annotating your entities with one of these annotations: org.springframework.data.redis.core.RedisHash (preferred), or consider extending one of the following types with your repository: org.springframework.data.keyvalue.repository.KeyValueRepository
2026-07-29 12:39:54.669 [main] INFO  [] o.s.d.r.c.RepositoryConfigurationExtensionSupport - Spring Data Redis - Could not safely identify store assignment for repository candidate interface com.finflow.modules.admin.repository.AdminAuditLogRepository; If you want this repository to be a Redis repository, consider annotating your entities with one of these annotations: org.springframework.data.redis.core.RedisHash (preferred), or consider extending one of the following types with your repository: org.springframework.data.keyvalue.repository.KeyValueRepository
2026-07-29 12:39:54.669 [main] INFO  [] o.s.d.r.c.RepositoryConfigurationExtensionSupport - Spring Data Redis - Could not safely identify store assignment for repository candidate interface com.finflow.modules.auth.repository.LoginHistoryRepository; If you want this repository to be a Redis repository, consider annotating your entities with one of these annotations: org.springframework.data.redis.core.RedisHash (preferred), or consider extending one of the following types with your repository: org.springframework.data.keyvalue.repository.KeyValueRepository
2026-07-29 12:39:54.669 [main] INFO  [] o.s.d.r.c.RepositoryConfigurationExtensionSupport - Spring Data Redis - Could not safely identify store assignment for repository candidate interface com.finflow.modules.auth.repository.RefreshTokenRepository; If you want this repository to be a Redis repository, consider annotating your entities with one of these annotations: org.springframework.data.redis.core.RedisHash (preferred), or consider extending one of the following types with your repository: org.springframework.data.keyvalue.repository.KeyValueRepository
2026-07-29 12:39:54.669 [main] INFO  [] o.s.d.r.c.RepositoryConfigurationExtensionSupport - Spring Data Redis - Could not safely identify store assignment for repository candidate interface com.finflow.modules.auth.repository.RoleRepository; If you want this repository to be a Redis repository, consider annotating your entities with one of these annotations: org.springframework.data.redis.core.RedisHash (preferred), or consider extending one of the following types with your repository: org.springframework.data.keyvalue.repository.KeyValueRepository
2026-07-29 12:39:54.669 [main] INFO  [] o.s.d.r.c.RepositoryConfigurationExtensionSupport - Spring Data Redis - Could not safely identify store assignment for repository candidate interface com.finflow.modules.auth.repository.UserCredentialRepository; If you want this repository to be a Redis repository, consider annotating your entities with one of these annotations: org.springframework.data.redis.core.RedisHash (preferred), or consider extending one of the following types with your repository: org.springframework.data.keyvalue.repository.KeyValueRepository
2026-07-29 12:39:54.669 [main] INFO  [] o.s.d.r.c.RepositoryConfigurationExtensionSupport - Spring Data Redis - Could not safely identify store assignment for repository candidate interface com.finflow.modules.auth.repository.UserRepository; If you want this repository to be a Redis repository, consider annotating your entities with one of these annotations: org.springframework.data.redis.core.RedisHash (preferred), or consider extending one of the following types with your repository: org.springframework.data.keyvalue.repository.KeyValueRepository
2026-07-29 12:39:54.669 [main] INFO  [] o.s.d.r.c.RepositoryConfigurationExtensionSupport - Spring Data Redis - Could not safely identify store assignment for repository candidate interface com.finflow.modules.auth.repository.UserRoleRepository; If you want this repository to be a Redis repository, consider annotating your entities with one of these annotations: org.springframework.data.redis.core.RedisHash (preferred), or consider extending one of the following types with your repository: org.springframework.data.keyvalue.repository.KeyValueRepository
2026-07-29 12:39:54.669 [main] INFO  [] o.s.d.r.c.RepositoryConfigurationExtensionSupport - Spring Data Redis - Could not safely identify store assignment for repository candidate interface com.finflow.modules.beneficiaries.repository.BeneficiaryRepository; If you want this repository to be a Redis repository, consider annotating your entities with one of these annotations: org.springframework.data.redis.core.RedisHash (preferred), or consider extending one of the following types with your repository: org.springframework.data.keyvalue.repository.KeyValueRepository
2026-07-29 12:39:54.669 [main] INFO  [] o.s.d.r.c.RepositoryConfigurationExtensionSupport - Spring Data Redis - Could not safely identify store assignment for repository candidate interface com.finflow.modules.cards.repository.CardRepository; If you want this repository to be a Redis repository, consider annotating your entities with one of these annotations: org.springframework.data.redis.core.RedisHash (preferred), or consider extending one of the following types with your repository: org.springframework.data.keyvalue.repository.KeyValueRepository
2026-07-29 12:39:54.669 [main] INFO  [] o.s.d.r.c.RepositoryConfigurationExtensionSupport - Spring Data Redis - Could not safely identify store assignment for repository candidate interface com.finflow.modules.cards.repository.CardTransactionRepository; If you want this repository to be a Redis repository, consider annotating your entities with one of these annotations: org.springframework.data.redis.core.RedisHash (preferred), or consider extending one of the following types with your repository: org.springframework.data.keyvalue.repository.KeyValueRepository
2026-07-29 12:39:54.671 [main] INFO  [] o.s.d.r.c.RepositoryConfigurationExtensionSupport - Spring Data Redis - Could not safely identify store assignment for repository candidate interface com.finflow.modules.notifications.repository.NotificationRepository; If you want this repository to be a Redis repository, consider annotating your entities with one of these annotations: org.springframework.data.redis.core.RedisHash (preferred), or consider extending one of the following types with your repository: org.springframework.data.keyvalue.repository.KeyValueRepository
2026-07-29 12:39:54.671 [main] INFO  [] o.s.d.r.c.RepositoryConfigurationExtensionSupport - Spring Data Redis - Could not safely identify store assignment for repository candidate interface com.finflow.modules.profiles.repository.UserProfileRepository; If you want this repository to be a Redis repository, consider annotating your entities with one of these annotations: org.springframework.data.redis.core.RedisHash (preferred), or consider extending one of the following types with your repository: org.springframework.data.keyvalue.repository.KeyValueRepository
2026-07-29 12:39:54.671 [main] INFO  [] o.s.d.r.c.RepositoryConfigurationExtensionSupport - Spring Data Redis - Could not safely identify store assignment for repository candidate interface com.finflow.modules.savings.repository.SavingsGoalRepository; If you want this repository to be a Redis repository, consider annotating your entities with one of these annotations: org.springframework.data.redis.core.RedisHash (preferred), or consider extending one of the following types with your repository: org.springframework.data.keyvalue.repository.KeyValueRepository
2026-07-29 12:39:54.671 [main] INFO  [] o.s.d.r.c.RepositoryConfigurationExtensionSupport - Spring Data Redis - Could not safely identify store assignment for repository candidate interface com.finflow.modules.settings.repository.UserSettingRepository; If you want this repository to be a Redis repository, consider annotating your entities with one of these annotations: org.springframework.data.redis.core.RedisHash (preferred), or consider extending one of the following types with your repository: org.springframework.data.keyvalue.repository.KeyValueRepository
2026-07-29 12:39:54.671 [main] INFO  [] o.s.d.r.c.RepositoryConfigurationExtensionSupport - Spring Data Redis - Could not safely identify store assignment for repository candidate interface com.finflow.modules.transactions.repository.TransactionEntryRepository; If you want this repository to be a Redis repository, consider annotating your entities with one of these annotations: org.springframework.data.redis.core.RedisHash (preferred), or consider extending one of the following types with your repository: org.springframework.data.keyvalue.repository.KeyValueRepository
2026-07-29 12:39:54.671 [main] INFO  [] o.s.d.r.c.RepositoryConfigurationExtensionSupport - Spring Data Redis - Could not safely identify store assignment for repository candidate interface com.finflow.modules.transactions.repository.TransactionRepository; If you want this repository to be a Redis repository, consider annotating your entities with one of these annotations: org.springframework.data.redis.core.RedisHash (preferred), or consider extending one of the following types with your repository: org.springframework.data.keyvalue.repository.KeyValueRepository
2026-07-29 12:39:54.671 [main] INFO  [] o.s.d.r.c.RepositoryConfigurationExtensionSupport - Spring Data Redis - Could not safely identify store assignment for repository candidate interface com.finflow.modules.transfers.repository.ScheduledTransferRepository; If you want this repository to be a Redis repository, consider annotating your entities with one of these annotations: org.springframework.data.redis.core.RedisHash (preferred), or consider extending one of the following types with your repository: org.springframework.data.keyvalue.repository.KeyValueRepository
2026-07-29 12:39:54.671 [main] INFO  [] o.s.d.r.c.RepositoryConfigurationExtensionSupport - Spring Data Redis - Could not safely identify store assignment for repository candidate interface com.finflow.modules.transfers.repository.TransferTemplateRepository; If you want this repository to be a Redis repository, consider annotating your entities with one of these annotations: org.springframework.data.redis.core.RedisHash (preferred), or consider extending one of the following types with your repository: org.springframework.data.keyvalue.repository.KeyValueRepository
2026-07-29 12:39:54.671 [main] INFO  [] o.s.d.r.c.RepositoryConfigurationDelegate - Finished Spring Data repository scanning in 41 ms. Found 0 Redis repository interfaces.
2026-07-29 12:39:55.855 [main] INFO  [] o.s.b.w.e.tomcat.TomcatWebServer - Tomcat initialized with port 8080 (http)
2026-07-29 12:39:55.867 [main] INFO  [] o.a.catalina.core.StandardService - Starting service [Tomcat]
2026-07-29 12:39:55.870 [main] INFO  [] o.a.catalina.core.StandardEngine - Starting Servlet engine: [Apache Tomcat/10.1.34]
2026-07-29 12:39:55.949 [main] INFO  [] o.a.c.c.C.[Tomcat].[localhost].[/] - Initializing Spring embedded WebApplicationContext
2026-07-29 12:39:55.949 [main] INFO  [] o.s.b.w.s.c.ServletWebServerApplicationContext - Root WebApplicationContext: initialization completed in 3227 ms
2026-07-29 12:39:56.228 [main] WARN  [] c.f.s.config.JwtSigningKeyProvider - JWT signing key 'primary' is below minimum 512 bits (57 bytes). This may cause security issues.
2026-07-29 12:39:56.228 [main] INFO  [] c.f.s.config.JwtSigningKeyProvider - JWT signing keys loaded. Active key: 'primary', total keys: 1
2026-07-29 12:39:56.315 [main] DEBUG [] c.f.s.config.JwtAuthenticationFilter - Filter 'jwtAuthenticationFilter' configured for use
2026-07-29 12:39:56.315 [main] DEBUG [] o.s.w.f.ServerHttpObservationFilter - Filter 'webMvcObservationFilter' configured for use
2026-07-29 12:39:56.315 [main] DEBUG [] o.s.web.filter.CorsFilter - Filter 'corsFilter' configured for use
2026-07-29 12:39:56.580 [main] INFO  [] com.zaxxer.hikari.HikariDataSource - finflow-dev-pool - Starting...
2026-07-29 12:39:56.792 [main] INFO  [] com.zaxxer.hikari.pool.HikariPool - finflow-dev-pool - Added connection com.mysql.cj.jdbc.ConnectionImpl@31ab75a5
2026-07-29 12:39:56.796 [main] INFO  [] com.zaxxer.hikari.HikariDataSource - finflow-dev-pool - Start completed.
2026-07-29 12:39:56.872 [main] INFO  [] org.flywaydb.core.FlywayExecutor - Database: jdbc:mysql://localhost:3306/finflow_auth?createDatabaseIfNotExist=true&useSSL=false&allowPublicKeyRetrieval=true&serverTimezone=UTC (MySQL 9.7)
2026-07-29 12:39:56.880 [main] WARN  [] o.f.c.i.database.base.Database - Flyway upgrade recommended: MySQL 9.7 is newer than this version of Flyway and support has not been tested. The latest supported version of MySQL is 8.1.
2026-07-29 12:39:56.938 [main] INFO  [] o.f.core.internal.command.DbValidate - Successfully validated 14 migrations (execution time 00:00.041s)
2026-07-29 12:39:56.965 [main] INFO  [] o.f.core.internal.command.DbMigrate - Current version of schema `finflow_auth`: 14.0
2026-07-29 12:39:56.967 [main] INFO  [] o.f.core.internal.command.DbMigrate - Schema `finflow_auth` is up to date. No migration necessary.
2026-07-29 12:39:57.114 [main] INFO  [] o.h.jpa.internal.util.LogHelper - HHH000204: Processing PersistenceUnitInfo [name: default]
2026-07-29 12:39:57.173 [main] INFO  [] org.hibernate.Version - HHH000412: Hibernate ORM core version 6.6.4.Final
2026-07-29 12:39:57.223 [main] INFO  [] o.h.c.i.RegionFactoryInitiator - HHH000026: Second-level cache disabled
2026-07-29 12:39:57.504 [main] INFO  [] o.s.o.j.p.SpringPersistenceUnitInfo - No LoadTimeWeaver setup: ignoring JPA class transformer
2026-07-29 12:39:57.580 [main] WARN  [] org.hibernate.orm.deprecation - HHH90000025: MySQLDialect does not need to be specified explicitly using 'hibernate.dialect' (remove the property setting and it will be selected by default)
2026-07-29 12:39:57.591 [main] INFO  [] o.hibernate.orm.connections.pooling - HHH10001005: Database info:
	Database JDBC URL [Connecting through datasource 'HikariDataSource (finflow-dev-pool)']
	Database driver: undefined/unknown
	Database version: 9.7.1
	Autocommit mode: undefined/unknown
	Isolation level: undefined/unknown
	Minimum pool size: undefined/unknown
	Maximum pool size: undefined/unknown
2026-07-29 12:39:58.941 [main] INFO  [] o.h.e.t.j.p.i.JtaPlatformInitiator - HHH000489: No JTA platform available (set 'hibernate.transaction.jta.platform' to enable JTA platform integration)
2026-07-29 12:39:58.941 [main] INFO  [] o.s.o.j.LocalContainerEntityManagerFactoryBean - Initialized JPA EntityManagerFactory for persistence unit 'default'
2026-07-29 12:39:59.389 [main] INFO  [] o.s.d.j.r.query.QueryEnhancerFactory - Hibernate is in classpath; If applicable, HQL parser will be used.
2026-07-29 12:40:01.202 [main] INFO  [] org.redisson.Version - Redisson 3.37.0
2026-07-29 12:40:01.555 [redisson-netty-1-5] INFO  [] o.r.connection.ConnectionsHolder - 1 connections initialized for localhost/127.0.0.1:6379
2026-07-29 12:40:01.644 [redisson-netty-1-20] INFO  [] o.r.connection.ConnectionsHolder - 24 connections initialized for localhost/127.0.0.1:6379
2026-07-29 12:40:03.197 [main] WARN  [] o.s.b.a.o.j.JpaBaseConfiguration$JpaWebConfiguration - spring.jpa.open-in-view is enabled by default. Therefore, database queries may be performed during view rendering. Explicitly configure spring.jpa.open-in-view to disable this warning
2026-07-29 12:40:03.263 [main] WARN  [] o.s.b.a.s.s.UserDetailsServiceAutoConfiguration - 

Using generated security password: 1b434e42-fcba-4700-9dd0-1ddb75c79556

This generated password is for development use only. Your security configuration must be updated before running your application in production.

2026-07-29 12:40:03.503 [main] DEBUG [] o.s.w.s.m.m.a.RequestMappingHandlerMapping - 75 mappings in 'requestMappingHandlerMapping'
2026-07-29 12:40:03.599 [main] DEBUG [] o.s.w.s.h.SimpleUrlHandlerMapping - Patterns [/webjars/**, /**, /swagger-ui*/*swagger-initializer.js, /swagger-ui*/**] in 'resourceHandlerMapping'
2026-07-29 12:40:03.909 [main] INFO  [] o.s.b.a.e.web.EndpointLinksResolver - Exposing 5 endpoints beneath base path '/actuator'
2026-07-29 12:40:04.274 [main] DEBUG [] o.s.w.s.m.m.a.RequestMappingHandlerAdapter - ControllerAdvice beans: 0 @ModelAttribute, 0 @InitBinder, 1 RequestBodyAdvice, 1 ResponseBodyAdvice
2026-07-29 12:40:04.370 [main] DEBUG [] o.s.w.s.m.m.a.ExceptionHandlerExceptionResolver - ControllerAdvice beans: 2 @ExceptionHandler, 1 ResponseBodyAdvice
2026-07-29 12:40:05.690 [main] INFO  [] org.quartz.impl.StdSchedulerFactory - Using default implementation for ThreadExecutor
2026-07-29 12:40:05.707 [main] INFO  [] o.quartz.core.SchedulerSignalerImpl - Initialized Scheduler Signaller of type: class org.quartz.core.SchedulerSignalerImpl
2026-07-29 12:40:05.707 [main] INFO  [] org.quartz.core.QuartzScheduler - Quartz Scheduler v.2.3.2 created.
2026-07-29 12:40:05.707 [main] INFO  [] org.quartz.simpl.RAMJobStore - RAMJobStore initialized.
2026-07-29 12:40:05.709 [main] INFO  [] org.quartz.core.QuartzScheduler - Scheduler meta-data: Quartz Scheduler (v2.3.2) 'quartzScheduler' with instanceId 'NON_CLUSTERED'
  Scheduler class: 'org.quartz.core.QuartzScheduler' - running locally.
  NOT STARTED.
  Currently in standby mode.
  Number of jobs executed: 0
  Using thread pool 'org.quartz.simpl.SimpleThreadPool' - with 10 threads.
  Using job-store 'org.quartz.simpl.RAMJobStore' - which does not support persistence. and is not clustered.

2026-07-29 12:40:05.709 [main] INFO  [] org.quartz.impl.StdSchedulerFactory - Quartz scheduler 'quartzScheduler' initialized from an externally provided properties instance.
2026-07-29 12:40:05.709 [main] INFO  [] org.quartz.impl.StdSchedulerFactory - Quartz scheduler version: 2.3.2
2026-07-29 12:40:05.709 [main] INFO  [] org.quartz.core.QuartzScheduler - JobFactory set to: org.springframework.scheduling.quartz.SpringBeanJobFactory@19888bf7
2026-07-29 12:40:06.035 [main] INFO  [] o.s.b.w.e.tomcat.TomcatWebServer - Tomcat started on port 8080 (http) with context path '/'
2026-07-29 12:40:06.035 [main] INFO  [] o.s.s.quartz.SchedulerFactoryBean - Starting Quartz Scheduler now
2026-07-29 12:40:06.035 [main] INFO  [] org.quartz.core.QuartzScheduler - Scheduler quartzScheduler_$_NON_CLUSTERED started.
2026-07-29 12:40:06.053 [main] INFO  [] com.finflow.FinFlowApplication - Started FinFlowApplication in 13.909 seconds (process running for 14.377)
2026-07-29 12:41:21.608 [http-nio-8080-exec-1] INFO  [] o.a.c.c.C.[Tomcat].[localhost].[/] - Initializing Spring DispatcherServlet 'dispatcherServlet'
2026-07-29 12:41:21.608 [http-nio-8080-exec-1] INFO  [] o.s.web.servlet.DispatcherServlet - Initializing Servlet 'dispatcherServlet'
2026-07-29 12:41:21.608 [http-nio-8080-exec-1] DEBUG [] o.s.web.servlet.DispatcherServlet - Detected StandardServletMultipartResolver
2026-07-29 12:41:21.608 [http-nio-8080-exec-1] DEBUG [] o.s.web.servlet.DispatcherServlet - Detected AcceptHeaderLocaleResolver
2026-07-29 12:41:21.608 [http-nio-8080-exec-1] DEBUG [] o.s.web.servlet.DispatcherServlet - Detected FixedThemeResolver
2026-07-29 12:41:21.608 [http-nio-8080-exec-1] DEBUG [] o.s.web.servlet.DispatcherServlet - Detected org.springframework.web.servlet.view.DefaultRequestToViewNameTranslator@54e324d1
2026-07-29 12:41:21.608 [http-nio-8080-exec-1] DEBUG [] o.s.web.servlet.DispatcherServlet - Detected org.springframework.web.servlet.support.SessionFlashMapManager@3c1d9114
2026-07-29 12:41:21.608 [http-nio-8080-exec-1] DEBUG [] o.s.web.servlet.DispatcherServlet - enableLoggingRequestDetails='false': request parameters and headers will be masked to prevent unsafe logging of potentially sensitive data
2026-07-29 12:41:21.617 [http-nio-8080-exec-1] INFO  [] o.s.web.servlet.DispatcherServlet - Completed initialization in 0 ms
2026-07-29 12:41:21.690 [http-nio-8080-exec-1] DEBUG [] o.s.web.servlet.DispatcherServlet - POST "/api/v1/auth/register", parameters={}
2026-07-29 12:41:21.690 [http-nio-8080-exec-1] DEBUG [] o.s.w.s.m.m.a.RequestMappingHandlerMapping - Mapped to com.finflow.modules.auth.controller.AuthController#register(RegisterRequest)
2026-07-29 12:41:21.776 [http-nio-8080-exec-1] DEBUG [] o.s.w.s.m.m.a.RequestResponseBodyMethodProcessor - Read "application/json;charset=UTF-8" to [RegisterRequest[email=logintest@example.com, phoneNumber=+2348016000000, username=logintest, passwor (truncated)...]
2026-07-29 12:41:21.890 [http-nio-8080-exec-1] INFO  [] c.f.m.auth.controller.AuthController - Registration request for email=logintest@example.com
2026-07-29 12:41:22.030 [http-nio-8080-exec-1] DEBUG [] org.hibernate.SQL - 
    /* <criteria> */ select
        u1_0.id 
    from
        users u1_0 
    where
        upper(u1_0.email)=upper(?) 
        and not(u1_0.is_deleted) 
    limit
        ?
2026-07-29 12:41:22.062 [http-nio-8080-exec-1] DEBUG [] org.hibernate.SQL - 
    /* <criteria> */ select
        u1_0.id 
    from
        users u1_0 
    where
        u1_0.phone_number=? 
        and not(u1_0.is_deleted) 
    limit
        ?
2026-07-29 12:41:22.072 [http-nio-8080-exec-1] DEBUG [] org.hibernate.SQL - 
    /* <criteria> */ select
        u1_0.id 
    from
        users u1_0 
    where
        upper(u1_0.username)=upper(?) 
        and not(u1_0.is_deleted) 
    limit
        ?
2026-07-29 12:41:22.077 [http-nio-8080-exec-1] DEBUG [] org.hibernate.SQL - 
    /* <criteria> */ select
        r1_0.id 
    from
        roles r1_0 
    where
        r1_0.name=? 
        and r1_0.is_active 
    limit
        ?
2026-07-29 12:41:22.176 [http-nio-8080-exec-1] INFO  [] c.f.m.a.service.RegistrationService - User created: id=6ad34bea-fb7d-42d8-bbb8-c28089dab45b, email=logintest@example.com
2026-07-29 12:41:22.604 [http-nio-8080-exec-1] INFO  [] c.f.m.a.service.RegistrationService - Password credential stored for user: 6ad34bea-fb7d-42d8-bbb8-c28089dab45b
2026-07-29 12:41:22.627 [http-nio-8080-exec-1] DEBUG [] org.hibernate.SQL - 
    /* <criteria> */ select
        r1_0.id,
        r1_0.created_at,
        r1_0.description,
        r1_0.is_active,
        r1_0.is_system_role,
        r1_0.name,
        r1_0.updated_at,
        r1_0.version 
    from
        roles r1_0 
    where
        r1_0.name=? 
        and r1_0.is_active
2026-07-29 12:41:22.666 [http-nio-8080-exec-1] INFO  [] c.f.m.a.service.RegistrationService - CUSTOMER role assigned to user: 6ad34bea-fb7d-42d8-bbb8-c28089dab45b
2026-07-29 12:41:22.694 [http-nio-8080-exec-1] DEBUG [] org.hibernate.SQL - 
    /* insert for
        com.finflow.modules.auth.domain.User */insert 
    into
        users (created_at, created_by, deleted_at, deleted_by, email, email_verified, failed_login_count, is_deleted, last_login_at, locked_until, modified_by, phone_number, phone_verified, status, terms_accepted_at, updated_at, username, version, id) 
    values
        (?, ?, ?, ?, ?, ?, ?, ?, ?, ?, ?, ?, ?, ?, ?, ?, ?, ?, ?)
2026-07-29 12:41:22.715 [http-nio-8080-exec-1] DEBUG [] org.hibernate.SQL - 
    /* insert for
        com.finflow.modules.auth.domain.UserCredential */insert 
    into
        user_credentials (created_at, created_by, credential_type, deleted_at, deleted_by, expires_at, hashed_value, is_active, is_deleted, last_used_at, modified_by, updated_at, user_id, version, id) 
    values
        (?, ?, ?, ?, ?, ?, ?, ?, ?, ?, ?, ?, ?, ?, ?)
2026-07-29 12:41:22.717 [http-nio-8080-exec-1] DEBUG [] org.hibernate.SQL - 
    /* insert for
        com.finflow.modules.auth.domain.UserRole */insert 
    into
        user_roles (created_at, granted_at, granted_by, role_id, updated_at, user_id, version, id) 
    values
        (?, ?, ?, ?, ?, ?, ?, ?)
2026-07-29 12:41:22.767 [http-nio-8080-exec-1] DEBUG [] o.s.w.s.m.m.a.HttpEntityMethodProcessor - Using 'application/json', given [*/*] and supported [application/json, application/*+json, application/yaml]
2026-07-29 12:41:22.777 [http-nio-8080-exec-1] DEBUG [] o.s.w.s.m.m.a.HttpEntityMethodProcessor - Writing [ApiResponse[success=true, data=RegisterResponse[id=6ad34bea-fb7d-42d8-bbb8-c28089dab45b, email=login (truncated)...]
2026-07-29 12:41:22.801 [http-nio-8080-exec-1] DEBUG [] o.s.web.servlet.DispatcherServlet - Completed 201 CREATED
2026-07-29 12:41:29.592 [http-nio-8080-exec-3] DEBUG [] o.s.web.servlet.DispatcherServlet - POST "/api/v1/auth/login", parameters={}
2026-07-29 12:41:29.594 [http-nio-8080-exec-3] DEBUG [] o.s.w.s.m.m.a.RequestMappingHandlerMapping - Mapped to com.finflow.modules.auth.controller.AuthController#login(LoginRequest, HttpServletRequest)
2026-07-29 12:41:29.598 [http-nio-8080-exec-3] DEBUG [] o.s.w.s.m.m.a.RequestResponseBodyMethodProcessor - Read "application/json;charset=UTF-8" to [LoginRequest[identifier=logintest@example.com, password=Str0ng!Pass#2026]]
2026-07-29 12:41:29.604 [http-nio-8080-exec-3] INFO  [] c.f.m.auth.controller.AuthController - Login request for identifier=logintest@example.com
2026-07-29 12:41:29.607 [http-nio-8080-exec-3] DEBUG [] c.f.m.a.s.AuthenticationService - Authentication attempt for identifier=logintest@example.com
2026-07-29 12:41:29.608 [http-nio-8080-exec-3] DEBUG [] org.hibernate.SQL - 
    /* <criteria> */ select
        u1_0.id,
        u1_0.created_at,
        u1_0.created_by,
        u1_0.deleted_at,
        u1_0.deleted_by,
        u1_0.email,
        u1_0.email_verified,
        u1_0.failed_login_count,
        u1_0.is_deleted,
        u1_0.last_login_at,
        u1_0.locked_until,
        u1_0.modified_by,
        u1_0.phone_number,
        u1_0.phone_verified,
        u1_0.status,
        u1_0.terms_accepted_at,
        u1_0.updated_at,
        u1_0.username,
        u1_0.version 
    from
        users u1_0 
    where
        upper(u1_0.email)=upper(?) 
        and not(u1_0.is_deleted)
2026-07-29 12:41:29.631 [http-nio-8080-exec-3] DEBUG [] org.hibernate.SQL - 
    /* <criteria> */ select
        uc1_0.id,
        uc1_0.created_at,
        uc1_0.created_by,
        uc1_0.credential_type,
        uc1_0.deleted_at,
        uc1_0.deleted_by,
        uc1_0.expires_at,
        uc1_0.hashed_value,
        uc1_0.is_active,
        uc1_0.is_deleted,
        uc1_0.last_used_at,
        uc1_0.modified_by,
        uc1_0.updated_at,
        uc1_0.user_id,
        uc1_0.version 
    from
        user_credentials uc1_0 
    where
        uc1_0.user_id=? 
        and uc1_0.credential_type=? 
        and uc1_0.is_active 
        and not(uc1_0.is_deleted)
2026-07-29 12:41:29.865 [http-nio-8080-exec-3] DEBUG [] org.hibernate.SQL - 
    /* insert for
        com.finflow.modules.auth.domain.LoginHistory */insert 
    into
        login_history (created_at, failure_reason, identifier, ip_address, success, user_id, user_agent) 
    values
        (?, ?, ?, ?, ?, ?, ?)
2026-07-29 12:41:29.881 [http-nio-8080-exec-3] INFO  [] c.f.m.a.s.AuthenticationService - Authentication successful: user=6ad34bea-fb7d-42d8-bbb8-c28089dab45b, email=logintest@example.com
2026-07-29 12:41:29.892 [http-nio-8080-exec-3] DEBUG [] org.hibernate.SQL - 
    select
        r1_0.user_id,
        r1_0.id,
        r1_0.created_at,
        r1_0.granted_at,
        r1_0.granted_by,
        r1_0.role_id,
        r2_0.id,
        r2_0.created_at,
        r2_0.description,
        r2_0.is_active,
        r2_0.is_system_role,
        r2_0.name,
        r2_0.updated_at,
        r2_0.version,
        r1_0.updated_at,
        r1_0.version 
    from
        user_roles r1_0 
    left join
        roles r2_0 
            on r2_0.id=r1_0.role_id 
    where
        r1_0.user_id=?
2026-07-29 12:41:30.112 [http-nio-8080-exec-3] DEBUG [] c.f.m.auth.service.RedisSessionCache - Session stored in Redis: sessionId=85d0b399-3322-4c6d-8987-a38c44ee2ef9, userId=6ad34bea-fb7d-42d8-bbb8-c28089dab45b, ttl=2592000s
2026-07-29 12:41:30.112 [http-nio-8080-exec-3] INFO  [] c.f.m.auth.service.SessionService - Session created: userId=6ad34bea-fb7d-42d8-bbb8-c28089dab45b, sessionId=85d0b399-3322-4c6d-8987-a38c44ee2ef9, expiresAt=2026-08-28T12:41:30.048087700
2026-07-29 12:41:30.131 [http-nio-8080-exec-3] DEBUG [] org.hibernate.SQL - 
    /* insert for
        com.finflow.modules.auth.domain.RefreshToken */insert 
    into
        refresh_tokens (created_at, created_ip, created_user_agent, expires_at, family_id, is_revoked, last_used_at, last_used_ip, refresh_token_hash, revoked_at, session_id, updated_at, user_id, version, id) 
    values
        (?, ?, ?, ?, ?, ?, ?, ?, ?, ?, ?, ?, ?, ?, ?)
2026-07-29 12:41:30.142 [http-nio-8080-exec-3] DEBUG [] org.hibernate.SQL - 
    /* update
        for com.finflow.modules.auth.domain.User */update users 
    set
        deleted_at=?,
        deleted_by=?,
        email=?,
        email_verified=?,
        failed_login_count=?,
        is_deleted=?,
        last_login_at=?,
        locked_until=?,
        modified_by=?,
        phone_number=?,
        phone_verified=?,
        status=?,
        terms_accepted_at=?,
        updated_at=?,
        username=?,
        version=? 
    where
        id=? 
        and version=?
2026-07-29 12:41:30.187 [http-nio-8080-exec-3] DEBUG [] org.hibernate.SQL - 
    /* update
        for com.finflow.modules.auth.domain.UserCredential */update user_credentials 
    set
        credential_type=?,
        deleted_at=?,
        deleted_by=?,
        expires_at=?,
        hashed_value=?,
        is_active=?,
        is_deleted=?,
        last_used_at=?,
        modified_by=?,
        updated_at=?,
        user_id=?,
        version=? 
    where
        id=? 
        and version=?
2026-07-29 12:41:30.189 [http-nio-8080-exec-3] DEBUG [] org.hibernate.SQL - 
    /* SELECT
        COUNT(rt) 
    FROM
        RefreshToken rt 
    WHERE
        rt.user.id = :userId 
        AND rt.isRevoked = false 
        AND rt.expiresAt > CURRENT_TIMESTAMP */ select
            count(rt1_0.id) 
        from
            refresh_tokens rt1_0 
        where
            rt1_0.user_id=? 
            and rt1_0.is_revoked=0 
            and rt1_0.expires_at>current_timestamp(6)
2026-07-29 12:41:30.194 [http-nio-8080-exec-3] INFO  [] c.f.m.a.service.RefreshTokenService - Refresh token created for user=6ad34bea-fb7d-42d8-bbb8-c28089dab45b, sessionId=85d0b399-3322-4c6d-8987-a38c44ee2ef9, familyId=beebbc18-6f27-4639-a4ee-49cd65830008
2026-07-29 12:41:30.194 [http-nio-8080-exec-3] DEBUG [] o.s.w.s.m.m.a.HttpEntityMethodProcessor - Using 'application/json', given [*/*] and supported [application/json, application/*+json, application/yaml]
2026-07-29 12:41:30.201 [http-nio-8080-exec-3] DEBUG [] o.s.w.s.m.m.a.HttpEntityMethodProcessor - Writing [ApiResponse[success=true, data=RefreshTokenResponse[accessToken=eyJraWQiOiJwcmltYXJ5IiwiYWxnIjoiSFMz (truncated)...]
2026-07-29 12:41:30.206 [http-nio-8080-exec-3] DEBUG [] o.s.web.servlet.DispatcherServlet - Completed 200 OK
2026-07-29 12:41:30.370 [http-nio-8080-exec-4] DEBUG [] o.s.web.servlet.DispatcherServlet - POST "/api/v1/auth/revoke", parameters={}
2026-07-29 12:41:30.370 [http-nio-8080-exec-4] DEBUG [] o.s.w.s.m.m.a.RequestMappingHandlerMapping - Mapped to com.finflow.modules.auth.controller.AuthController#revoke(RevokeTokenRequest, HttpServletRequest)
2026-07-29 12:41:30.374 [http-nio-8080-exec-4] DEBUG [] o.s.w.s.m.m.a.RequestResponseBodyMethodProcessor - Read "application/json;charset=UTF-8" to [RevokeTokenRequest[refreshToken=VUX7KffaERK2bQ60VtpUVSTtE76hfGpVvIYU9UBFlNCnO1c0JA1UgMN-_1J14go1]]
2026-07-29 12:41:30.377 [http-nio-8080-exec-4] INFO  [] c.f.m.auth.controller.AuthController - Token revocation request from ip=0:0:0:0:0:0:0:1
2026-07-29 12:41:30.377 [http-nio-8080-exec-4] DEBUG [] org.hibernate.SQL - 
    /* SELECT
        rt 
    FROM
        RefreshToken rt 
    WHERE
        rt.refreshTokenHash = :tokenHash */ select
            rt1_0.id,
            rt1_0.created_at,
            rt1_0.created_ip,
            rt1_0.created_user_agent,
            rt1_0.expires_at,
            rt1_0.family_id,
            rt1_0.is_revoked,
            rt1_0.last_used_at,
            rt1_0.last_used_ip,
            rt1_0.refresh_token_hash,
            rt1_0.revoked_at,
            rt1_0.session_id,
            rt1_0.updated_at,
            rt1_0.user_id,
            rt1_0.version 
        from
            refresh_tokens rt1_0 
        where
            rt1_0.refresh_token_hash=?
2026-07-29 12:41:30.424 [http-nio-8080-exec-4] DEBUG [] c.f.m.auth.service.RedisSessionCache - Session removed from Redis: sessionId=85d0b399-3322-4c6d-8987-a38c44ee2ef9
2026-07-29 12:41:30.428 [http-nio-8080-exec-4] DEBUG [] c.f.m.auth.service.RedisSessionCache - Token marked as revoked in Redis: hash=3e3fc432...
2026-07-29 12:41:30.428 [http-nio-8080-exec-4] INFO  [] c.f.m.a.s.TokenRevocationService - Token revoked: sessionId=85d0b399-3322-4c6d-8987-a38c44ee2ef9, userId=6ad34bea-fb7d-42d8-bbb8-c28089dab45b, ip=0:0:0:0:0:0:0:1
2026-07-29 12:41:30.432 [http-nio-8080-exec-4] DEBUG [] org.hibernate.SQL - 
    /* update
        for com.finflow.modules.auth.domain.RefreshToken */update refresh_tokens 
    set
        created_ip=?,
        created_user_agent=?,
        expires_at=?,
        family_id=?,
        is_revoked=?,
        last_used_at=?,
        last_used_ip=?,
        refresh_token_hash=?,
        revoked_at=?,
        session_id=?,
        updated_at=?,
        user_id=?,
        version=? 
    where
        id=? 
        and version=?
2026-07-29 12:41:30.441 [http-nio-8080-exec-4] DEBUG [] o.s.w.s.m.m.a.HttpEntityMethodProcessor - Using 'application/json', given [*/*] and supported [application/json, application/*+json, application/yaml]
2026-07-29 12:41:30.441 [http-nio-8080-exec-4] DEBUG [] o.s.w.s.m.m.a.HttpEntityMethodProcessor - Writing [ApiResponse[success=true, data={revoked=true}, meta=Meta[timestamp=2026-07-29T12:41:30.439759900, re (truncated)...]
2026-07-29 12:41:30.442 [http-nio-8080-exec-4] DEBUG [] o.s.web.servlet.DispatcherServlet - Completed 200 OK
2026-07-29 12:43:09.003 [http-nio-8080-exec-5] DEBUG [] o.s.web.servlet.DispatcherServlet - POST "/api/v1/auth/register", parameters={}
2026-07-29 12:43:09.003 [http-nio-8080-exec-5] DEBUG [] o.s.w.s.m.m.a.RequestMappingHandlerMapping - Mapped to com.finflow.modules.auth.controller.AuthController#register(RegisterRequest)
2026-07-29 12:43:09.007 [http-nio-8080-exec-5] DEBUG [] o.s.w.s.m.m.a.RequestResponseBodyMethodProcessor - Read "application/json;charset=UTF-8" to [RegisterRequest[email=admin@gmail.com, phoneNumber=8767315679, username=admin1, password=Admin@9999, (truncated)...]
2026-07-29 12:43:09.009 [http-nio-8080-exec-5] INFO  [] c.f.m.auth.controller.AuthController - Registration request for email=admin@gmail.com
2026-07-29 12:43:09.009 [http-nio-8080-exec-5] DEBUG [] org.hibernate.SQL - 
    /* <criteria> */ select
        u1_0.id 
    from
        users u1_0 
    where
        upper(u1_0.email)=upper(?) 
        and not(u1_0.is_deleted) 
    limit
        ?
2026-07-29 12:43:09.017 [http-nio-8080-exec-5] DEBUG [] org.hibernate.SQL - 
    /* <criteria> */ select
        u1_0.id 
    from
        users u1_0 
    where
        u1_0.phone_number=? 
        and not(u1_0.is_deleted) 
    limit
        ?
2026-07-29 12:43:09.024 [http-nio-8080-exec-5] DEBUG [] org.hibernate.SQL - 
    /* <criteria> */ select
        u1_0.id 
    from
        users u1_0 
    where
        upper(u1_0.username)=upper(?) 
        and not(u1_0.is_deleted) 
    limit
        ?
2026-07-29 12:43:09.029 [http-nio-8080-exec-5] DEBUG [] org.hibernate.SQL - 
    /* <criteria> */ select
        r1_0.id 
    from
        roles r1_0 
    where
        r1_0.name=? 
        and r1_0.is_active 
    limit
        ?
2026-07-29 12:43:09.041 [http-nio-8080-exec-5] DEBUG [] o.s.w.s.m.m.a.ExceptionHandlerExceptionResolver - Using @ExceptionHandler com.finflow.shared.exception.GlobalExceptionHandler#handleFinFlowException(FinFlowException, WebRequest)
2026-07-29 12:43:09.041 [http-nio-8080-exec-5] ERROR [] c.f.s.e.GlobalExceptionHandler - [cfa21ee8-17ae-4457-b6bc-09c6ec576557] ValidationException - Request validation failed (code: VALIDATION_ERROR, status: 400)
2026-07-29 12:43:09.049 [http-nio-8080-exec-5] DEBUG [] o.s.w.s.m.m.a.HttpEntityMethodProcessor - Using 'application/json', given [application/json, text/plain, */*] and supported [application/json, application/*+json, application/yaml]
2026-07-29 12:43:09.059 [http-nio-8080-exec-5] DEBUG [] o.s.w.s.m.m.a.HttpEntityMethodProcessor - Writing [ErrorResponse[success=false, code=VALIDATION_ERROR, message=Request validation failed, target=null,  (truncated)...]
2026-07-29 12:43:09.092 [http-nio-8080-exec-5] DEBUG [] o.s.w.s.m.m.a.ExceptionHandlerExceptionResolver - Resolved [com.finflow.shared.exception.ValidationException: Request validation failed]
2026-07-29 12:43:09.092 [http-nio-8080-exec-5] DEBUG [] o.s.web.servlet.DispatcherServlet - Completed 400 BAD_REQUEST
2026-07-29 12:43:10.328 [http-nio-8080-exec-7] DEBUG [] o.s.web.servlet.DispatcherServlet - POST "/api/v1/auth/register", parameters={}
2026-07-29 12:43:10.328 [http-nio-8080-exec-7] DEBUG [] o.s.w.s.m.m.a.RequestMappingHandlerMapping - Mapped to com.finflow.modules.auth.controller.AuthController#register(RegisterRequest)
2026-07-29 12:43:10.330 [http-nio-8080-exec-7] DEBUG [] o.s.w.s.m.m.a.RequestResponseBodyMethodProcessor - Read "application/json;charset=UTF-8" to [RegisterRequest[email=admin@gmail.com, phoneNumber=8767315679, username=admin1, password=Admin@9999, (truncated)...]
2026-07-29 12:43:10.331 [http-nio-8080-exec-7] INFO  [] c.f.m.auth.controller.AuthController - Registration request for email=admin@gmail.com
2026-07-29 12:43:10.331 [http-nio-8080-exec-7] DEBUG [] org.hibernate.SQL - 
    /* <criteria> */ select
        u1_0.id 
    from
        users u1_0 
    where
        upper(u1_0.email)=upper(?) 
        and not(u1_0.is_deleted) 
    limit
        ?
2026-07-29 12:43:10.340 [http-nio-8080-exec-7] DEBUG [] org.hibernate.SQL - 
    /* <criteria> */ select
        u1_0.id 
    from
        users u1_0 
    where
        u1_0.phone_number=? 
        and not(u1_0.is_deleted) 
    limit
        ?
2026-07-29 12:43:10.371 [http-nio-8080-exec-7] DEBUG [] org.hibernate.SQL - 
    /* <criteria> */ select
        u1_0.id 
    from
        users u1_0 
    where
        upper(u1_0.username)=upper(?) 
        and not(u1_0.is_deleted) 
    limit
        ?
2026-07-29 12:43:10.379 [http-nio-8080-exec-7] DEBUG [] org.hibernate.SQL - 
    /* <criteria> */ select
        r1_0.id 
    from
        roles r1_0 
    where
        r1_0.name=? 
        and r1_0.is_active 
    limit
        ?
2026-07-29 12:43:10.380 [http-nio-8080-exec-7] DEBUG [] o.s.w.s.m.m.a.ExceptionHandlerExceptionResolver - Using @ExceptionHandler com.finflow.shared.exception.GlobalExceptionHandler#handleFinFlowException(FinFlowException, WebRequest)
2026-07-29 12:43:10.380 [http-nio-8080-exec-7] ERROR [] c.f.s.e.GlobalExceptionHandler - [e4b23e2b-68f2-4f08-82db-c5117acfc477] ValidationException - Request validation failed (code: VALIDATION_ERROR, status: 400)
2026-07-29 12:43:10.380 [http-nio-8080-exec-7] DEBUG [] o.s.w.s.m.m.a.HttpEntityMethodProcessor - Using 'application/json', given [application/json, text/plain, */*] and supported [application/json, application/*+json, application/yaml]
2026-07-29 12:43:10.380 [http-nio-8080-exec-7] DEBUG [] o.s.w.s.m.m.a.HttpEntityMethodProcessor - Writing [ErrorResponse[success=false, code=VALIDATION_ERROR, message=Request validation failed, target=null,  (truncated)...]
2026-07-29 12:43:10.380 [http-nio-8080-exec-7] DEBUG [] o.s.w.s.m.m.a.ExceptionHandlerExceptionResolver - Resolved [com.finflow.shared.exception.ValidationException: Request validation failed]
2026-07-29 12:43:10.388 [http-nio-8080-exec-7] DEBUG [] o.s.web.servlet.DispatcherServlet - Completed 400 BAD_REQUEST
2026-07-29 12:43:12.555 [http-nio-8080-exec-9] DEBUG [] o.s.web.servlet.DispatcherServlet - POST "/api/v1/auth/register", parameters={}
2026-07-29 12:43:12.557 [http-nio-8080-exec-9] DEBUG [] o.s.w.s.m.m.a.RequestMappingHandlerMapping - Mapped to com.finflow.modules.auth.controller.AuthController#register(RegisterRequest)
2026-07-29 12:43:12.559 [http-nio-8080-exec-9] DEBUG [] o.s.w.s.m.m.a.RequestResponseBodyMethodProcessor - Read "application/json;charset=UTF-8" to [RegisterRequest[email=admin@gmail.com, phoneNumber=8767315679, username=admin1, password=Admin@9999, (truncated)...]
2026-07-29 12:43:12.560 [http-nio-8080-exec-9] INFO  [] c.f.m.auth.controller.AuthController - Registration request for email=admin@gmail.com
2026-07-29 12:43:12.564 [http-nio-8080-exec-9] DEBUG [] org.hibernate.SQL - 
    /* <criteria> */ select
        u1_0.id 
    from
        users u1_0 
    where
        upper(u1_0.email)=upper(?) 
        and not(u1_0.is_deleted) 
    limit
        ?
2026-07-29 12:43:12.567 [http-nio-8080-exec-9] DEBUG [] org.hibernate.SQL - 
    /* <criteria> */ select
        u1_0.id 
    from
        users u1_0 
    where
        u1_0.phone_number=? 
        and not(u1_0.is_deleted) 
    limit
        ?
2026-07-29 12:43:12.573 [http-nio-8080-exec-9] DEBUG [] org.hibernate.SQL - 
    /* <criteria> */ select
        u1_0.id 
    from
        users u1_0 
    where
        upper(u1_0.username)=upper(?) 
        and not(u1_0.is_deleted) 
    limit
        ?
2026-07-29 12:43:12.576 [http-nio-8080-exec-9] DEBUG [] org.hibernate.SQL - 
    /* <criteria> */ select
        r1_0.id 
    from
        roles r1_0 
    where
        r1_0.name=? 
        and r1_0.is_active 
    limit
        ?
2026-07-29 12:43:12.583 [http-nio-8080-exec-9] DEBUG [] o.s.w.s.m.m.a.ExceptionHandlerExceptionResolver - Using @ExceptionHandler com.finflow.shared.exception.GlobalExceptionHandler#handleFinFlowException(FinFlowException, WebRequest)
2026-07-29 12:43:12.583 [http-nio-8080-exec-9] ERROR [] c.f.s.e.GlobalExceptionHandler - [f79862a9-fe8a-40e7-86c9-8970deb3c548] ValidationException - Request validation failed (code: VALIDATION_ERROR, status: 400)
2026-07-29 12:43:12.583 [http-nio-8080-exec-9] DEBUG [] o.s.w.s.m.m.a.HttpEntityMethodProcessor - Using 'application/json', given [application/json, text/plain, */*] and supported [application/json, application/*+json, application/yaml]
2026-07-29 12:43:12.583 [http-nio-8080-exec-9] DEBUG [] o.s.w.s.m.m.a.HttpEntityMethodProcessor - Writing [ErrorResponse[success=false, code=VALIDATION_ERROR, message=Request validation failed, target=null,  (truncated)...]
2026-07-29 12:43:12.583 [http-nio-8080-exec-9] DEBUG [] o.s.w.s.m.m.a.ExceptionHandlerExceptionResolver - Resolved [com.finflow.shared.exception.ValidationException: Request validation failed]
2026-07-29 12:43:12.583 [http-nio-8080-exec-9] DEBUG [] o.s.web.servlet.DispatcherServlet - Completed 400 BAD_REQUEST
2026-07-29 13:09:00.293 [main] INFO  [] com.finflow.FinFlowApplication - Starting FinFlowApplication using Java 21.0.11 with PID 28972 (C:\Users\Lenovo\OneDrive\Desktop\FinFlow\backend\target\classes started by Lenovo in C:\Users\Lenovo\OneDrive\Desktop\FinFlow\backend)
2026-07-29 13:09:00.297 [main] DEBUG [] com.finflow.FinFlowApplication - Running with Spring Boot v3.4.1, Spring v6.2.1
2026-07-29 13:09:00.298 [main] INFO  [] com.finflow.FinFlowApplication - The following 1 profile is active: "dev"
2026-07-29 13:09:02.929 [main] INFO  [] o.s.d.r.c.RepositoryConfigurationDelegate - Multiple Spring Data modules found, entering strict repository configuration mode
2026-07-29 13:09:02.931 [main] INFO  [] o.s.d.r.c.RepositoryConfigurationDelegate - Bootstrapping Spring Data JPA repositories in DEFAULT mode.
2026-07-29 13:09:03.649 [main] INFO  [] o.s.d.r.c.RepositoryConfigurationDelegate - Finished Spring Data repository scanning in 696 ms. Found 22 JPA repository interfaces.
2026-07-29 13:09:03.672 [main] INFO  [] o.s.d.r.c.RepositoryConfigurationDelegate - Multiple Spring Data modules found, entering strict repository configuration mode
2026-07-29 13:09:03.674 [main] INFO  [] o.s.d.r.c.RepositoryConfigurationDelegate - Bootstrapping Spring Data Redis repositories in DEFAULT mode.
2026-07-29 13:09:03.739 [main] INFO  [] o.s.d.r.c.RepositoryConfigurationExtensionSupport - Spring Data Redis - Could not safely identify store assignment for repository candidate interface com.finflow.modules.accounts.repository.AccountHolderRepository; If you want this repository to be a Redis repository, consider annotating your entities with one of these annotations: org.springframework.data.redis.core.RedisHash (preferred), or consider extending one of the following types with your repository: org.springframework.data.keyvalue.repository.KeyValueRepository
2026-07-29 13:09:03.740 [main] INFO  [] o.s.d.r.c.RepositoryConfigurationExtensionSupport - Spring Data Redis - Could not safely identify store assignment for repository candidate interface com.finflow.modules.accounts.repository.AccountRepository; If you want this repository to be a Redis repository, consider annotating your entities with one of these annotations: org.springframework.data.redis.core.RedisHash (preferred), or consider extending one of the following types with your repository: org.springframework.data.keyvalue.repository.KeyValueRepository
2026-07-29 13:09:03.740 [main] INFO  [] o.s.d.r.c.RepositoryConfigurationExtensionSupport - Spring Data Redis - Could not safely identify store assignment for repository candidate interface com.finflow.modules.accounts.repository.AccountStatusHistoryRepository; If you want this repository to be a Redis repository, consider annotating your entities with one of these annotations: org.springframework.data.redis.core.RedisHash (preferred), or consider extending one of the following types with your repository: org.springframework.data.keyvalue.repository.KeyValueRepository
2026-07-29 13:09:03.741 [main] INFO  [] o.s.d.r.c.RepositoryConfigurationExtensionSupport - Spring Data Redis - Could not safely identify store assignment for repository candidate interface com.finflow.modules.accounts.repository.HoldRepository; If you want this repository to be a Redis repository, consider annotating your entities with one of these annotations: org.springframework.data.redis.core.RedisHash (preferred), or consider extending one of the following types with your repository: org.springframework.data.keyvalue.repository.KeyValueRepository
2026-07-29 13:09:03.741 [main] INFO  [] o.s.d.r.c.RepositoryConfigurationExtensionSupport - Spring Data Redis - Could not safely identify store assignment for repository candidate interface com.finflow.modules.admin.repository.AdminAuditLogRepository; If you want this repository to be a Redis repository, consider annotating your entities with one of these annotations: org.springframework.data.redis.core.RedisHash (preferred), or consider extending one of the following types with your repository: org.springframework.data.keyvalue.repository.KeyValueRepository
2026-07-29 13:09:03.741 [main] INFO  [] o.s.d.r.c.RepositoryConfigurationExtensionSupport - Spring Data Redis - Could not safely identify store assignment for repository candidate interface com.finflow.modules.auth.repository.LoginHistoryRepository; If you want this repository to be a Redis repository, consider annotating your entities with one of these annotations: org.springframework.data.redis.core.RedisHash (preferred), or consider extending one of the following types with your repository: org.springframework.data.keyvalue.repository.KeyValueRepository
2026-07-29 13:09:03.741 [main] INFO  [] o.s.d.r.c.RepositoryConfigurationExtensionSupport - Spring Data Redis - Could not safely identify store assignment for repository candidate interface com.finflow.modules.auth.repository.RefreshTokenRepository; If you want this repository to be a Redis repository, consider annotating your entities with one of these annotations: org.springframework.data.redis.core.RedisHash (preferred), or consider extending one of the following types with your repository: org.springframework.data.keyvalue.repository.KeyValueRepository
2026-07-29 13:09:03.741 [main] INFO  [] o.s.d.r.c.RepositoryConfigurationExtensionSupport - Spring Data Redis - Could not safely identify store assignment for repository candidate interface com.finflow.modules.auth.repository.RoleRepository; If you want this repository to be a Redis repository, consider annotating your entities with one of these annotations: org.springframework.data.redis.core.RedisHash (preferred), or consider extending one of the following types with your repository: org.springframework.data.keyvalue.repository.KeyValueRepository
2026-07-29 13:09:03.742 [main] INFO  [] o.s.d.r.c.RepositoryConfigurationExtensionSupport - Spring Data Redis - Could not safely identify store assignment for repository candidate interface com.finflow.modules.auth.repository.UserCredentialRepository; If you want this repository to be a Redis repository, consider annotating your entities with one of these annotations: org.springframework.data.redis.core.RedisHash (preferred), or consider extending one of the following types with your repository: org.springframework.data.keyvalue.repository.KeyValueRepository
2026-07-29 13:09:03.742 [main] INFO  [] o.s.d.r.c.RepositoryConfigurationExtensionSupport - Spring Data Redis - Could not safely identify store assignment for repository candidate interface com.finflow.modules.auth.repository.UserRepository; If you want this repository to be a Redis repository, consider annotating your entities with one of these annotations: org.springframework.data.redis.core.RedisHash (preferred), or consider extending one of the following types with your repository: org.springframework.data.keyvalue.repository.KeyValueRepository
2026-07-29 13:09:03.742 [main] INFO  [] o.s.d.r.c.RepositoryConfigurationExtensionSupport - Spring Data Redis - Could not safely identify store assignment for repository candidate interface com.finflow.modules.auth.repository.UserRoleRepository; If you want this repository to be a Redis repository, consider annotating your entities with one of these annotations: org.springframework.data.redis.core.RedisHash (preferred), or consider extending one of the following types with your repository: org.springframework.data.keyvalue.repository.KeyValueRepository
2026-07-29 13:09:03.742 [main] INFO  [] o.s.d.r.c.RepositoryConfigurationExtensionSupport - Spring Data Redis - Could not safely identify store assignment for repository candidate interface com.finflow.modules.beneficiaries.repository.BeneficiaryRepository; If you want this repository to be a Redis repository, consider annotating your entities with one of these annotations: org.springframework.data.redis.core.RedisHash (preferred), or consider extending one of the following types with your repository: org.springframework.data.keyvalue.repository.KeyValueRepository
2026-07-29 13:09:03.742 [main] INFO  [] o.s.d.r.c.RepositoryConfigurationExtensionSupport - Spring Data Redis - Could not safely identify store assignment for repository candidate interface com.finflow.modules.cards.repository.CardRepository; If you want this repository to be a Redis repository, consider annotating your entities with one of these annotations: org.springframework.data.redis.core.RedisHash (preferred), or consider extending one of the following types with your repository: org.springframework.data.keyvalue.repository.KeyValueRepository
2026-07-29 13:09:03.743 [main] INFO  [] o.s.d.r.c.RepositoryConfigurationExtensionSupport - Spring Data Redis - Could not safely identify store assignment for repository candidate interface com.finflow.modules.cards.repository.CardTransactionRepository; If you want this repository to be a Redis repository, consider annotating your entities with one of these annotations: org.springframework.data.redis.core.RedisHash (preferred), or consider extending one of the following types with your repository: org.springframework.data.keyvalue.repository.KeyValueRepository
2026-07-29 13:09:03.743 [main] INFO  [] o.s.d.r.c.RepositoryConfigurationExtensionSupport - Spring Data Redis - Could not safely identify store assignment for repository candidate interface com.finflow.modules.notifications.repository.NotificationRepository; If you want this repository to be a Redis repository, consider annotating your entities with one of these annotations: org.springframework.data.redis.core.RedisHash (preferred), or consider extending one of the following types with your repository: org.springframework.data.keyvalue.repository.KeyValueRepository
2026-07-29 13:09:03.743 [main] INFO  [] o.s.d.r.c.RepositoryConfigurationExtensionSupport - Spring Data Redis - Could not safely identify store assignment for repository candidate interface com.finflow.modules.profiles.repository.UserProfileRepository; If you want this repository to be a Redis repository, consider annotating your entities with one of these annotations: org.springframework.data.redis.core.RedisHash (preferred), or consider extending one of the following types with your repository: org.springframework.data.keyvalue.repository.KeyValueRepository
2026-07-29 13:09:03.743 [main] INFO  [] o.s.d.r.c.RepositoryConfigurationExtensionSupport - Spring Data Redis - Could not safely identify store assignment for repository candidate interface com.finflow.modules.savings.repository.SavingsGoalRepository; If you want this repository to be a Redis repository, consider annotating your entities with one of these annotations: org.springframework.data.redis.core.RedisHash (preferred), or consider extending one of the following types with your repository: org.springframework.data.keyvalue.repository.KeyValueRepository
2026-07-29 13:09:03.743 [main] INFO  [] o.s.d.r.c.RepositoryConfigurationExtensionSupport - Spring Data Redis - Could not safely identify store assignment for repository candidate interface com.finflow.modules.settings.repository.UserSettingRepository; If you want this repository to be a Redis repository, consider annotating your entities with one of these annotations: org.springframework.data.redis.core.RedisHash (preferred), or consider extending one of the following types with your repository: org.springframework.data.keyvalue.repository.KeyValueRepository
2026-07-29 13:09:03.745 [main] INFO  [] o.s.d.r.c.RepositoryConfigurationExtensionSupport - Spring Data Redis - Could not safely identify store assignment for repository candidate interface com.finflow.modules.transactions.repository.TransactionEntryRepository; If you want this repository to be a Redis repository, consider annotating your entities with one of these annotations: org.springframework.data.redis.core.RedisHash (preferred), or consider extending one of the following types with your repository: org.springframework.data.keyvalue.repository.KeyValueRepository
2026-07-29 13:09:03.745 [main] INFO  [] o.s.d.r.c.RepositoryConfigurationExtensionSupport - Spring Data Redis - Could not safely identify store assignment for repository candidate interface com.finflow.modules.transactions.repository.TransactionRepository; If you want this repository to be a Redis repository, consider annotating your entities with one of these annotations: org.springframework.data.redis.core.RedisHash (preferred), or consider extending one of the following types with your repository: org.springframework.data.keyvalue.repository.KeyValueRepository
2026-07-29 13:09:03.745 [main] INFO  [] o.s.d.r.c.RepositoryConfigurationExtensionSupport - Spring Data Redis - Could not safely identify store assignment for repository candidate interface com.finflow.modules.transfers.repository.ScheduledTransferRepository; If you want this repository to be a Redis repository, consider annotating your entities with one of these annotations: org.springframework.data.redis.core.RedisHash (preferred), or consider extending one of the following types with your repository: org.springframework.data.keyvalue.repository.KeyValueRepository
2026-07-29 13:09:03.745 [main] INFO  [] o.s.d.r.c.RepositoryConfigurationExtensionSupport - Spring Data Redis - Could not safely identify store assignment for repository candidate interface com.finflow.modules.transfers.repository.TransferTemplateRepository; If you want this repository to be a Redis repository, consider annotating your entities with one of these annotations: org.springframework.data.redis.core.RedisHash (preferred), or consider extending one of the following types with your repository: org.springframework.data.keyvalue.repository.KeyValueRepository
2026-07-29 13:09:03.745 [main] INFO  [] o.s.d.r.c.RepositoryConfigurationDelegate - Finished Spring Data repository scanning in 55 ms. Found 0 Redis repository interfaces.
2026-07-29 13:09:05.683 [main] INFO  [] o.s.b.w.e.tomcat.TomcatWebServer - Tomcat initialized with port 8080 (http)
2026-07-29 13:09:05.706 [main] INFO  [] o.a.catalina.core.StandardService - Starting service [Tomcat]
2026-07-29 13:09:05.707 [main] INFO  [] o.a.catalina.core.StandardEngine - Starting Servlet engine: [Apache Tomcat/10.1.34]
2026-07-29 13:09:05.878 [main] INFO  [] o.a.c.c.C.[Tomcat].[localhost].[/] - Initializing Spring embedded WebApplicationContext
2026-07-29 13:09:05.878 [main] INFO  [] o.s.b.w.s.c.ServletWebServerApplicationContext - Root WebApplicationContext: initialization completed in 5499 ms
2026-07-29 13:09:06.371 [main] WARN  [] c.f.s.config.JwtSigningKeyProvider - JWT signing key 'primary' is below minimum 512 bits (57 bytes). This may cause security issues.
2026-07-29 13:09:06.381 [main] INFO  [] c.f.s.config.JwtSigningKeyProvider - JWT signing keys loaded. Active key: 'primary', total keys: 1
2026-07-29 13:09:06.571 [main] DEBUG [] c.f.s.config.JwtAuthenticationFilter - Filter 'jwtAuthenticationFilter' configured for use
2026-07-29 13:09:06.573 [main] DEBUG [] o.s.w.f.ServerHttpObservationFilter - Filter 'webMvcObservationFilter' configured for use
2026-07-29 13:09:06.574 [main] DEBUG [] o.s.web.filter.CorsFilter - Filter 'corsFilter' configured for use
2026-07-29 13:09:07.031 [main] INFO  [] com.zaxxer.hikari.HikariDataSource - finflow-dev-pool - Starting...
2026-07-29 13:09:07.447 [main] INFO  [] com.zaxxer.hikari.pool.HikariPool - finflow-dev-pool - Added connection com.mysql.cj.jdbc.ConnectionImpl@7a74672
2026-07-29 13:09:07.450 [main] INFO  [] com.zaxxer.hikari.HikariDataSource - finflow-dev-pool - Start completed.
2026-07-29 13:09:07.521 [main] INFO  [] org.flywaydb.core.FlywayExecutor - Database: jdbc:mysql://localhost:3306/finflow_auth?createDatabaseIfNotExist=true&useSSL=false&allowPublicKeyRetrieval=true&serverTimezone=UTC (MySQL 9.7)
2026-07-29 13:09:07.538 [main] WARN  [] o.f.c.i.database.base.Database - Flyway upgrade recommended: MySQL 9.7 is newer than this version of Flyway and support has not been tested. The latest supported version of MySQL is 8.1.
2026-07-29 13:09:07.607 [main] INFO  [] o.f.c.i.s.JdbcTableSchemaHistory - Schema history table `finflow_auth`.`flyway_schema_history` does not exist yet
2026-07-29 13:09:07.613 [main] INFO  [] o.f.core.internal.command.DbValidate - Successfully validated 13 migrations (execution time 00:00.055s)
2026-07-29 13:09:07.622 [main] INFO  [] o.f.c.internal.database.base.Schema - Creating schema `finflow_accounts` ...
2026-07-29 13:09:07.629 [main] INFO  [] o.f.c.internal.database.base.Schema - Creating schema `finflow_transactions` ...
2026-07-29 13:09:07.637 [main] INFO  [] o.f.c.internal.database.base.Schema - Creating schema `finflow_transfers` ...
2026-07-29 13:09:07.643 [main] INFO  [] o.f.c.internal.database.base.Schema - Creating schema `finflow_savings` ...
2026-07-29 13:09:07.652 [main] INFO  [] o.f.c.internal.database.base.Schema - Creating schema `finflow_notifications` ...
2026-07-29 13:09:07.661 [main] INFO  [] o.f.c.internal.database.base.Schema - Creating schema `finflow_profiles` ...
2026-07-29 13:09:07.668 [main] INFO  [] o.f.c.internal.database.base.Schema - Creating schema `finflow_admin` ...
2026-07-29 13:09:07.677 [main] INFO  [] o.f.c.internal.database.base.Schema - Creating schema `finflow_settings` ...
2026-07-29 13:09:07.688 [main] INFO  [] o.f.c.i.s.JdbcTableSchemaHistory - Creating Schema History table `finflow_auth`.`flyway_schema_history` ...
2026-07-29 13:09:07.797 [main] INFO  [] o.f.core.internal.command.DbMigrate - Current version of schema `finflow_auth`: null
2026-07-29 13:09:07.821 [main] INFO  [] o.f.core.internal.command.DbMigrate - Migrating schema `finflow_auth` to version "1.0 - create auth tables"
2026-07-29 13:09:08.152 [main] INFO  [] o.f.core.internal.command.DbMigrate - Migrating schema `finflow_auth` to version "3.0 - create login history and audit log"
2026-07-29 13:09:08.366 [main] INFO  [] o.f.core.internal.command.DbMigrate - Migrating schema `finflow_auth` to version "4.0 - create refresh tokens table"
2026-07-29 13:09:08.445 [main] INFO  [] o.f.core.internal.command.DbMigrate - Migrating schema `finflow_auth` to version "5.0 - create account tables"
2026-07-29 13:09:08.749 [main] INFO  [] o.f.core.internal.command.DbMigrate - Migrating schema `finflow_auth` to version "6.0 - create transaction tables"
2026-07-29 13:09:08.850 [main] INFO  [] o.f.core.internal.command.DbMigrate - Migrating schema `finflow_auth` to version "7.0 - create beneficiary tables"
2026-07-29 13:09:08.907 [main] INFO  [] o.f.core.internal.command.DbMigrate - Migrating schema `finflow_auth` to version "8.0 - create transfer tables"
2026-07-29 13:09:09.007 [main] INFO  [] o.f.core.internal.command.DbMigrate - Migrating schema `finflow_auth` to version "9.0 - create card tables"
2026-07-29 13:09:09.089 [main] INFO  [] o.f.core.internal.command.DbMigrate - Migrating schema `finflow_auth` to version "10.0 - create savings tables"
2026-07-29 13:09:09.142 [main] INFO  [] o.f.core.internal.command.DbMigrate - Migrating schema `finflow_auth` to version "11.0 - create notification tables"
2026-07-29 13:09:09.190 [main] INFO  [] o.f.core.internal.command.DbMigrate - Migrating schema `finflow_auth` to version "12.0 - create profile tables"
2026-07-29 13:09:09.234 [main] INFO  [] o.f.core.internal.command.DbMigrate - Migrating schema `finflow_auth` to version "13.0 - create settings tables"
2026-07-29 13:09:09.281 [main] INFO  [] o.f.core.internal.command.DbMigrate - Migrating schema `finflow_auth` to version "14.0 - create admin tables"
2026-07-29 13:09:09.341 [main] INFO  [] o.f.core.internal.command.DbMigrate - Successfully applied 13 migrations to schema `finflow_auth`, now at version v14.0 (execution time 00:01.201s)
2026-07-29 13:09:09.642 [main] INFO  [] o.h.jpa.internal.util.LogHelper - HHH000204: Processing PersistenceUnitInfo [name: default]
2026-07-29 13:09:09.769 [main] INFO  [] org.hibernate.Version - HHH000412: Hibernate ORM core version 6.6.4.Final
2026-07-29 13:09:09.832 [main] INFO  [] o.h.c.i.RegionFactoryInitiator - HHH000026: Second-level cache disabled
2026-07-29 13:09:10.402 [main] INFO  [] o.s.o.j.p.SpringPersistenceUnitInfo - No LoadTimeWeaver setup: ignoring JPA class transformer
2026-07-29 13:09:10.514 [main] WARN  [] org.hibernate.orm.deprecation - HHH90000025: MySQLDialect does not need to be specified explicitly using 'hibernate.dialect' (remove the property setting and it will be selected by default)
2026-07-29 13:09:10.540 [main] INFO  [] o.hibernate.orm.connections.pooling - HHH10001005: Database info:
	Database JDBC URL [Connecting through datasource 'HikariDataSource (finflow-dev-pool)']
	Database driver: undefined/unknown
	Database version: 9.7.1
	Autocommit mode: undefined/unknown
	Isolation level: undefined/unknown
	Minimum pool size: undefined/unknown
	Maximum pool size: undefined/unknown
2026-07-29 13:09:13.087 [main] INFO  [] o.h.e.t.j.p.i.JtaPlatformInitiator - HHH000489: No JTA platform available (set 'hibernate.transaction.jta.platform' to enable JTA platform integration)
2026-07-29 13:09:13.093 [main] INFO  [] o.s.o.j.LocalContainerEntityManagerFactoryBean - Initialized JPA EntityManagerFactory for persistence unit 'default'
2026-07-29 13:09:13.808 [main] INFO  [] o.s.d.j.r.query.QueryEnhancerFactory - Hibernate is in classpath; If applicable, HQL parser will be used.
2026-07-29 13:09:17.229 [main] INFO  [] org.redisson.Version - Redisson 3.37.0
2026-07-29 13:09:17.823 [redisson-netty-1-5] INFO  [] o.r.connection.ConnectionsHolder - 1 connections initialized for localhost/127.0.0.1:6379
2026-07-29 13:09:17.952 [redisson-netty-1-20] INFO  [] o.r.connection.ConnectionsHolder - 24 connections initialized for localhost/127.0.0.1:6379
2026-07-29 13:09:20.707 [main] WARN  [] o.s.b.a.o.j.JpaBaseConfiguration$JpaWebConfiguration - spring.jpa.open-in-view is enabled by default. Therefore, database queries may be performed during view rendering. Explicitly configure spring.jpa.open-in-view to disable this warning
2026-07-29 13:09:20.857 [main] WARN  [] o.s.b.a.s.s.UserDetailsServiceAutoConfiguration - 

Using generated security password: 03027099-3f29-4755-94a2-d99ea28a19e8

This generated password is for development use only. Your security configuration must be updated before running your application in production.

2026-07-29 13:09:21.379 [main] DEBUG [] o.s.w.s.m.m.a.RequestMappingHandlerMapping - 75 mappings in 'requestMappingHandlerMapping'
2026-07-29 13:09:21.604 [main] DEBUG [] o.s.w.s.h.SimpleUrlHandlerMapping - Patterns [/webjars/**, /**, /swagger-ui*/*swagger-initializer.js, /swagger-ui*/**] in 'resourceHandlerMapping'
2026-07-29 13:09:22.194 [main] INFO  [] o.s.b.a.e.web.EndpointLinksResolver - Exposing 5 endpoints beneath base path '/actuator'
2026-07-29 13:09:23.015 [main] DEBUG [] o.s.w.s.m.m.a.RequestMappingHandlerAdapter - ControllerAdvice beans: 0 @ModelAttribute, 0 @InitBinder, 1 RequestBodyAdvice, 1 ResponseBodyAdvice
2026-07-29 13:09:23.205 [main] DEBUG [] o.s.w.s.m.m.a.ExceptionHandlerExceptionResolver - ControllerAdvice beans: 2 @ExceptionHandler, 1 ResponseBodyAdvice
2026-07-29 13:09:25.864 [main] INFO  [] org.quartz.impl.StdSchedulerFactory - Using default implementation for ThreadExecutor
2026-07-29 13:09:25.887 [main] INFO  [] o.quartz.core.SchedulerSignalerImpl - Initialized Scheduler Signaller of type: class org.quartz.core.SchedulerSignalerImpl
2026-07-29 13:09:25.888 [main] INFO  [] org.quartz.core.QuartzScheduler - Quartz Scheduler v.2.3.2 created.
2026-07-29 13:09:25.889 [main] INFO  [] org.quartz.simpl.RAMJobStore - RAMJobStore initialized.
2026-07-29 13:09:25.889 [main] INFO  [] org.quartz.core.QuartzScheduler - Scheduler meta-data: Quartz Scheduler (v2.3.2) 'quartzScheduler' with instanceId 'NON_CLUSTERED'
  Scheduler class: 'org.quartz.core.QuartzScheduler' - running locally.
  NOT STARTED.
  Currently in standby mode.
  Number of jobs executed: 0
  Using thread pool 'org.quartz.simpl.SimpleThreadPool' - with 10 threads.
  Using job-store 'org.quartz.simpl.RAMJobStore' - which does not support persistence. and is not clustered.

2026-07-29 13:09:25.890 [main] INFO  [] org.quartz.impl.StdSchedulerFactory - Quartz scheduler 'quartzScheduler' initialized from an externally provided properties instance.
2026-07-29 13:09:25.890 [main] INFO  [] org.quartz.impl.StdSchedulerFactory - Quartz scheduler version: 2.3.2
2026-07-29 13:09:25.890 [main] INFO  [] org.quartz.core.QuartzScheduler - JobFactory set to: org.springframework.scheduling.quartz.SpringBeanJobFactory@513777ed
2026-07-29 13:09:26.327 [main] INFO  [] o.s.b.w.e.tomcat.TomcatWebServer - Tomcat started on port 8080 (http) with context path '/'
2026-07-29 13:09:26.329 [main] INFO  [] o.s.s.quartz.SchedulerFactoryBean - Starting Quartz Scheduler now
2026-07-29 13:09:26.329 [main] INFO  [] org.quartz.core.QuartzScheduler - Scheduler quartzScheduler_$_NON_CLUSTERED started.
2026-07-29 13:09:26.352 [main] INFO  [] com.finflow.FinFlowApplication - Started FinFlowApplication in 27.388 seconds (process running for 28.152)
2026-07-29 13:11:13.466 [http-nio-8080-exec-1] INFO  [] o.a.c.c.C.[Tomcat].[localhost].[/] - Initializing Spring DispatcherServlet 'dispatcherServlet'
2026-07-29 13:11:13.466 [http-nio-8080-exec-1] INFO  [] o.s.web.servlet.DispatcherServlet - Initializing Servlet 'dispatcherServlet'
2026-07-29 13:11:13.466 [http-nio-8080-exec-1] DEBUG [] o.s.web.servlet.DispatcherServlet - Detected StandardServletMultipartResolver
2026-07-29 13:11:13.466 [http-nio-8080-exec-1] DEBUG [] o.s.web.servlet.DispatcherServlet - Detected AcceptHeaderLocaleResolver
2026-07-29 13:11:13.466 [http-nio-8080-exec-1] DEBUG [] o.s.web.servlet.DispatcherServlet - Detected FixedThemeResolver
2026-07-29 13:11:13.469 [http-nio-8080-exec-1] DEBUG [] o.s.web.servlet.DispatcherServlet - Detected org.springframework.web.servlet.view.DefaultRequestToViewNameTranslator@61ac4f69
2026-07-29 13:11:13.469 [http-nio-8080-exec-1] DEBUG [] o.s.web.servlet.DispatcherServlet - Detected org.springframework.web.servlet.support.SessionFlashMapManager@49d0e934
2026-07-29 13:11:13.469 [http-nio-8080-exec-1] DEBUG [] o.s.web.servlet.DispatcherServlet - enableLoggingRequestDetails='false': request parameters and headers will be masked to prevent unsafe logging of potentially sensitive data
2026-07-29 13:11:13.470 [http-nio-8080-exec-1] INFO  [] o.s.web.servlet.DispatcherServlet - Completed initialization in 4 ms
2026-07-29 13:11:13.530 [http-nio-8080-exec-1] DEBUG [] o.s.web.servlet.DispatcherServlet - POST "/api/v1/auth/register", parameters={}
2026-07-29 13:11:13.532 [http-nio-8080-exec-1] DEBUG [] o.s.w.s.m.m.a.RequestMappingHandlerMapping - Mapped to com.finflow.modules.auth.controller.AuthController#register(RegisterRequest)
2026-07-29 13:11:13.598 [http-nio-8080-exec-1] DEBUG [] o.s.w.s.m.m.a.RequestResponseBodyMethodProcessor - Read "application/json;charset=UTF-8" to [RegisterRequest[email=acctest@example.com, phoneNumber=+2348017000000, username=acctest, password=St (truncated)...]
2026-07-29 13:11:13.694 [http-nio-8080-exec-1] INFO  [] c.f.m.auth.controller.AuthController - Registration request for email=acctest@example.com
2026-07-29 13:11:13.809 [http-nio-8080-exec-1] DEBUG [] org.hibernate.SQL - 
    /* <criteria> */ select
        u1_0.id 
    from
        finflow_auth.users u1_0 
    where
        upper(u1_0.email)=upper(?) 
        and not(u1_0.is_deleted) 
    limit
        ?
2026-07-29 13:11:13.842 [http-nio-8080-exec-1] DEBUG [] org.hibernate.SQL - 
    /* <criteria> */ select
        u1_0.id 
    from
        finflow_auth.users u1_0 
    where
        u1_0.phone_number=? 
        and not(u1_0.is_deleted) 
    limit
        ?
2026-07-29 13:11:13.847 [http-nio-8080-exec-1] DEBUG [] org.hibernate.SQL - 
    /* <criteria> */ select
        u1_0.id 
    from
        finflow_auth.users u1_0 
    where
        upper(u1_0.username)=upper(?) 
        and not(u1_0.is_deleted) 
    limit
        ?
2026-07-29 13:11:13.851 [http-nio-8080-exec-1] DEBUG [] org.hibernate.SQL - 
    /* <criteria> */ select
        r1_0.id 
    from
        finflow_auth.roles r1_0 
    where
        r1_0.name=? 
        and r1_0.is_active 
    limit
        ?
2026-07-29 13:11:13.936 [http-nio-8080-exec-1] INFO  [] c.f.m.a.service.RegistrationService - User created: id=b837df2d-1c48-427d-8fe4-653fe2cb6aba, email=acctest@example.com
2026-07-29 13:11:14.209 [http-nio-8080-exec-1] INFO  [] c.f.m.a.service.RegistrationService - Password credential stored for user: b837df2d-1c48-427d-8fe4-653fe2cb6aba
2026-07-29 13:11:14.227 [http-nio-8080-exec-1] DEBUG [] org.hibernate.SQL - 
    /* <criteria> */ select
        r1_0.id,
        r1_0.created_at,
        r1_0.description,
        r1_0.is_active,
        r1_0.is_system_role,
        r1_0.name,
        r1_0.updated_at,
        r1_0.version 
    from
        finflow_auth.roles r1_0 
    where
        r1_0.name=? 
        and r1_0.is_active
2026-07-29 13:11:14.249 [http-nio-8080-exec-1] INFO  [] c.f.m.a.service.RegistrationService - CUSTOMER role assigned to user: b837df2d-1c48-427d-8fe4-653fe2cb6aba
2026-07-29 13:11:14.266 [http-nio-8080-exec-1] DEBUG [] org.hibernate.SQL - 
    /* insert for
        com.finflow.modules.auth.domain.User */insert 
    into
        finflow_auth.users (created_at, created_by, deleted_at, deleted_by, email, email_verified, failed_login_count, is_deleted, last_login_at, locked_until, modified_by, phone_number, phone_verified, status, terms_accepted_at, updated_at, username, version, id) 
    values
        (?, ?, ?, ?, ?, ?, ?, ?, ?, ?, ?, ?, ?, ?, ?, ?, ?, ?, ?)
2026-07-29 13:11:14.277 [http-nio-8080-exec-1] DEBUG [] org.hibernate.SQL - 
    /* insert for
        com.finflow.modules.auth.domain.UserCredential */insert 
    into
        finflow_auth.user_credentials (created_at, created_by, credential_type, deleted_at, deleted_by, expires_at, hashed_value, is_active, is_deleted, last_used_at, modified_by, updated_at, user_id, version, id) 
    values
        (?, ?, ?, ?, ?, ?, ?, ?, ?, ?, ?, ?, ?, ?, ?)
2026-07-29 13:11:14.281 [http-nio-8080-exec-1] DEBUG [] org.hibernate.SQL - 
    /* insert for
        com.finflow.modules.auth.domain.UserRole */insert 
    into
        finflow_auth.user_roles (created_at, granted_at, granted_by, role_id, updated_at, user_id, version, id) 
    values
        (?, ?, ?, ?, ?, ?, ?, ?)
2026-07-29 13:11:14.290 [http-nio-8080-exec-1] WARN  [] o.h.e.jdbc.spi.SqlExceptionHelper - SQL Error: 1054, SQLState: 42S22
2026-07-29 13:11:14.291 [http-nio-8080-exec-1] ERROR [] o.h.e.jdbc.spi.SqlExceptionHelper - Unknown column 'created_at' in 'field list'
2026-07-29 13:11:14.303 [http-nio-8080-exec-1] DEBUG [] o.s.w.s.m.m.a.ExceptionHandlerExceptionResolver - Using @ExceptionHandler com.finflow.shared.exception.GlobalExceptionHandler#handleGenericException(Exception, WebRequest)
2026-07-29 13:11:14.304 [http-nio-8080-exec-1] ERROR [] c.f.s.e.GlobalExceptionHandler - [2dcfc992-bb1f-40c0-902a-a578bf49ef57] Unexpected error: could not execute statement [Unknown column 'created_at' in 'field list'] [/* insert for com.finflow.modules.auth.domain.UserRole */insert into finflow_auth.user_roles (created_at,granted_at,granted_by,role_id,updated_at,user_id,version,id) values (?,?,?,?,?,?,?,?)]; SQL [/* insert for com.finflow.modules.auth.domain.UserRole */insert into finflow_auth.user_roles (created_at,granted_at,granted_by,role_id,updated_at,user_id,version,id) values (?,?,?,?,?,?,?,?)]
org.springframework.dao.InvalidDataAccessResourceUsageException: could not execute statement [Unknown column 'created_at' in 'field list'] [/* insert for com.finflow.modules.auth.domain.UserRole */insert into finflow_auth.user_roles (created_at,granted_at,granted_by,role_id,updated_at,user_id,version,id) values (?,?,?,?,?,?,?,?)]; SQL [/* insert for com.finflow.modules.auth.domain.UserRole */insert into finflow_auth.user_roles (created_at,granted_at,granted_by,role_id,updated_at,user_id,version,id) values (?,?,?,?,?,?,?,?)]
	at org.springframework.orm.jpa.vendor.HibernateJpaDialect.convertHibernateAccessException(HibernateJpaDialect.java:277)
	at org.springframework.orm.jpa.vendor.HibernateJpaDialect.translateExceptionIfPossible(HibernateJpaDialect.java:241)
	at org.springframework.orm.jpa.JpaTransactionManager.doCommit(JpaTransactionManager.java:566)
	at org.springframework.transaction.support.AbstractPlatformTransactionManager.processCommit(AbstractPlatformTransactionManager.java:795)
	at org.springframework.transaction.support.AbstractPlatformTransactionManager.commit(AbstractPlatformTransactionManager.java:758)
	at org.springframework.transaction.interceptor.TransactionAspectSupport.commitTransactionAfterReturning(TransactionAspectSupport.java:698)
	at org.springframework.transaction.interceptor.TransactionAspectSupport.invokeWithinTransaction(TransactionAspectSupport.java:416)
	at org.springframework.transaction.interceptor.TransactionInterceptor.invoke(TransactionInterceptor.java:119)
	at org.springframework.aop.framework.ReflectiveMethodInvocation.proceed(ReflectiveMethodInvocation.java:184)
	at org.springframework.aop.framework.CglibAopProxy$DynamicAdvisedInterceptor.intercept(CglibAopProxy.java:727)
	at com.finflow.modules.auth.service.RegistrationService$$SpringCGLIB$$0.register(<generated>)
	at com.finflow.modules.auth.controller.AuthController.register(AuthController.java:94)
	at java.base/jdk.internal.reflect.DirectMethodHandleAccessor.invoke(DirectMethodHandleAccessor.java:103)
	at java.base/java.lang.reflect.Method.invoke(Method.java:580)
	at org.springframework.web.method.support.InvocableHandlerMethod.doInvoke(InvocableHandlerMethod.java:257)
	at org.springframework.web.method.support.InvocableHandlerMethod.invokeForRequest(InvocableHandlerMethod.java:190)
	at org.springframework.web.servlet.mvc.method.annotation.ServletInvocableHandlerMethod.invokeAndHandle(ServletInvocableHandlerMethod.java:118)
	at org.springframework.web.servlet.mvc.method.annotation.RequestMappingHandlerAdapter.invokeHandlerMethod(RequestMappingHandlerAdapter.java:986)
	at org.springframework.web.servlet.mvc.method.annotation.RequestMappingHandlerAdapter.handleInternal(RequestMappingHandlerAdapter.java:891)
	at org.springframework.web.servlet.mvc.method.AbstractHandlerMethodAdapter.handle(AbstractHandlerMethodAdapter.java:87)
	at org.springframework.web.servlet.DispatcherServlet.doDispatch(DispatcherServlet.java:1088)
	at org.springframework.web.servlet.DispatcherServlet.doService(DispatcherServlet.java:978)
	at org.springframework.web.servlet.FrameworkServlet.processRequest(FrameworkServlet.java:1014)
	at org.springframework.web.servlet.FrameworkServlet.doPost(FrameworkServlet.java:914)
	at jakarta.servlet.http.HttpServlet.service(HttpServlet.java:590)
	at org.springframework.web.servlet.FrameworkServlet.service(FrameworkServlet.java:885)
	at jakarta.servlet.http.HttpServlet.service(HttpServlet.java:658)
	at org.apache.catalina.core.ApplicationFilterChain.internalDoFilter(ApplicationFilterChain.java:195)
	at org.apache.catalina.core.ApplicationFilterChain.doFilter(ApplicationFilterChain.java:140)
	at org.apache.tomcat.websocket.server.WsFilter.doFilter(WsFilter.java:51)
	at org.apache.catalina.core.ApplicationFilterChain.internalDoFilter(ApplicationFilterChain.java:164)
	at org.apache.catalina.core.ApplicationFilterChain.doFilter(ApplicationFilterChain.java:140)
	at org.springframework.web.filter.CorsFilter.doFilterInternal(CorsFilter.java:91)
	at org.springframework.web.filter.OncePerRequestFilter.doFilter(OncePerRequestFilter.java:116)
	at org.apache.catalina.core.ApplicationFilterChain.internalDoFilter(ApplicationFilterChain.java:164)
	at org.apache.catalina.core.ApplicationFilterChain.doFilter(ApplicationFilterChain.java:140)
	at org.springframework.web.filter.OncePerRequestFilter.doFilter(OncePerRequestFilter.java:110)
	at org.apache.catalina.core.ApplicationFilterChain.internalDoFilter(ApplicationFilterChain.java:164)
	at org.apache.catalina.core.ApplicationFilterChain.doFilter(ApplicationFilterChain.java:140)
	at org.springframework.web.filter.CompositeFilter$VirtualFilterChain.doFilter(CompositeFilter.java:108)
	at org.springframework.security.web.FilterChainProxy.lambda$doFilterInternal$3(FilterChainProxy.java:231)
	at org.springframework.security.web.ObservationFilterChainDecorator$FilterObservation$SimpleFilterObservation.lambda$wrap$1(ObservationFilterChainDecorator.java:479)
	at org.springframework.security.web.ObservationFilterChainDecorator$AroundFilterObservation$SimpleAroundFilterObservation.lambda$wrap$1(ObservationFilterChainDecorator.java:340)
	at org.springframework.security.web.ObservationFilterChainDecorator.lambda$wrapSecured$0(ObservationFilterChainDecorator.java:82)
	at org.springframework.security.web.ObservationFilterChainDecorator$VirtualFilterChain.doFilter(ObservationFilterChainDecorator.java:128)
	at org.springframework.security.web.access.intercept.AuthorizationFilter.doFilter(AuthorizationFilter.java:101)
	at org.springframework.security.web.ObservationFilterChainDecorator$ObservationFilter.wrapFilter(ObservationFilterChainDecorator.java:240)
	at org.springframework.security.web.ObservationFilterChainDecorator$ObservationFilter.doFilter(ObservationFilterChainDecorator.java:227)
	at org.springframework.security.web.ObservationFilterChainDecorator$VirtualFilterChain.doFilter(ObservationFilterChainDecorator.java:137)
	at org.springframework.security.web.access.ExceptionTranslationFilter.doFilter(ExceptionTranslationFilter.java:126)
	at org.springframework.security.web.access.ExceptionTranslationFilter.doFilter(ExceptionTranslationFilter.java:120)
	at org.springframework.security.web.ObservationFilterChainDecorator$ObservationFilter.wrapFilter(ObservationFilterChainDecorator.java:240)
	at org.springframework.security.web.ObservationFilterChainDecorator$ObservationFilter.doFilter(ObservationFilterChainDecorator.java:227)
	at org.springframework.security.web.ObservationFilterChainDecorator$VirtualFilterChain.doFilter(ObservationFilterChainDecorator.java:137)
	at org.springframework.security.web.session.SessionManagementFilter.doFilter(SessionManagementFilter.java:131)
	at org.springframework.security.web.session.SessionManagementFilter.doFilter(SessionManagementFilter.java:85)
	at org.springframework.security.web.ObservationFilterChainDecorator$ObservationFilter.wrapFilter(ObservationFilterChainDecorator.java:240)
	at org.springframework.security.web.ObservationFilterChainDecorator$ObservationFilter.doFilter(ObservationFilterChainDecorator.java:227)
	at org.springframework.security.web.ObservationFilterChainDecorator$VirtualFilterChain.doFilter(ObservationFilterChainDecorator.java:137)
	at org.springframework.security.web.authentication.AnonymousAuthenticationFilter.doFilter(AnonymousAuthenticationFilter.java:100)
	at org.springframework.security.web.ObservationFilterChainDecorator$ObservationFilter.wrapFilter(ObservationFilterChainDecorator.java:240)
	at org.springframework.security.web.ObservationFilterChainDecorator$ObservationFilter.doFilter(ObservationFilterChainDecorator.java:227)
	at org.springframework.security.web.ObservationFilterChainDecorator$VirtualFilterChain.doFilter(ObservationFilterChainDecorator.java:137)
	at org.springframework.security.web.servletapi.SecurityContextHolderAwareRequestFilter.doFilter(SecurityContextHolderAwareRequestFilter.java:179)
	at org.springframework.security.web.ObservationFilterChainDecorator$ObservationFilter.wrapFilter(ObservationFilterChainDecorator.java:240)
	at org.springframework.security.web.ObservationFilterChainDecorator$ObservationFilter.doFilter(ObservationFilterChainDecorator.java:227)
	at org.springframework.security.web.ObservationFilterChainDecorator$VirtualFilterChain.doFilter(ObservationFilterChainDecorator.java:137)
	at org.springframework.security.web.savedrequest.RequestCacheAwareFilter.doFilter(RequestCacheAwareFilter.java:63)
	at org.springframework.security.web.ObservationFilterChainDecorator$ObservationFilter.wrapFilter(ObservationFilterChainDecorator.java:240)
	at org.springframework.security.web.ObservationFilterChainDecorator$ObservationFilter.doFilter(ObservationFilterChainDecorator.java:227)
	at org.springframework.security.web.ObservationFilterChainDecorator$VirtualFilterChain.doFilter(ObservationFilterChainDecorator.java:137)
	at com.finflow.shared.config.JwtAuthenticationFilter.doFilterInternal(JwtAuthenticationFilter.java:74)
	at org.springframework.web.filter.OncePerRequestFilter.doFilter(OncePerRequestFilter.java:116)
	at org.springframework.security.web.ObservationFilterChainDecorator$ObservationFilter.wrapFilter(ObservationFilterChainDecorator.java:240)
	at org.springframework.security.web.ObservationFilterChainDecorator$ObservationFilter.doFilter(ObservationFilterChainDecorator.java:227)
	at org.springframework.security.web.ObservationFilterChainDecorator$VirtualFilterChain.doFilter(ObservationFilterChainDecorator.java:137)
	at org.springframework.security.web.authentication.logout.LogoutFilter.doFilter(LogoutFilter.java:107)
	at org.springframework.security.web.authentication.logout.LogoutFilter.doFilter(LogoutFilter.java:93)
	at org.springframework.security.web.ObservationFilterChainDecorator$ObservationFilter.wrapFilter(ObservationFilterChainDecorator.java:240)
	at org.springframework.security.web.ObservationFilterChainDecorator$ObservationFilter.doFilter(ObservationFilterChainDecorator.java:227)
	at org.springframework.security.web.ObservationFilterChainDecorator$VirtualFilterChain.doFilter(ObservationFilterChainDecorator.java:137)
	at org.springframework.web.filter.CorsFilter.doFilterInternal(CorsFilter.java:91)
	at org.springframework.web.filter.OncePerRequestFilter.doFilter(OncePerRequestFilter.java:116)
	at org.springframework.security.web.ObservationFilterChainDecorator$ObservationFilter.wrapFilter(ObservationFilterChainDecorator.java:240)
	at org.springframework.security.web.ObservationFilterChainDecorator$ObservationFilter.doFilter(ObservationFilterChainDecorator.java:227)
	at org.springframework.security.web.ObservationFilterChainDecorator$VirtualFilterChain.doFilter(ObservationFilterChainDecorator.java:137)
	at org.springframework.security.web.header.HeaderWriterFilter.doHeadersAfter(HeaderWriterFilter.java:90)
	at org.springframework.security.web.header.HeaderWriterFilter.doFilterInternal(HeaderWriterFilter.java:75)
	at org.springframework.web.filter.OncePerRequestFilter.doFilter(OncePerRequestFilter.java:116)
	at org.springframework.security.web.ObservationFilterChainDecorator$ObservationFilter.wrapFilter(ObservationFilterChainDecorator.java:240)
	at org.springframework.security.web.ObservationFilterChainDecorator$ObservationFilter.doFilter(ObservationFilterChainDecorator.java:227)
	at org.springframework.security.web.ObservationFilterChainDecorator$VirtualFilterChain.doFilter(ObservationFilterChainDecorator.java:137)
	at org.springframework.security.web.context.SecurityContextHolderFilter.doFilter(SecurityContextHolderFilter.java:82)
	at org.springframework.security.web.context.SecurityContextHolderFilter.doFilter(SecurityContextHolderFilter.java:69)
	at org.springframework.security.web.ObservationFilterChainDecorator$ObservationFilter.wrapFilter(ObservationFilterChainDecorator.java:240)
	at org.springframework.security.web.ObservationFilterChainDecorator$ObservationFilter.doFilter(ObservationFilterChainDecorator.java:227)
	at org.springframework.security.web.ObservationFilterChainDecorator$VirtualFilterChain.doFilter(ObservationFilterChainDecorator.java:137)
	at org.springframework.security.web.context.request.async.WebAsyncManagerIntegrationFilter.doFilterInternal(WebAsyncManagerIntegrationFilter.java:62)
	at org.springframework.web.filter.OncePerRequestFilter.doFilter(OncePerRequestFilter.java:116)
	at org.springframework.security.web.ObservationFilterChainDecorator$ObservationFilter.wrapFilter(ObservationFilterChainDecorator.java:240)
	at org.springframework.security.web.ObservationFilterChainDecorator$ObservationFilter.doFilter(ObservationFilterChainDecorator.java:227)
	at org.springframework.security.web.ObservationFilterChainDecorator$VirtualFilterChain.doFilter(ObservationFilterChainDecorator.java:137)
	at org.springframework.security.web.session.DisableEncodeUrlFilter.doFilterInternal(DisableEncodeUrlFilter.java:42)
	at org.springframework.web.filter.OncePerRequestFilter.doFilter(OncePerRequestFilter.java:116)
	at org.springframework.security.web.ObservationFilterChainDecorator$ObservationFilter.wrapFilter(ObservationFilterChainDecorator.java:240)
	at org.springframework.security.web.ObservationFilterChainDecorator$AroundFilterObservation$SimpleAroundFilterObservation.lambda$wrap$0(ObservationFilterChainDecorator.java:323)
	at org.springframework.security.web.ObservationFilterChainDecorator$ObservationFilter.doFilter(ObservationFilterChainDecorator.java:224)
	at org.springframework.security.web.ObservationFilterChainDecorator$VirtualFilterChain.doFilter(ObservationFilterChainDecorator.java:137)
	at org.springframework.security.web.FilterChainProxy.doFilterInternal(FilterChainProxy.java:233)
	at org.springframework.security.web.FilterChainProxy.doFilter(FilterChainProxy.java:191)
	at org.springframework.web.filter.CompositeFilter$VirtualFilterChain.doFilter(CompositeFilter.java:113)
	at org.springframework.web.servlet.handler.HandlerMappingIntrospector.lambda$createCacheFilter$3(HandlerMappingIntrospector.java:243)
	at org.springframework.web.filter.CompositeFilter$VirtualFilterChain.doFilter(CompositeFilter.java:113)
	at org.springframework.web.filter.CompositeFilter.doFilter(CompositeFilter.java:74)
	at org.springframework.security.config.annotation.web.configuration.WebMvcSecurityConfiguration$CompositeFilterChainProxy.doFilter(WebMvcSecurityConfiguration.java:238)
	at org.springframework.web.filter.DelegatingFilterProxy.invokeDelegate(DelegatingFilterProxy.java:362)
	at org.springframework.web.filter.DelegatingFilterProxy.doFilter(DelegatingFilterProxy.java:278)
	at org.apache.catalina.core.ApplicationFilterChain.internalDoFilter(ApplicationFilterChain.java:164)
	at org.apache.catalina.core.ApplicationFilterChain.doFilter(ApplicationFilterChain.java:140)
	at org.springframework.web.filter.RequestContextFilter.doFilterInternal(RequestContextFilter.java:100)
	at org.springframework.web.filter.OncePerRequestFilter.doFilter(OncePerRequestFilter.java:116)
	at org.apache.catalina.core.ApplicationFilterChain.internalDoFilter(ApplicationFilterChain.java:164)
	at org.apache.catalina.core.ApplicationFilterChain.doFilter(ApplicationFilterChain.java:140)
	at org.springframework.web.filter.FormContentFilter.doFilterInternal(FormContentFilter.java:93)
	at org.springframework.web.filter.OncePerRequestFilter.doFilter(OncePerRequestFilter.java:116)
	at org.apache.catalina.core.ApplicationFilterChain.internalDoFilter(ApplicationFilterChain.java:164)
	at org.apache.catalina.core.ApplicationFilterChain.doFilter(ApplicationFilterChain.java:140)
	at org.springframework.web.filter.ServerHttpObservationFilter.doFilterInternal(ServerHttpObservationFilter.java:114)
	at org.springframework.web.filter.OncePerRequestFilter.doFilter(OncePerRequestFilter.java:116)
	at org.apache.catalina.core.ApplicationFilterChain.internalDoFilter(ApplicationFilterChain.java:164)
	at org.apache.catalina.core.ApplicationFilterChain.doFilter(ApplicationFilterChain.java:140)
	at org.springframework.web.filter.CharacterEncodingFilter.doFilterInternal(CharacterEncodingFilter.java:201)
	at org.springframework.web.filter.OncePerRequestFilter.doFilter(OncePerRequestFilter.java:116)
	at org.apache.catalina.core.ApplicationFilterChain.internalDoFilter(ApplicationFilterChain.java:164)
	at org.apache.catalina.core.ApplicationFilterChain.doFilter(ApplicationFilterChain.java:140)
	at org.apache.catalina.core.StandardWrapperValve.invoke(StandardWrapperValve.java:167)
	at org.apache.catalina.core.StandardContextValve.invoke(StandardContextValve.java:90)
	at org.apache.catalina.authenticator.AuthenticatorBase.invoke(AuthenticatorBase.java:483)
	at org.apache.catalina.core.StandardHostValve.invoke(StandardHostValve.java:115)
	at org.apache.catalina.valves.ErrorReportValve.invoke(ErrorReportValve.java:93)
	at org.apache.catalina.core.StandardEngineValve.invoke(StandardEngineValve.java:74)
	at org.apache.catalina.connector.CoyoteAdapter.service(CoyoteAdapter.java:344)
	at org.apache.coyote.http11.Http11Processor.service(Http11Processor.java:397)
	at org.apache.coyote.AbstractProcessorLight.process(AbstractProcessorLight.java:63)
	at org.apache.coyote.AbstractProtocol$ConnectionHandler.process(AbstractProtocol.java:905)
	at org.apache.tomcat.util.net.NioEndpoint$SocketProcessor.doRun(NioEndpoint.java:1741)
	at org.apache.tomcat.util.net.SocketProcessorBase.run(SocketProcessorBase.java:52)
	at org.apache.tomcat.util.threads.ThreadPoolExecutor.runWorker(ThreadPoolExecutor.java:1190)
	at org.apache.tomcat.util.threads.ThreadPoolExecutor$Worker.run(ThreadPoolExecutor.java:659)
	at org.apache.tomcat.util.threads.TaskThread$WrappingRunnable.run(TaskThread.java:63)
	at java.base/java.lang.Thread.run(Thread.java:1583)
Caused by: org.hibernate.exception.SQLGrammarException: could not execute statement [Unknown column 'created_at' in 'field list'] [/* insert for com.finflow.modules.auth.domain.UserRole */insert into finflow_auth.user_roles (created_at,granted_at,granted_by,role_id,updated_at,user_id,version,id) values (?,?,?,?,?,?,?,?)]
	at org.hibernate.exception.internal.SQLExceptionTypeDelegate.convert(SQLExceptionTypeDelegate.java:66)
	at org.hibernate.exception.internal.StandardSQLExceptionConverter.convert(StandardSQLExceptionConverter.java:58)
	at org.hibernate.engine.jdbc.spi.SqlExceptionHelper.convert(SqlExceptionHelper.java:108)
	at org.hibernate.engine.jdbc.internal.ResultSetReturnImpl.executeUpdate(ResultSetReturnImpl.java:197)
	at org.hibernate.engine.jdbc.mutation.internal.AbstractMutationExecutor.performNonBatchedMutation(AbstractMutationExecutor.java:134)
	at org.hibernate.engine.jdbc.mutation.internal.MutationExecutorSingleNonBatched.performNonBatchedOperations(MutationExecutorSingleNonBatched.java:55)
	at org.hibernate.engine.jdbc.mutation.internal.AbstractMutationExecutor.execute(AbstractMutationExecutor.java:55)
	at org.hibernate.persister.entity.mutation.InsertCoordinatorStandard.doStaticInserts(InsertCoordinatorStandard.java:194)
	at org.hibernate.persister.entity.mutation.InsertCoordinatorStandard.coordinateInsert(InsertCoordinatorStandard.java:132)
	at org.hibernate.persister.entity.mutation.InsertCoordinatorStandard.insert(InsertCoordinatorStandard.java:104)
	at org.hibernate.action.internal.EntityInsertAction.execute(EntityInsertAction.java:110)
	at org.hibernate.engine.spi.ActionQueue.executeActions(ActionQueue.java:644)
	at org.hibernate.engine.spi.ActionQueue.executeActions(ActionQueue.java:511)
	at org.hibernate.event.internal.AbstractFlushingEventListener.performExecutions(AbstractFlushingEventListener.java:414)
	at org.hibernate.event.internal.DefaultFlushEventListener.onFlush(DefaultFlushEventListener.java:41)
	at org.hibernate.event.service.internal.EventListenerGroupImpl.fireEventOnEachListener(EventListenerGroupImpl.java:127)
	at org.hibernate.internal.SessionImpl.doFlush(SessionImpl.java:1429)
	at org.hibernate.internal.SessionImpl.managedFlush(SessionImpl.java:491)
	at org.hibernate.internal.SessionImpl.flushBeforeTransactionCompletion(SessionImpl.java:2354)
	at org.hibernate.internal.SessionImpl.beforeTransactionCompletion(SessionImpl.java:1978)
	at org.hibernate.engine.jdbc.internal.JdbcCoordinatorImpl.beforeTransactionCompletion(JdbcCoordinatorImpl.java:439)
	at org.hibernate.resource.transaction.backend.jdbc.internal.JdbcResourceLocalTransactionCoordinatorImpl.beforeCompletionCallback(JdbcResourceLocalTransactionCoordinatorImpl.java:169)
	at org.hibernate.resource.transaction.backend.jdbc.internal.JdbcResourceLocalTransactionCoordinatorImpl$TransactionDriverControlImpl.commit(JdbcResourceLocalTransactionCoordinatorImpl.java:267)
	at org.hibernate.engine.transaction.internal.TransactionImpl.commit(TransactionImpl.java:101)
	at org.springframework.orm.jpa.JpaTransactionManager.doCommit(JpaTransactionManager.java:562)
	... 148 common frames omitted
Caused by: java.sql.SQLSyntaxErrorException: Unknown column 'created_at' in 'field list'
	at com.mysql.cj.jdbc.exceptions.SQLError.createSQLException(SQLError.java:112)
	at com.mysql.cj.jdbc.exceptions.SQLExceptionsMapping.translateException(SQLExceptionsMapping.java:114)
	at com.mysql.cj.jdbc.ClientPreparedStatement.executeInternal(ClientPreparedStatement.java:988)
	at com.mysql.cj.jdbc.ClientPreparedStatement.executeUpdateInternal(ClientPreparedStatement.java:1166)
	at com.mysql.cj.jdbc.ClientPreparedStatement.executeUpdateInternal(ClientPreparedStatement.java:1101)
	at com.mysql.cj.jdbc.ClientPreparedStatement.executeLargeUpdate(ClientPreparedStatement.java:1467)
	at com.mysql.cj.jdbc.ClientPreparedStatement.executeUpdate(ClientPreparedStatement.java:1084)
	at com.zaxxer.hikari.pool.ProxyPreparedStatement.executeUpdate(ProxyPreparedStatement.java:61)
	at com.zaxxer.hikari.pool.HikariProxyPreparedStatement.executeUpdate(HikariProxyPreparedStatement.java)
	at org.hibernate.engine.jdbc.internal.ResultSetReturnImpl.executeUpdate(ResultSetReturnImpl.java:194)
	... 169 common frames omitted
2026-07-29 13:11:14.336 [http-nio-8080-exec-1] DEBUG [] o.s.w.s.m.m.a.HttpEntityMethodProcessor - Using 'application/json', given [*/*] and supported [application/json, application/*+json, application/yaml]
2026-07-29 13:11:14.343 [http-nio-8080-exec-1] DEBUG [] o.s.w.s.m.m.a.HttpEntityMethodProcessor - Writing [ErrorResponse[success=false, code=INTERNAL_ERROR, message=An unexpected error occurred. Please try a (truncated)...]
2026-07-29 13:11:14.356 [http-nio-8080-exec-1] DEBUG [] o.s.w.s.m.m.a.ExceptionHandlerExceptionResolver - Resolved [org.springframework.dao.InvalidDataAccessResourceUsageException: could not execute statement [Unknown column 'created_at' in 'field list'] [/* insert for com.finflow.modules.auth.domain.UserRole */insert into finflow_auth.user_roles (created_at,granted_at,granted_by,role_id,updated_at,user_id,version,id) values (?,?,?,?,?,?,?,?)]; SQL [/* insert for com.finflow.modules.auth.domain.UserRole */insert into finflow_auth.user_roles (created_at,granted_at,granted_by,role_id,updated_at,user_id,version,id) values (?,?,?,?,?,?,?,?)]]
2026-07-29 13:11:14.357 [http-nio-8080-exec-1] DEBUG [] o.s.web.servlet.DispatcherServlet - Completed 500 INTERNAL_SERVER_ERROR
2026-07-29 13:11:14.492 [http-nio-8080-exec-2] DEBUG [] o.s.web.servlet.DispatcherServlet - POST "/api/v1/auth/login", parameters={}
2026-07-29 13:11:14.492 [http-nio-8080-exec-2] DEBUG [] o.s.w.s.m.m.a.RequestMappingHandlerMapping - Mapped to com.finflow.modules.auth.controller.AuthController#login(LoginRequest, HttpServletRequest)
2026-07-29 13:11:14.497 [http-nio-8080-exec-2] DEBUG [] o.s.w.s.m.m.a.RequestResponseBodyMethodProcessor - Read "application/json;charset=UTF-8" to [LoginRequest[identifier=acctest@example.com, password=Str0ng!Pass#2026]]
2026-07-29 13:11:14.505 [http-nio-8080-exec-2] INFO  [] c.f.m.auth.controller.AuthController - Login request for identifier=acctest@example.com
2026-07-29 13:11:14.507 [http-nio-8080-exec-2] DEBUG [] c.f.m.a.s.AuthenticationService - Authentication attempt for identifier=acctest@example.com
2026-07-29 13:11:14.510 [http-nio-8080-exec-2] DEBUG [] org.hibernate.SQL - 
    /* <criteria> */ select
        u1_0.id,
        u1_0.created_at,
        u1_0.created_by,
        u1_0.deleted_at,
        u1_0.deleted_by,
        u1_0.email,
        u1_0.email_verified,
        u1_0.failed_login_count,
        u1_0.is_deleted,
        u1_0.last_login_at,
        u1_0.locked_until,
        u1_0.modified_by,
        u1_0.phone_number,
        u1_0.phone_verified,
        u1_0.status,
        u1_0.terms_accepted_at,
        u1_0.updated_at,
        u1_0.username,
        u1_0.version 
    from
        finflow_auth.users u1_0 
    where
        upper(u1_0.email)=upper(?) 
        and not(u1_0.is_deleted)
2026-07-29 13:11:15.530 [http-nio-8080-exec-2] INFO  [] c.f.m.a.s.AuthenticationService - Authentication failed: user not found, identifier=acctest@example.com
2026-07-29 13:11:15.540 [http-nio-8080-exec-2] DEBUG [] org.hibernate.SQL - 
    /* insert for
        com.finflow.modules.auth.domain.LoginHistory */insert 
    into
        finflow_auth.login_history (created_at, failure_reason, identifier, ip_address, success, user_id, user_agent) 
    values
        (?, ?, ?, ?, ?, ?, ?)
2026-07-29 13:11:15.559 [http-nio-8080-exec-2] DEBUG [] o.s.w.s.m.m.a.ExceptionHandlerExceptionResolver - Using @ExceptionHandler com.finflow.shared.exception.GlobalExceptionHandler#handleFinFlowException(FinFlowException, WebRequest)
2026-07-29 13:11:15.560 [http-nio-8080-exec-2] ERROR [] c.f.s.e.GlobalExceptionHandler - [63ad51e1-bca6-4438-8e8f-325bde995cab] UnauthorizedException - Email or password is incorrect (code: UNAUTHORIZED, status: 401)
2026-07-29 13:11:15.561 [http-nio-8080-exec-2] DEBUG [] o.s.w.s.m.m.a.HttpEntityMethodProcessor - Using 'application/json', given [*/*] and supported [application/json, application/*+json, application/yaml]
2026-07-29 13:11:15.561 [http-nio-8080-exec-2] DEBUG [] o.s.w.s.m.m.a.HttpEntityMethodProcessor - Writing [ErrorResponse[success=false, code=UNAUTHORIZED, message=Email or password is incorrect, target=null, (truncated)...]
2026-07-29 13:11:15.562 [http-nio-8080-exec-2] DEBUG [] o.s.w.s.m.m.a.ExceptionHandlerExceptionResolver - Resolved [com.finflow.shared.exception.UnauthorizedException: Email or password is incorrect]
2026-07-29 13:11:15.563 [http-nio-8080-exec-2] DEBUG [] o.s.web.servlet.DispatcherServlet - Completed 401 UNAUTHORIZED
2026-07-29 13:11:15.587 [http-nio-8080-exec-3] DEBUG [] c.f.s.c.JwtAuthenticationEntryPoint - Unauthorized access attempt to /api/v1/accounts from 0:0:0:0:0:0:0:1
2026-07-29 13:15:38.598 [main] INFO  [] com.finflow.FinFlowApplication - Starting FinFlowApplication using Java 21.0.11 with PID 8308 (C:\Users\Lenovo\OneDrive\Desktop\FinFlow\backend\target\classes started by Lenovo in C:\Users\Lenovo\OneDrive\Desktop\FinFlow\backend)
2026-07-29 13:15:38.600 [main] DEBUG [] com.finflow.FinFlowApplication - Running with Spring Boot v3.4.1, Spring v6.2.1
2026-07-29 13:15:38.601 [main] INFO  [] com.finflow.FinFlowApplication - The following 1 profile is active: "dev"
2026-07-29 13:15:40.404 [main] INFO  [] o.s.d.r.c.RepositoryConfigurationDelegate - Multiple Spring Data modules found, entering strict repository configuration mode
2026-07-29 13:15:40.406 [main] INFO  [] o.s.d.r.c.RepositoryConfigurationDelegate - Bootstrapping Spring Data JPA repositories in DEFAULT mode.
2026-07-29 13:15:40.877 [main] INFO  [] o.s.d.r.c.RepositoryConfigurationDelegate - Finished Spring Data repository scanning in 462 ms. Found 22 JPA repository interfaces.
2026-07-29 13:15:40.892 [main] INFO  [] o.s.d.r.c.RepositoryConfigurationDelegate - Multiple Spring Data modules found, entering strict repository configuration mode
2026-07-29 13:15:40.894 [main] INFO  [] o.s.d.r.c.RepositoryConfigurationDelegate - Bootstrapping Spring Data Redis repositories in DEFAULT mode.
2026-07-29 13:15:40.939 [main] INFO  [] o.s.d.r.c.RepositoryConfigurationExtensionSupport - Spring Data Redis - Could not safely identify store assignment for repository candidate interface com.finflow.modules.accounts.repository.AccountHolderRepository; If you want this repository to be a Redis repository, consider annotating your entities with one of these annotations: org.springframework.data.redis.core.RedisHash (preferred), or consider extending one of the following types with your repository: org.springframework.data.keyvalue.repository.KeyValueRepository
2026-07-29 13:15:40.940 [main] INFO  [] o.s.d.r.c.RepositoryConfigurationExtensionSupport - Spring Data Redis - Could not safely identify store assignment for repository candidate interface com.finflow.modules.accounts.repository.AccountRepository; If you want this repository to be a Redis repository, consider annotating your entities with one of these annotations: org.springframework.data.redis.core.RedisHash (preferred), or consider extending one of the following types with your repository: org.springframework.data.keyvalue.repository.KeyValueRepository
2026-07-29 13:15:40.940 [main] INFO  [] o.s.d.r.c.RepositoryConfigurationExtensionSupport - Spring Data Redis - Could not safely identify store assignment for repository candidate interface com.finflow.modules.accounts.repository.AccountStatusHistoryRepository; If you want this repository to be a Redis repository, consider annotating your entities with one of these annotations: org.springframework.data.redis.core.RedisHash (preferred), or consider extending one of the following types with your repository: org.springframework.data.keyvalue.repository.KeyValueRepository
2026-07-29 13:15:40.940 [main] INFO  [] o.s.d.r.c.RepositoryConfigurationExtensionSupport - Spring Data Redis - Could not safely identify store assignment for repository candidate interface com.finflow.modules.accounts.repository.HoldRepository; If you want this repository to be a Redis repository, consider annotating your entities with one of these annotations: org.springframework.data.redis.core.RedisHash (preferred), or consider extending one of the following types with your repository: org.springframework.data.keyvalue.repository.KeyValueRepository
2026-07-29 13:15:40.940 [main] INFO  [] o.s.d.r.c.RepositoryConfigurationExtensionSupport - Spring Data Redis - Could not safely identify store assignment for repository candidate interface com.finflow.modules.admin.repository.AdminAuditLogRepository; If you want this repository to be a Redis repository, consider annotating your entities with one of these annotations: org.springframework.data.redis.core.RedisHash (preferred), or consider extending one of the following types with your repository: org.springframework.data.keyvalue.repository.KeyValueRepository
2026-07-29 13:15:40.941 [main] INFO  [] o.s.d.r.c.RepositoryConfigurationExtensionSupport - Spring Data Redis - Could not safely identify store assignment for repository candidate interface com.finflow.modules.auth.repository.LoginHistoryRepository; If you want this repository to be a Redis repository, consider annotating your entities with one of these annotations: org.springframework.data.redis.core.RedisHash (preferred), or consider extending one of the following types with your repository: org.springframework.data.keyvalue.repository.KeyValueRepository
2026-07-29 13:15:40.941 [main] INFO  [] o.s.d.r.c.RepositoryConfigurationExtensionSupport - Spring Data Redis - Could not safely identify store assignment for repository candidate interface com.finflow.modules.auth.repository.RefreshTokenRepository; If you want this repository to be a Redis repository, consider annotating your entities with one of these annotations: org.springframework.data.redis.core.RedisHash (preferred), or consider extending one of the following types with your repository: org.springframework.data.keyvalue.repository.KeyValueRepository
2026-07-29 13:15:40.941 [main] INFO  [] o.s.d.r.c.RepositoryConfigurationExtensionSupport - Spring Data Redis - Could not safely identify store assignment for repository candidate interface com.finflow.modules.auth.repository.RoleRepository; If you want this repository to be a Redis repository, consider annotating your entities with one of these annotations: org.springframework.data.redis.core.RedisHash (preferred), or consider extending one of the following types with your repository: org.springframework.data.keyvalue.repository.KeyValueRepository
2026-07-29 13:15:40.941 [main] INFO  [] o.s.d.r.c.RepositoryConfigurationExtensionSupport - Spring Data Redis - Could not safely identify store assignment for repository candidate interface com.finflow.modules.auth.repository.UserCredentialRepository; If you want this repository to be a Redis repository, consider annotating your entities with one of these annotations: org.springframework.data.redis.core.RedisHash (preferred), or consider extending one of the following types with your repository: org.springframework.data.keyvalue.repository.KeyValueRepository
2026-07-29 13:15:40.941 [main] INFO  [] o.s.d.r.c.RepositoryConfigurationExtensionSupport - Spring Data Redis - Could not safely identify store assignment for repository candidate interface com.finflow.modules.auth.repository.UserRepository; If you want this repository to be a Redis repository, consider annotating your entities with one of these annotations: org.springframework.data.redis.core.RedisHash (preferred), or consider extending one of the following types with your repository: org.springframework.data.keyvalue.repository.KeyValueRepository
2026-07-29 13:15:40.941 [main] INFO  [] o.s.d.r.c.RepositoryConfigurationExtensionSupport - Spring Data Redis - Could not safely identify store assignment for repository candidate interface com.finflow.modules.auth.repository.UserRoleRepository; If you want this repository to be a Redis repository, consider annotating your entities with one of these annotations: org.springframework.data.redis.core.RedisHash (preferred), or consider extending one of the following types with your repository: org.springframework.data.keyvalue.repository.KeyValueRepository
2026-07-29 13:15:40.942 [main] INFO  [] o.s.d.r.c.RepositoryConfigurationExtensionSupport - Spring Data Redis - Could not safely identify store assignment for repository candidate interface com.finflow.modules.beneficiaries.repository.BeneficiaryRepository; If you want this repository to be a Redis repository, consider annotating your entities with one of these annotations: org.springframework.data.redis.core.RedisHash (preferred), or consider extending one of the following types with your repository: org.springframework.data.keyvalue.repository.KeyValueRepository
2026-07-29 13:15:40.942 [main] INFO  [] o.s.d.r.c.RepositoryConfigurationExtensionSupport - Spring Data Redis - Could not safely identify store assignment for repository candidate interface com.finflow.modules.cards.repository.CardRepository; If you want this repository to be a Redis repository, consider annotating your entities with one of these annotations: org.springframework.data.redis.core.RedisHash (preferred), or consider extending one of the following types with your repository: org.springframework.data.keyvalue.repository.KeyValueRepository
2026-07-29 13:15:40.943 [main] INFO  [] o.s.d.r.c.RepositoryConfigurationExtensionSupport - Spring Data Redis - Could not safely identify store assignment for repository candidate interface com.finflow.modules.cards.repository.CardTransactionRepository; If you want this repository to be a Redis repository, consider annotating your entities with one of these annotations: org.springframework.data.redis.core.RedisHash (preferred), or consider extending one of the following types with your repository: org.springframework.data.keyvalue.repository.KeyValueRepository
2026-07-29 13:15:40.943 [main] INFO  [] o.s.d.r.c.RepositoryConfigurationExtensionSupport - Spring Data Redis - Could not safely identify store assignment for repository candidate interface com.finflow.modules.notifications.repository.NotificationRepository; If you want this repository to be a Redis repository, consider annotating your entities with one of these annotations: org.springframework.data.redis.core.RedisHash (preferred), or consider extending one of the following types with your repository: org.springframework.data.keyvalue.repository.KeyValueRepository
2026-07-29 13:15:40.943 [main] INFO  [] o.s.d.r.c.RepositoryConfigurationExtensionSupport - Spring Data Redis - Could not safely identify store assignment for repository candidate interface com.finflow.modules.profiles.repository.UserProfileRepository; If you want this repository to be a Redis repository, consider annotating your entities with one of these annotations: org.springframework.data.redis.core.RedisHash (preferred), or consider extending one of the following types with your repository: org.springframework.data.keyvalue.repository.KeyValueRepository
2026-07-29 13:15:40.943 [main] INFO  [] o.s.d.r.c.RepositoryConfigurationExtensionSupport - Spring Data Redis - Could not safely identify store assignment for repository candidate interface com.finflow.modules.savings.repository.SavingsGoalRepository; If you want this repository to be a Redis repository, consider annotating your entities with one of these annotations: org.springframework.data.redis.core.RedisHash (preferred), or consider extending one of the following types with your repository: org.springframework.data.keyvalue.repository.KeyValueRepository
2026-07-29 13:15:40.944 [main] INFO  [] o.s.d.r.c.RepositoryConfigurationExtensionSupport - Spring Data Redis - Could not safely identify store assignment for repository candidate interface com.finflow.modules.settings.repository.UserSettingRepository; If you want this repository to be a Redis repository, consider annotating your entities with one of these annotations: org.springframework.data.redis.core.RedisHash (preferred), or consider extending one of the following types with your repository: org.springframework.data.keyvalue.repository.KeyValueRepository
2026-07-29 13:15:40.944 [main] INFO  [] o.s.d.r.c.RepositoryConfigurationExtensionSupport - Spring Data Redis - Could not safely identify store assignment for repository candidate interface com.finflow.modules.transactions.repository.TransactionEntryRepository; If you want this repository to be a Redis repository, consider annotating your entities with one of these annotations: org.springframework.data.redis.core.RedisHash (preferred), or consider extending one of the following types with your repository: org.springframework.data.keyvalue.repository.KeyValueRepository
2026-07-29 13:15:40.944 [main] INFO  [] o.s.d.r.c.RepositoryConfigurationExtensionSupport - Spring Data Redis - Could not safely identify store assignment for repository candidate interface com.finflow.modules.transactions.repository.TransactionRepository; If you want this repository to be a Redis repository, consider annotating your entities with one of these annotations: org.springframework.data.redis.core.RedisHash (preferred), or consider extending one of the following types with your repository: org.springframework.data.keyvalue.repository.KeyValueRepository
2026-07-29 13:15:40.944 [main] INFO  [] o.s.d.r.c.RepositoryConfigurationExtensionSupport - Spring Data Redis - Could not safely identify store assignment for repository candidate interface com.finflow.modules.transfers.repository.ScheduledTransferRepository; If you want this repository to be a Redis repository, consider annotating your entities with one of these annotations: org.springframework.data.redis.core.RedisHash (preferred), or consider extending one of the following types with your repository: org.springframework.data.keyvalue.repository.KeyValueRepository
2026-07-29 13:15:40.944 [main] INFO  [] o.s.d.r.c.RepositoryConfigurationExtensionSupport - Spring Data Redis - Could not safely identify store assignment for repository candidate interface com.finflow.modules.transfers.repository.TransferTemplateRepository; If you want this repository to be a Redis repository, consider annotating your entities with one of these annotations: org.springframework.data.redis.core.RedisHash (preferred), or consider extending one of the following types with your repository: org.springframework.data.keyvalue.repository.KeyValueRepository
2026-07-29 13:15:40.946 [main] INFO  [] o.s.d.r.c.RepositoryConfigurationDelegate - Finished Spring Data repository scanning in 41 ms. Found 0 Redis repository interfaces.
2026-07-29 13:15:42.234 [main] INFO  [] o.s.b.w.e.tomcat.TomcatWebServer - Tomcat initialized with port 8080 (http)
2026-07-29 13:15:42.251 [main] INFO  [] o.a.catalina.core.StandardService - Starting service [Tomcat]
2026-07-29 13:15:42.251 [main] INFO  [] o.a.catalina.core.StandardEngine - Starting Servlet engine: [Apache Tomcat/10.1.34]
2026-07-29 13:15:42.374 [main] INFO  [] o.a.c.c.C.[Tomcat].[localhost].[/] - Initializing Spring embedded WebApplicationContext
2026-07-29 13:15:42.376 [main] INFO  [] o.s.b.w.s.c.ServletWebServerApplicationContext - Root WebApplicationContext: initialization completed in 3723 ms
2026-07-29 13:15:42.699 [main] WARN  [] c.f.s.config.JwtSigningKeyProvider - JWT signing key 'primary' is below minimum 512 bits (57 bytes). This may cause security issues.
2026-07-29 13:15:42.706 [main] INFO  [] c.f.s.config.JwtSigningKeyProvider - JWT signing keys loaded. Active key: 'primary', total keys: 1
2026-07-29 13:15:42.801 [main] DEBUG [] c.f.s.config.JwtAuthenticationFilter - Filter 'jwtAuthenticationFilter' configured for use
2026-07-29 13:15:42.802 [main] DEBUG [] o.s.w.f.ServerHttpObservationFilter - Filter 'webMvcObservationFilter' configured for use
2026-07-29 13:15:42.803 [main] DEBUG [] o.s.web.filter.CorsFilter - Filter 'corsFilter' configured for use
2026-07-29 13:15:43.202 [main] INFO  [] com.zaxxer.hikari.HikariDataSource - finflow-dev-pool - Starting...
2026-07-29 13:15:43.479 [main] INFO  [] com.zaxxer.hikari.pool.HikariPool - finflow-dev-pool - Added connection com.mysql.cj.jdbc.ConnectionImpl@5a5b394
2026-07-29 13:15:43.480 [main] INFO  [] com.zaxxer.hikari.HikariDataSource - finflow-dev-pool - Start completed.
2026-07-29 13:15:43.526 [main] INFO  [] org.flywaydb.core.FlywayExecutor - Database: jdbc:mysql://localhost:3306/finflow_auth?createDatabaseIfNotExist=true&useSSL=false&allowPublicKeyRetrieval=true&serverTimezone=UTC (MySQL 9.7)
2026-07-29 13:15:43.539 [main] WARN  [] o.f.c.i.database.base.Database - Flyway upgrade recommended: MySQL 9.7 is newer than this version of Flyway and support has not been tested. The latest supported version of MySQL is 8.1.
2026-07-29 13:15:43.577 [main] INFO  [] o.f.c.i.s.JdbcTableSchemaHistory - Schema history table `finflow_auth`.`flyway_schema_history` does not exist yet
2026-07-29 13:15:43.581 [main] INFO  [] o.f.core.internal.command.DbValidate - Successfully validated 13 migrations (execution time 00:00.031s)
2026-07-29 13:15:43.586 [main] INFO  [] o.f.c.internal.database.base.Schema - Creating schema `finflow_accounts` ...
2026-07-29 13:15:43.593 [main] INFO  [] o.f.c.internal.database.base.Schema - Creating schema `finflow_transactions` ...
2026-07-29 13:15:43.599 [main] INFO  [] o.f.c.internal.database.base.Schema - Creating schema `finflow_transfers` ...
2026-07-29 13:15:43.609 [main] INFO  [] o.f.c.internal.database.base.Schema - Creating schema `finflow_savings` ...
2026-07-29 13:15:43.617 [main] INFO  [] o.f.c.internal.database.base.Schema - Creating schema `finflow_notifications` ...
2026-07-29 13:15:43.624 [main] INFO  [] o.f.c.internal.database.base.Schema - Creating schema `finflow_profiles` ...
2026-07-29 13:15:43.631 [main] INFO  [] o.f.c.internal.database.base.Schema - Creating schema `finflow_admin` ...
2026-07-29 13:15:43.639 [main] INFO  [] o.f.c.internal.database.base.Schema - Creating schema `finflow_settings` ...
2026-07-29 13:15:43.649 [main] INFO  [] o.f.c.i.s.JdbcTableSchemaHistory - Creating Schema History table `finflow_auth`.`flyway_schema_history` ...
2026-07-29 13:15:43.737 [main] INFO  [] o.f.core.internal.command.DbMigrate - Current version of schema `finflow_auth`: null
2026-07-29 13:15:43.751 [main] INFO  [] o.f.core.internal.command.DbMigrate - Migrating schema `finflow_auth` to version "1.0 - create auth tables"
2026-07-29 13:15:44.032 [main] INFO  [] o.f.core.internal.command.DbMigrate - Migrating schema `finflow_auth` to version "3.0 - create login history and audit log"
2026-07-29 13:15:44.284 [main] INFO  [] o.f.core.internal.command.DbMigrate - Migrating schema `finflow_auth` to version "4.0 - create refresh tokens table"
2026-07-29 13:15:44.375 [main] INFO  [] o.f.core.internal.command.DbMigrate - Migrating schema `finflow_auth` to version "5.0 - create account tables"
2026-07-29 13:15:44.944 [main] INFO  [] o.f.core.internal.command.DbMigrate - Migrating schema `finflow_auth` to version "6.0 - create transaction tables"
2026-07-29 13:15:45.063 [main] INFO  [] o.f.core.internal.command.DbMigrate - Migrating schema `finflow_auth` to version "7.0 - create beneficiary tables"
2026-07-29 13:15:45.142 [main] INFO  [] o.f.core.internal.command.DbMigrate - Migrating schema `finflow_auth` to version "8.0 - create transfer tables"
2026-07-29 13:15:45.285 [main] INFO  [] o.f.core.internal.command.DbMigrate - Migrating schema `finflow_auth` to version "9.0 - create card tables"
2026-07-29 13:15:45.380 [main] INFO  [] o.f.core.internal.command.DbMigrate - Migrating schema `finflow_auth` to version "10.0 - create savings tables"
2026-07-29 13:15:45.441 [main] INFO  [] o.f.core.internal.command.DbMigrate - Migrating schema `finflow_auth` to version "11.0 - create notification tables"
2026-07-29 13:15:45.510 [main] INFO  [] o.f.core.internal.command.DbMigrate - Migrating schema `finflow_auth` to version "12.0 - create profile tables"
2026-07-29 13:15:45.556 [main] INFO  [] o.f.core.internal.command.DbMigrate - Migrating schema `finflow_auth` to version "13.0 - create settings tables"
2026-07-29 13:15:45.610 [main] INFO  [] o.f.core.internal.command.DbMigrate - Migrating schema `finflow_auth` to version "14.0 - create admin tables"
2026-07-29 13:15:45.662 [main] INFO  [] o.f.core.internal.command.DbMigrate - Successfully applied 13 migrations to schema `finflow_auth`, now at version v14.0 (execution time 00:01.576s)
2026-07-29 13:15:45.841 [main] INFO  [] o.h.jpa.internal.util.LogHelper - HHH000204: Processing PersistenceUnitInfo [name: default]
2026-07-29 13:15:45.950 [main] INFO  [] org.hibernate.Version - HHH000412: Hibernate ORM core version 6.6.4.Final
2026-07-29 13:15:46.002 [main] INFO  [] o.h.c.i.RegionFactoryInitiator - HHH000026: Second-level cache disabled
2026-07-29 13:15:46.359 [main] INFO  [] o.s.o.j.p.SpringPersistenceUnitInfo - No LoadTimeWeaver setup: ignoring JPA class transformer
2026-07-29 13:15:46.440 [main] WARN  [] org.hibernate.orm.deprecation - HHH90000025: MySQLDialect does not need to be specified explicitly using 'hibernate.dialect' (remove the property setting and it will be selected by default)
2026-07-29 13:15:46.457 [main] INFO  [] o.hibernate.orm.connections.pooling - HHH10001005: Database info:
	Database JDBC URL [Connecting through datasource 'HikariDataSource (finflow-dev-pool)']
	Database driver: undefined/unknown
	Database version: 9.7.1
	Autocommit mode: undefined/unknown
	Isolation level: undefined/unknown
	Minimum pool size: undefined/unknown
	Maximum pool size: undefined/unknown
2026-07-29 13:15:48.160 [main] INFO  [] o.h.e.t.j.p.i.JtaPlatformInitiator - HHH000489: No JTA platform available (set 'hibernate.transaction.jta.platform' to enable JTA platform integration)
2026-07-29 13:15:48.164 [main] INFO  [] o.s.o.j.LocalContainerEntityManagerFactoryBean - Initialized JPA EntityManagerFactory for persistence unit 'default'
2026-07-29 13:15:48.527 [main] INFO  [] o.s.d.j.r.query.QueryEnhancerFactory - Hibernate is in classpath; If applicable, HQL parser will be used.
2026-07-29 13:15:50.341 [main] INFO  [] org.redisson.Version - Redisson 3.37.0
2026-07-29 13:15:50.669 [redisson-netty-1-5] INFO  [] o.r.connection.ConnectionsHolder - 1 connections initialized for localhost/127.0.0.1:6379
2026-07-29 13:15:50.749 [redisson-netty-1-20] INFO  [] o.r.connection.ConnectionsHolder - 24 connections initialized for localhost/127.0.0.1:6379
2026-07-29 13:15:52.212 [main] WARN  [] o.s.b.a.o.j.JpaBaseConfiguration$JpaWebConfiguration - spring.jpa.open-in-view is enabled by default. Therefore, database queries may be performed during view rendering. Explicitly configure spring.jpa.open-in-view to disable this warning
2026-07-29 13:15:52.278 [main] WARN  [] o.s.b.a.s.s.UserDetailsServiceAutoConfiguration - 

Using generated security password: 67c180f6-da13-4754-9205-4314ef717e6a

This generated password is for development use only. Your security configuration must be updated before running your application in production.

2026-07-29 13:15:52.521 [main] DEBUG [] o.s.w.s.m.m.a.RequestMappingHandlerMapping - 75 mappings in 'requestMappingHandlerMapping'
2026-07-29 13:15:52.611 [main] DEBUG [] o.s.w.s.h.SimpleUrlHandlerMapping - Patterns [/webjars/**, /**, /swagger-ui*/*swagger-initializer.js, /swagger-ui*/**] in 'resourceHandlerMapping'
2026-07-29 13:15:52.947 [main] INFO  [] o.s.b.a.e.web.EndpointLinksResolver - Exposing 5 endpoints beneath base path '/actuator'
2026-07-29 13:15:53.354 [main] DEBUG [] o.s.w.s.m.m.a.RequestMappingHandlerAdapter - ControllerAdvice beans: 0 @ModelAttribute, 0 @InitBinder, 1 RequestBodyAdvice, 1 ResponseBodyAdvice
2026-07-29 13:15:53.449 [main] DEBUG [] o.s.w.s.m.m.a.ExceptionHandlerExceptionResolver - ControllerAdvice beans: 2 @ExceptionHandler, 1 ResponseBodyAdvice
2026-07-29 13:15:54.801 [main] INFO  [] org.quartz.impl.StdSchedulerFactory - Using default implementation for ThreadExecutor
2026-07-29 13:15:54.813 [main] INFO  [] o.quartz.core.SchedulerSignalerImpl - Initialized Scheduler Signaller of type: class org.quartz.core.SchedulerSignalerImpl
2026-07-29 13:15:54.814 [main] INFO  [] org.quartz.core.QuartzScheduler - Quartz Scheduler v.2.3.2 created.
2026-07-29 13:15:54.815 [main] INFO  [] org.quartz.simpl.RAMJobStore - RAMJobStore initialized.
2026-07-29 13:15:54.816 [main] INFO  [] org.quartz.core.QuartzScheduler - Scheduler meta-data: Quartz Scheduler (v2.3.2) 'quartzScheduler' with instanceId 'NON_CLUSTERED'
  Scheduler class: 'org.quartz.core.QuartzScheduler' - running locally.
  NOT STARTED.
  Currently in standby mode.
  Number of jobs executed: 0
  Using thread pool 'org.quartz.simpl.SimpleThreadPool' - with 10 threads.
  Using job-store 'org.quartz.simpl.RAMJobStore' - which does not support persistence. and is not clustered.

2026-07-29 13:15:54.816 [main] INFO  [] org.quartz.impl.StdSchedulerFactory - Quartz scheduler 'quartzScheduler' initialized from an externally provided properties instance.
2026-07-29 13:15:54.816 [main] INFO  [] org.quartz.impl.StdSchedulerFactory - Quartz scheduler version: 2.3.2
2026-07-29 13:15:54.816 [main] INFO  [] org.quartz.core.QuartzScheduler - JobFactory set to: org.springframework.scheduling.quartz.SpringBeanJobFactory@b77d72e
2026-07-29 13:15:55.153 [main] INFO  [] o.s.b.w.e.tomcat.TomcatWebServer - Tomcat started on port 8080 (http) with context path '/'
2026-07-29 13:15:55.154 [main] INFO  [] o.s.s.quartz.SchedulerFactoryBean - Starting Quartz Scheduler now
2026-07-29 13:15:55.155 [main] INFO  [] org.quartz.core.QuartzScheduler - Scheduler quartzScheduler_$_NON_CLUSTERED started.
2026-07-29 13:15:55.174 [main] INFO  [] com.finflow.FinFlowApplication - Started FinFlowApplication in 17.136 seconds (process running for 17.699)
2026-07-29 13:18:24.741 [http-nio-8080-exec-1] INFO  [] o.a.c.c.C.[Tomcat].[localhost].[/] - Initializing Spring DispatcherServlet 'dispatcherServlet'
2026-07-29 13:18:24.742 [http-nio-8080-exec-1] INFO  [] o.s.web.servlet.DispatcherServlet - Initializing Servlet 'dispatcherServlet'
2026-07-29 13:18:24.742 [http-nio-8080-exec-1] DEBUG [] o.s.web.servlet.DispatcherServlet - Detected StandardServletMultipartResolver
2026-07-29 13:18:24.742 [http-nio-8080-exec-1] DEBUG [] o.s.web.servlet.DispatcherServlet - Detected AcceptHeaderLocaleResolver
2026-07-29 13:18:24.742 [http-nio-8080-exec-1] DEBUG [] o.s.web.servlet.DispatcherServlet - Detected FixedThemeResolver
2026-07-29 13:18:24.746 [http-nio-8080-exec-1] DEBUG [] o.s.web.servlet.DispatcherServlet - Detected org.springframework.web.servlet.view.DefaultRequestToViewNameTranslator@2367390f
2026-07-29 13:18:24.747 [http-nio-8080-exec-1] DEBUG [] o.s.web.servlet.DispatcherServlet - Detected org.springframework.web.servlet.support.SessionFlashMapManager@23488e7a
2026-07-29 13:18:24.748 [http-nio-8080-exec-1] DEBUG [] o.s.web.servlet.DispatcherServlet - enableLoggingRequestDetails='false': request parameters and headers will be masked to prevent unsafe logging of potentially sensitive data
2026-07-29 13:18:24.748 [http-nio-8080-exec-1] INFO  [] o.s.web.servlet.DispatcherServlet - Completed initialization in 6 ms
2026-07-29 13:18:24.827 [http-nio-8080-exec-1] DEBUG [] o.s.web.servlet.DispatcherServlet - POST "/api/v1/auth/register", parameters={}
2026-07-29 13:18:24.831 [http-nio-8080-exec-1] DEBUG [] o.s.w.s.m.m.a.RequestMappingHandlerMapping - Mapped to com.finflow.modules.auth.controller.AuthController#register(RegisterRequest)
2026-07-29 13:18:24.913 [http-nio-8080-exec-1] DEBUG [] o.s.w.s.m.m.a.RequestResponseBodyMethodProcessor - Read "application/json;charset=UTF-8" to [RegisterRequest[email=finaltest@example.com, phoneNumber=+2348018000000, username=finaltest, passwor (truncated)...]
2026-07-29 13:18:25.028 [http-nio-8080-exec-1] INFO  [] c.f.m.auth.controller.AuthController - Registration request for email=finaltest@example.com
2026-07-29 13:18:25.178 [http-nio-8080-exec-1] DEBUG [] org.hibernate.SQL - 
    /* <criteria> */ select
        u1_0.id 
    from
        finflow_auth.users u1_0 
    where
        upper(u1_0.email)=upper(?) 
        and not(u1_0.is_deleted) 
    limit
        ?
2026-07-29 13:18:25.219 [http-nio-8080-exec-1] DEBUG [] org.hibernate.SQL - 
    /* <criteria> */ select
        u1_0.id 
    from
        finflow_auth.users u1_0 
    where
        u1_0.phone_number=? 
        and not(u1_0.is_deleted) 
    limit
        ?
2026-07-29 13:18:25.223 [http-nio-8080-exec-1] DEBUG [] org.hibernate.SQL - 
    /* <criteria> */ select
        u1_0.id 
    from
        finflow_auth.users u1_0 
    where
        upper(u1_0.username)=upper(?) 
        and not(u1_0.is_deleted) 
    limit
        ?
2026-07-29 13:18:25.226 [http-nio-8080-exec-1] DEBUG [] org.hibernate.SQL - 
    /* <criteria> */ select
        r1_0.id 
    from
        finflow_auth.roles r1_0 
    where
        r1_0.name=? 
        and r1_0.is_active 
    limit
        ?
2026-07-29 13:18:25.329 [http-nio-8080-exec-1] INFO  [] c.f.m.a.service.RegistrationService - User created: id=23d4e298-8b8b-4995-a6b0-50e52b9754e0, email=finaltest@example.com
2026-07-29 13:18:25.670 [http-nio-8080-exec-1] INFO  [] c.f.m.a.service.RegistrationService - Password credential stored for user: 23d4e298-8b8b-4995-a6b0-50e52b9754e0
2026-07-29 13:18:25.695 [http-nio-8080-exec-1] DEBUG [] org.hibernate.SQL - 
    /* <criteria> */ select
        r1_0.id,
        r1_0.created_at,
        r1_0.description,
        r1_0.is_active,
        r1_0.is_system_role,
        r1_0.name,
        r1_0.updated_at,
        r1_0.version 
    from
        finflow_auth.roles r1_0 
    where
        r1_0.name=? 
        and r1_0.is_active
2026-07-29 13:18:25.723 [http-nio-8080-exec-1] INFO  [] c.f.m.a.service.RegistrationService - CUSTOMER role assigned to user: 23d4e298-8b8b-4995-a6b0-50e52b9754e0
2026-07-29 13:18:25.742 [http-nio-8080-exec-1] DEBUG [] org.hibernate.SQL - 
    /* insert for
        com.finflow.modules.auth.domain.User */insert 
    into
        finflow_auth.users (created_at, created_by, deleted_at, deleted_by, email, email_verified, failed_login_count, is_deleted, last_login_at, locked_until, modified_by, phone_number, phone_verified, status, terms_accepted_at, updated_at, username, version, id) 
    values
        (?, ?, ?, ?, ?, ?, ?, ?, ?, ?, ?, ?, ?, ?, ?, ?, ?, ?, ?)
2026-07-29 13:18:25.756 [http-nio-8080-exec-1] DEBUG [] org.hibernate.SQL - 
    /* insert for
        com.finflow.modules.auth.domain.UserCredential */insert 
    into
        finflow_auth.user_credentials (created_at, created_by, credential_type, deleted_at, deleted_by, expires_at, hashed_value, is_active, is_deleted, last_used_at, modified_by, updated_at, user_id, version, id) 
    values
        (?, ?, ?, ?, ?, ?, ?, ?, ?, ?, ?, ?, ?, ?, ?)
2026-07-29 13:18:25.759 [http-nio-8080-exec-1] DEBUG [] org.hibernate.SQL - 
    /* insert for
        com.finflow.modules.auth.domain.UserRole */insert 
    into
        finflow_auth.user_roles (created_at, granted_at, granted_by, role_id, updated_at, user_id, version, id) 
    values
        (?, ?, ?, ?, ?, ?, ?, ?)
2026-07-29 13:18:25.798 [http-nio-8080-exec-1] DEBUG [] o.s.w.s.m.m.a.HttpEntityMethodProcessor - Using 'application/json', given [*/*] and supported [application/json, application/*+json, application/yaml]
2026-07-29 13:18:25.804 [http-nio-8080-exec-1] DEBUG [] o.s.w.s.m.m.a.HttpEntityMethodProcessor - Writing [ApiResponse[success=true, data=RegisterResponse[id=23d4e298-8b8b-4995-a6b0-50e52b9754e0, email=final (truncated)...]
2026-07-29 13:18:25.825 [http-nio-8080-exec-1] DEBUG [] o.s.web.servlet.DispatcherServlet - Completed 201 CREATED
2026-07-29 13:18:25.972 [http-nio-8080-exec-2] DEBUG [] o.s.web.servlet.DispatcherServlet - POST "/api/v1/auth/login", parameters={}
2026-07-29 13:18:25.973 [http-nio-8080-exec-2] DEBUG [] o.s.w.s.m.m.a.RequestMappingHandlerMapping - Mapped to com.finflow.modules.auth.controller.AuthController#login(LoginRequest, HttpServletRequest)
2026-07-29 13:18:25.979 [http-nio-8080-exec-2] DEBUG [] o.s.w.s.m.m.a.RequestResponseBodyMethodProcessor - Read "application/json;charset=UTF-8" to [LoginRequest[identifier=finaltest@example.com, password=Str0ng!Pass#2026]]
2026-07-29 13:18:25.985 [http-nio-8080-exec-2] INFO  [] c.f.m.auth.controller.AuthController - Login request for identifier=finaltest@example.com
2026-07-29 13:18:25.987 [http-nio-8080-exec-2] DEBUG [] c.f.m.a.s.AuthenticationService - Authentication attempt for identifier=finaltest@example.com
2026-07-29 13:18:25.991 [http-nio-8080-exec-2] DEBUG [] org.hibernate.SQL - 
    /* <criteria> */ select
        u1_0.id,
        u1_0.created_at,
        u1_0.created_by,
        u1_0.deleted_at,
        u1_0.deleted_by,
        u1_0.email,
        u1_0.email_verified,
        u1_0.failed_login_count,
        u1_0.is_deleted,
        u1_0.last_login_at,
        u1_0.locked_until,
        u1_0.modified_by,
        u1_0.phone_number,
        u1_0.phone_verified,
        u1_0.status,
        u1_0.terms_accepted_at,
        u1_0.updated_at,
        u1_0.username,
        u1_0.version 
    from
        finflow_auth.users u1_0 
    where
        upper(u1_0.email)=upper(?) 
        and not(u1_0.is_deleted)
2026-07-29 13:18:26.011 [http-nio-8080-exec-2] DEBUG [] org.hibernate.SQL - 
    /* <criteria> */ select
        uc1_0.id,
        uc1_0.created_at,
        uc1_0.created_by,
        uc1_0.credential_type,
        uc1_0.deleted_at,
        uc1_0.deleted_by,
        uc1_0.expires_at,
        uc1_0.hashed_value,
        uc1_0.is_active,
        uc1_0.is_deleted,
        uc1_0.last_used_at,
        uc1_0.modified_by,
        uc1_0.updated_at,
        uc1_0.user_id,
        uc1_0.version 
    from
        finflow_auth.user_credentials uc1_0 
    where
        uc1_0.user_id=? 
        and uc1_0.credential_type=? 
        and uc1_0.is_active 
        and not(uc1_0.is_deleted)
2026-07-29 13:18:26.218 [http-nio-8080-exec-2] DEBUG [] org.hibernate.SQL - 
    /* insert for
        com.finflow.modules.auth.domain.LoginHistory */insert 
    into
        finflow_auth.login_history (created_at, failure_reason, identifier, ip_address, success, user_id, user_agent) 
    values
        (?, ?, ?, ?, ?, ?, ?)
2026-07-29 13:18:26.235 [http-nio-8080-exec-2] INFO  [] c.f.m.a.s.AuthenticationService - Authentication successful: user=23d4e298-8b8b-4995-a6b0-50e52b9754e0, email=finaltest@example.com
2026-07-29 13:18:26.240 [http-nio-8080-exec-2] DEBUG [] org.hibernate.SQL - 
    select
        r1_0.user_id,
        r1_0.id,
        r1_0.created_at,
        r1_0.granted_at,
        r1_0.granted_by,
        r1_0.role_id,
        r2_0.id,
        r2_0.created_at,
        r2_0.description,
        r2_0.is_active,
        r2_0.is_system_role,
        r2_0.name,
        r2_0.updated_at,
        r2_0.version,
        r1_0.updated_at,
        r1_0.version 
    from
        finflow_auth.user_roles r1_0 
    left join
        finflow_auth.roles r2_0 
            on r2_0.id=r1_0.role_id 
    where
        r1_0.user_id=?
2026-07-29 13:18:26.492 [http-nio-8080-exec-2] DEBUG [] c.f.m.auth.service.RedisSessionCache - Session stored in Redis: sessionId=be8ca587-47fb-4464-9fdd-5ab62a675f23, userId=23d4e298-8b8b-4995-a6b0-50e52b9754e0, ttl=2592000s
2026-07-29 13:18:26.492 [http-nio-8080-exec-2] INFO  [] c.f.m.auth.service.SessionService - Session created: userId=23d4e298-8b8b-4995-a6b0-50e52b9754e0, sessionId=be8ca587-47fb-4464-9fdd-5ab62a675f23, expiresAt=2026-08-28T13:18:26.421019900
2026-07-29 13:18:26.509 [http-nio-8080-exec-2] DEBUG [] org.hibernate.SQL - 
    /* insert for
        com.finflow.modules.auth.domain.RefreshToken */insert 
    into
        finflow_auth.refresh_tokens (created_at, created_ip, created_user_agent, expires_at, family_id, is_revoked, last_used_at, last_used_ip, refresh_token_hash, revoked_at, session_id, updated_at, user_id, version, id) 
    values
        (?, ?, ?, ?, ?, ?, ?, ?, ?, ?, ?, ?, ?, ?, ?)
2026-07-29 13:18:26.519 [http-nio-8080-exec-2] DEBUG [] org.hibernate.SQL - 
    /* update
        for com.finflow.modules.auth.domain.User */update finflow_auth.users 
    set
        deleted_at=?,
        deleted_by=?,
        email=?,
        email_verified=?,
        failed_login_count=?,
        is_deleted=?,
        last_login_at=?,
        locked_until=?,
        modified_by=?,
        phone_number=?,
        phone_verified=?,
        status=?,
        terms_accepted_at=?,
        updated_at=?,
        username=?,
        version=? 
    where
        id=? 
        and version=?
2026-07-29 13:18:26.527 [http-nio-8080-exec-2] DEBUG [] org.hibernate.SQL - 
    /* update
        for com.finflow.modules.auth.domain.UserCredential */update finflow_auth.user_credentials 
    set
        credential_type=?,
        deleted_at=?,
        deleted_by=?,
        expires_at=?,
        hashed_value=?,
        is_active=?,
        is_deleted=?,
        last_used_at=?,
        modified_by=?,
        updated_at=?,
        user_id=?,
        version=? 
    where
        id=? 
        and version=?
2026-07-29 13:18:26.530 [http-nio-8080-exec-2] DEBUG [] org.hibernate.SQL - 
    /* SELECT
        COUNT(rt) 
    FROM
        RefreshToken rt 
    WHERE
        rt.user.id = :userId 
        AND rt.isRevoked = false 
        AND rt.expiresAt > CURRENT_TIMESTAMP */ select
            count(rt1_0.id) 
        from
            finflow_auth.refresh_tokens rt1_0 
        where
            rt1_0.user_id=? 
            and rt1_0.is_revoked=0 
            and rt1_0.expires_at>current_timestamp(6)
2026-07-29 13:18:26.532 [http-nio-8080-exec-2] INFO  [] c.f.m.a.service.RefreshTokenService - Refresh token created for user=23d4e298-8b8b-4995-a6b0-50e52b9754e0, sessionId=be8ca587-47fb-4464-9fdd-5ab62a675f23, familyId=33546071-8314-40a0-afe3-36c23a0f3dae
2026-07-29 13:18:26.537 [http-nio-8080-exec-2] DEBUG [] o.s.w.s.m.m.a.HttpEntityMethodProcessor - Using 'application/json', given [*/*] and supported [application/json, application/*+json, application/yaml]
2026-07-29 13:18:26.540 [http-nio-8080-exec-2] DEBUG [] o.s.w.s.m.m.a.HttpEntityMethodProcessor - Writing [ApiResponse[success=true, data=RefreshTokenResponse[accessToken=eyJraWQiOiJwcmltYXJ5IiwiYWxnIjoiSFMz (truncated)...]
2026-07-29 13:18:26.545 [http-nio-8080-exec-2] DEBUG [] o.s.web.servlet.DispatcherServlet - Completed 200 OK
2026-07-29 13:18:26.667 [http-nio-8080-exec-3] DEBUG [] o.s.web.servlet.DispatcherServlet - GET "/api/v1/accounts", parameters={}
2026-07-29 13:18:26.669 [http-nio-8080-exec-3] DEBUG [] o.s.w.s.m.m.a.RequestMappingHandlerMapping - Mapped to com.finflow.modules.accounts.controller.AccountController#getMyAccounts(AccountType, AccountStatus, int, int)
2026-07-29 13:18:26.693 [http-nio-8080-exec-3] DEBUG [] org.hibernate.SQL - 
    /* SELECT
        a 
    FROM
        Account a 
    WHERE
        a.ownerId = :ownerId 
        AND a.isDeleted = false 
    order by
        a.createdAt desc */ select
            a1_0.id,
            a1_0.account_number,
            a1_0.account_status,
            a1_0.account_type,
            a1_0.available_balance_cents,
            a1_0.created_at,
            a1_0.created_by,
            a1_0.currency,
            a1_0.deleted_at,
            a1_0.deleted_by,
            a1_0.is_deleted,
            a1_0.ledger_balance_cents,
            a1_0.modified_by,
            a1_0.nickname,
            a1_0.owner_id,
            a1_0.updated_at,
            a1_0.version 
        from
            finflow_accounts.accounts a1_0 
        where
            a1_0.owner_id=? 
            and a1_0.is_deleted=0 
        order by
            a1_0.created_at desc 
        limit
            ?
2026-07-29 13:18:26.702 [http-nio-8080-exec-3] DEBUG [] o.s.w.s.m.m.a.HttpEntityMethodProcessor - Using 'application/json', given [*/*] and supported [application/json, application/*+json, application/yaml]
2026-07-29 13:18:26.733 [http-nio-8080-exec-3] DEBUG [] o.s.w.s.m.m.a.HttpEntityMethodProcessor - Writing [ApiResponse[success=true, data=PageResponse[content=[], page=0, size=20, totalElements=0, totalPages (truncated)...]
2026-07-29 13:18:26.740 [http-nio-8080-exec-3] DEBUG [] o.s.web.servlet.DispatcherServlet - Completed 200 OK
2026-07-29 13:18:26.795 [http-nio-8080-exec-4] DEBUG [] o.s.web.servlet.DispatcherServlet - GET "/api/v1/transactions", parameters={}
2026-07-29 13:18:26.796 [http-nio-8080-exec-4] DEBUG [] o.s.w.s.m.m.a.RequestMappingHandlerMapping - Mapped to com.finflow.modules.transactions.controller.TransactionController#getMyTransactions(TransactionType, TransactionStatus, String, LocalDateTime, LocalDateTime, int, int)
2026-07-29 13:18:26.816 [http-nio-8080-exec-4] DEBUG [] org.hibernate.SQL - 
    /* SELECT
        t 
    FROM
        Transaction t 
    WHERE
        t.userId = :userId 
        AND (
            :type IS NULL 
            OR t.transactionType = :type
        ) 
        AND (
            :status IS NULL 
            OR t.transactionStatus = :status
        ) 
        AND (
            :accountId IS NULL 
            OR t.sourceAccountId = :accountId 
            OR t.targetAccountId = :accountId
        ) 
        AND (
            :fromDate IS NULL 
            OR t.createdAt >= :fromDate
        ) 
        AND (
            :toDate IS NULL 
            OR t.createdAt <= :toDate
        ) 
    ORDER BY
        t.createdAt DESC,
        t.createdAt desc */ select
            t1_0.id,
            t1_0.amount_cents,
            t1_0.completed_at,
            t1_0.created_at,
            t1_0.currency,
            t1_0.description,
            t1_0.failed_reason,
            t1_0.fee_amount_cents,
            t1_0.idempotency_key,
            t1_0.metadata_json,
            t1_0.reference_number,
            t1_0.source_account_id,
            t1_0.target_account_id,
            t1_0.transaction_status,
            t1_0.transaction_type,
            t1_0.updated_at,
            t1_0.user_id,
            t1_0.version 
        from
            finflow_transactions.transactions t1_0 
        where
            t1_0.user_id=? 
            and (
                ? is null 
                or t1_0.transaction_type=?
            ) 
            and (
                ? is null 
                or t1_0.transaction_status=?
            ) 
            and (
                ? is null 
                or t1_0.source_account_id=? 
                or t1_0.target_account_id=?
            ) 
            and (
                ? is null 
                or t1_0.created_at>=?
            ) 
            and (
                ? is null 
                or t1_0.created_at<=?
            ) 
        order by
            t1_0.created_at desc,
            t1_0.created_at desc 
        limit
            ?
2026-07-29 13:18:26.824 [http-nio-8080-exec-4] DEBUG [] o.s.w.s.m.m.a.HttpEntityMethodProcessor - Using 'application/json', given [*/*] and supported [application/json, application/*+json, application/yaml]
2026-07-29 13:18:26.825 [http-nio-8080-exec-4] DEBUG [] o.s.w.s.m.m.a.HttpEntityMethodProcessor - Writing [ApiResponse[success=true, data=PageResponse[content=[], page=0, size=20, totalElements=0, totalPages (truncated)...]
2026-07-29 13:18:26.827 [http-nio-8080-exec-4] DEBUG [] o.s.web.servlet.DispatcherServlet - Completed 200 OK
2026-07-29 13:19:24.392 [main] INFO  [] c.f.m.a.r.AuthRepositoryIntegrationTest - Starting AuthRepositoryIntegrationTest using Java 21.0.11 with PID 988 (started by Lenovo in C:\Users\Lenovo\OneDrive\Desktop\FinFlow\backend)
2026-07-29 13:19:24.395 [main] DEBUG [] c.f.m.a.r.AuthRepositoryIntegrationTest - Running with Spring Boot v3.4.1, Spring v6.2.1
2026-07-29 13:19:24.396 [main] INFO  [] c.f.m.a.r.AuthRepositoryIntegrationTest - The following 1 profile is active: "test"
2026-07-29 13:19:25.573 [main] INFO  [] o.s.d.r.c.RepositoryConfigurationDelegate - Multiple Spring Data modules found, entering strict repository configuration mode
2026-07-29 13:19:25.579 [main] INFO  [] o.s.d.r.c.RepositoryConfigurationDelegate - Bootstrapping Spring Data JPA repositories in DEFAULT mode.
2026-07-29 13:19:26.031 [main] INFO  [] o.s.d.r.c.RepositoryConfigurationDelegate - Finished Spring Data repository scanning in 415 ms. Found 22 JPA repository interfaces.
2026-07-29 13:19:26.184 [main] INFO  [] o.s.b.t.a.j.TestDatabaseAutoConfiguration$EmbeddedDataSourceBeanFactoryPostProcessor - Replacing 'dataSource' DataSource bean with embedded version
2026-07-29 13:19:26.771 [main] INFO  [] o.s.j.d.e.EmbeddedDatabaseFactory - Starting embedded database: url='jdbc:h2:mem:0ef7f01b-38de-4b8a-bb9c-b800a90bb63f;DB_CLOSE_DELAY=-1;DB_CLOSE_ON_EXIT=false', username='sa'
2026-07-29 13:19:28.040 [main] INFO  [] o.h.jpa.internal.util.LogHelper - HHH000204: Processing PersistenceUnitInfo [name: default]
2026-07-29 13:19:28.279 [main] INFO  [] org.hibernate.Version - HHH000412: Hibernate ORM core version 6.6.4.Final
2026-07-29 13:19:28.395 [main] INFO  [] o.h.c.i.RegionFactoryInitiator - HHH000026: Second-level cache disabled
2026-07-29 13:19:28.823 [main] INFO  [] o.s.o.j.p.SpringPersistenceUnitInfo - No LoadTimeWeaver setup: ignoring JPA class transformer
2026-07-29 13:19:28.996 [main] WARN  [] org.hibernate.orm.deprecation - HHH90000025: H2Dialect does not need to be specified explicitly using 'hibernate.dialect' (remove the property setting and it will be selected by default)
2026-07-29 13:19:29.068 [main] INFO  [] o.hibernate.orm.connections.pooling - HHH10001005: Database info:
	Database JDBC URL [Connecting through datasource 'org.springframework.jdbc.datasource.embedded.EmbeddedDatabaseFactory$EmbeddedDataSourceProxy@e31b846']
	Database driver: undefined/unknown
	Database version: 2.3.232
	Autocommit mode: undefined/unknown
	Isolation level: undefined/unknown
	Minimum pool size: undefined/unknown
	Maximum pool size: undefined/unknown
2026-07-29 13:19:32.677 [main] INFO  [] o.h.e.t.j.p.i.JtaPlatformInitiator - HHH000489: No JTA platform available (set 'hibernate.transaction.jta.platform' to enable JTA platform integration)
2026-07-29 13:19:32.740 [main] DEBUG [] org.hibernate.SQL - 
    drop table if exists finflow_accounts.account_holders cascade 
2026-07-29 13:19:32.745 [main] DEBUG [] org.hibernate.SQL - 
    drop table if exists finflow_accounts.account_status_history cascade 
2026-07-29 13:19:32.746 [main] DEBUG [] org.hibernate.SQL - 
    drop table if exists finflow_accounts.accounts cascade 
2026-07-29 13:19:32.746 [main] DEBUG [] org.hibernate.SQL - 
    drop table if exists finflow_accounts.beneficiaries cascade 
2026-07-29 13:19:32.747 [main] DEBUG [] org.hibernate.SQL - 
    drop table if exists finflow_accounts.card_transactions cascade 
2026-07-29 13:19:32.747 [main] DEBUG [] org.hibernate.SQL - 
    drop table if exists finflow_accounts.cards cascade 
2026-07-29 13:19:32.748 [main] DEBUG [] org.hibernate.SQL - 
    drop table if exists finflow_accounts.holds cascade 
2026-07-29 13:19:32.748 [main] DEBUG [] org.hibernate.SQL - 
    drop table if exists finflow_admin.admin_audit_log cascade 
2026-07-29 13:19:32.748 [main] DEBUG [] org.hibernate.SQL - 
    drop table if exists finflow_auth.login_history cascade 
2026-07-29 13:19:32.750 [main] DEBUG [] org.hibernate.SQL - 
    drop table if exists finflow_auth.refresh_tokens cascade 
2026-07-29 13:19:32.751 [main] DEBUG [] org.hibernate.SQL - 
    drop table if exists finflow_auth.roles cascade 
2026-07-29 13:19:32.751 [main] DEBUG [] org.hibernate.SQL - 
    drop table if exists finflow_auth.user_credentials cascade 
2026-07-29 13:19:32.752 [main] DEBUG [] org.hibernate.SQL - 
    drop table if exists finflow_auth.user_roles cascade 
2026-07-29 13:19:32.752 [main] DEBUG [] org.hibernate.SQL - 
    drop table if exists finflow_auth.users cascade 
2026-07-29 13:19:32.753 [main] DEBUG [] org.hibernate.SQL - 
    drop table if exists finflow_notifications.notifications cascade 
2026-07-29 13:19:32.753 [main] DEBUG [] org.hibernate.SQL - 
    drop table if exists finflow_profiles.user_profiles cascade 
2026-07-29 13:19:32.754 [main] DEBUG [] org.hibernate.SQL - 
    drop table if exists finflow_savings.savings_goals cascade 
2026-07-29 13:19:32.754 [main] DEBUG [] org.hibernate.SQL - 
    drop table if exists finflow_settings.user_settings cascade 
2026-07-29 13:19:32.754 [main] DEBUG [] org.hibernate.SQL - 
    drop table if exists finflow_transactions.transaction_entries cascade 
2026-07-29 13:19:32.754 [main] DEBUG [] org.hibernate.SQL - 
    drop table if exists finflow_transactions.transactions cascade 
2026-07-29 13:19:32.755 [main] DEBUG [] org.hibernate.SQL - 
    drop table if exists finflow_transfers.scheduled_transfers cascade 
2026-07-29 13:19:32.756 [main] DEBUG [] org.hibernate.SQL - 
    drop table if exists finflow_transfers.transfer_templates cascade 
2026-07-29 13:19:32.771 [main] DEBUG [] org.hibernate.SQL - 
    create table finflow_accounts.account_holders (
        created_at timestamp(6) not null,
        updated_at timestamp(6) not null,
        version bigint not null,
        account_id CHAR(36) not null,
        id CHAR(36) not null,
        user_id varchar(36) not null,
        ownership_type enum ('AUTHORIZED','JOINT','PRIMARY') not null,
        primary key (id),
        unique (account_id, user_id)
    )
2026-07-29 13:19:32.795 [main] DEBUG [] org.hibernate.SQL - 
    create table finflow_accounts.account_status_history (
        changed_at timestamp(6) not null,
        id bigint generated by default as identity,
        new_status varchar(25) not null,
        previous_status varchar(25),
        account_id CHAR(36) not null,
        changed_by varchar(36) not null,
        reason varchar(500),
        primary key (id)
    )
2026-07-29 13:19:32.805 [main] DEBUG [] org.hibernate.SQL - 
    create table finflow_accounts.accounts (
        currency varchar(3) not null,
        is_deleted boolean not null,
        available_balance_cents bigint not null,
        created_at timestamp(6) not null,
        deleted_at timestamp(6),
        ledger_balance_cents bigint not null,
        updated_at timestamp(6) not null,
        version bigint not null,
        account_number varchar(20) not null unique,
        created_by varchar(36) not null,
        deleted_by varchar(36),
        id CHAR(36) not null,
        modified_by varchar(36) not null,
        owner_id varchar(36) not null,
        nickname varchar(100),
        account_status enum ('ACTIVE','CLOSED','PENDING','RESTRICTED','SUSPENDED') not null,
        account_type enum ('CHECKING','CREDIT','INVESTMENT','SAVINGS') not null,
        primary key (id)
    )
2026-07-29 13:19:32.809 [main] DEBUG [] org.hibernate.SQL - 
    create table finflow_accounts.beneficiaries (
        currency varchar(3) not null,
        is_deleted boolean not null,
        created_at timestamp(6) not null,
        deleted_at timestamp(6),
        updated_at timestamp(6) not null,
        version bigint not null,
        routing_number varchar(20),
        swift_code varchar(20),
        created_by varchar(36) not null,
        deleted_by varchar(36),
        id CHAR(36) not null,
        modified_by varchar(36) not null,
        owner_id varchar(36) not null,
        account_number varchar(50) not null,
        iban varchar(50),
        nickname varchar(100),
        bank_name varchar(200),
        beneficiary_name varchar(200) not null,
        email varchar(254),
        beneficiary_status enum ('ACTIVE','BLOCKED','INACTIVE') not null,
        primary key (id),
        constraint uk_beneficiary_account unique (owner_id, account_number)
    )
2026-07-29 13:19:32.814 [main] DEBUG [] org.hibernate.SQL - 
    create table finflow_accounts.card_transactions (
        currency varchar(3) not null,
        amount_cents bigint not null,
        created_at timestamp(6) not null,
        updated_at timestamp(6) not null,
        version bigint not null,
        authorization_code varchar(20),
        card_id varchar(36) not null,
        id CHAR(36) not null,
        merchant_category varchar(50),
        merchant_name varchar(200),
        status enum ('AUTHORIZED','CAPTURED','DECLINED','REFUNDED','REVERSED','SETTLED') not null,
        transaction_type enum ('AUTHORIZATION','CAPTURE','CASHBACK','FEE','REFUND','REVERSAL','SETTLEMENT') not null,
        primary key (id)
    )
2026-07-29 13:19:32.818 [main] DEBUG [] org.hibernate.SQL - 
    create table finflow_accounts.cards (
        card_last_four varchar(4) not null,
        currency varchar(3) not null,
        expiry_month integer not null,
        expiry_year integer not null,
        pin_set boolean not null,
        created_at timestamp(6) not null,
        credit_limit_cents bigint,
        daily_limit_cents bigint,
        monthly_limit_cents bigint,
        updated_at timestamp(6) not null,
        version bigint not null,
        account_id varchar(36) not null,
        id CHAR(36) not null,
        owner_id varchar(36) not null,
        cardholder_name varchar(200) not null,
        card_number_hash varchar(255) not null,
        card_status enum ('ACTIVE','BLOCKED','CANCELLED','EXPIRED','FROZEN','PENDING') not null,
        card_type enum ('CREDIT','DEBIT','PREPAID') not null,
        primary key (id)
    )
2026-07-29 13:19:32.822 [main] DEBUG [] org.hibernate.SQL - 
    create table finflow_accounts.holds (
        amount_cents bigint not null,
        created_at timestamp(6) not null,
        expires_at timestamp(6),
        released_at timestamp(6),
        updated_at timestamp(6) not null,
        version bigint not null,
        account_id CHAR(36) not null,
        id CHAR(36) not null,
        released_by varchar(36),
        source_id varchar(36),
        source_type varchar(50),
        reason varchar(500) not null,
        hold_status enum ('ACTIVE','EXPIRED','RELEASED') not null,
        primary key (id)
    )
2026-07-29 13:19:32.829 [main] DEBUG [] org.hibernate.SQL - 
    create table finflow_admin.admin_audit_log (
        created_at timestamp(6) not null,
        updated_at timestamp(6) not null,
        version bigint not null,
        admin_user_id varchar(36) not null,
        created_by varchar(36) not null,
        id CHAR(36) not null,
        modified_by varchar(36) not null,
        target_id varchar(36) not null,
        ip_address varchar(45),
        target_type varchar(50) not null,
        action varchar(100) not null,
        details TEXT,
        primary key (id)
    )
2026-07-29 13:19:32.832 [main] DEBUG [] org.hibernate.SQL - 
    create table finflow_auth.login_history (
        success boolean not null,
        created_at timestamp(6) not null,
        id bigint generated by default as identity,
        user_id CHAR(36),
        ip_address varchar(45),
        identifier varchar(254) not null,
        user_agent varchar(500),
        failure_reason enum ('ACCOUNT_CLOSED','ACCOUNT_LOCKED','ACCOUNT_NOT_VERIFIED','ACCOUNT_SUSPENDED','INVALID_CREDENTIALS'),
        primary key (id)
    )
2026-07-29 13:19:32.838 [main] DEBUG [] org.hibernate.SQL - 
    create table finflow_auth.refresh_tokens (
        is_revoked boolean not null,
        created_at timestamp(6) not null,
        expires_at timestamp(6) not null,
        last_used_at timestamp(6),
        revoked_at timestamp(6),
        updated_at timestamp(6) not null,
        version bigint not null,
        family_id varchar(36) not null,
        id CHAR(36) not null,
        session_id varchar(36) not null unique,
        user_id CHAR(36) not null,
        created_ip varchar(45),
        last_used_ip varchar(45),
        refresh_token_hash varchar(64) not null,
        created_user_agent varchar(500),
        primary key (id)
    )
2026-07-29 13:19:32.842 [main] DEBUG [] org.hibernate.SQL - 
    create table finflow_auth.roles (
        is_active boolean not null,
        is_system_role boolean not null,
        created_at timestamp(6) not null,
        updated_at timestamp(6) not null,
        version bigint not null,
        id CHAR(36) not null,
        name varchar(50) not null unique,
        description varchar(255),
        primary key (id)
    )
2026-07-29 13:19:32.845 [main] DEBUG [] org.hibernate.SQL - 
    create table finflow_auth.user_credentials (
        is_active boolean not null,
        is_deleted boolean not null,
        created_at timestamp(6) not null,
        deleted_at timestamp(6),
        expires_at timestamp(6),
        last_used_at timestamp(6),
        updated_at timestamp(6) not null,
        version bigint not null,
        created_by varchar(36) not null,
        deleted_by varchar(36),
        id CHAR(36) not null,
        modified_by varchar(36) not null,
        user_id CHAR(36) not null,
        hashed_value varchar(255) not null,
        credential_type enum ('BIOMETRIC','PASSKEY','PASSWORD') not null,
        primary key (id)
    )
2026-07-29 13:19:32.848 [main] DEBUG [] org.hibernate.SQL - 
    create table finflow_auth.user_roles (
        created_at timestamp(6) not null,
        granted_at timestamp(6) not null,
        updated_at timestamp(6) not null,
        version bigint not null,
        granted_by varchar(36) not null,
        id CHAR(36) not null,
        role_id CHAR(36) not null,
        user_id CHAR(36) not null,
        primary key (id),
        unique (user_id, role_id)
    )
2026-07-29 13:19:32.853 [main] DEBUG [] org.hibernate.SQL - 
    create table finflow_auth.users (
        email_verified boolean not null,
        failed_login_count integer not null,
        is_deleted boolean not null,
        phone_verified boolean not null,
        created_at timestamp(6) not null,
        deleted_at timestamp(6),
        last_login_at timestamp(6),
        locked_until timestamp(6),
        terms_accepted_at timestamp(6),
        updated_at timestamp(6) not null,
        version bigint not null,
        phone_number varchar(20),
        username varchar(30) not null,
        created_by varchar(36) not null,
        deleted_by varchar(36),
        id CHAR(36) not null,
        modified_by varchar(36) not null,
        email varchar(254) not null,
        status enum ('ACTIVE','CLOSED','PENDING_VERIFICATION','SUSPENDED') not null,
        primary key (id)
    )
2026-07-29 13:19:32.857 [main] DEBUG [] org.hibernate.SQL - 
    create table finflow_notifications.notifications (
        is_read boolean not null,
        created_at timestamp(6) not null,
        read_at timestamp(6),
        updated_at timestamp(6) not null,
        version bigint not null,
        created_by varchar(36) not null,
        id CHAR(36) not null,
        modified_by varchar(36) not null,
        owner_id varchar(36) not null,
        reference_id varchar(36),
        reference_type varchar(50),
        message TEXT not null,
        title varchar(255) not null,
        notification_type enum ('ACCOUNT','PROMOTION','SECURITY','SYSTEM','TRANSACTION') not null,
        primary key (id)
    )
2026-07-29 13:19:32.860 [main] DEBUG [] org.hibernate.SQL - 
    create table finflow_profiles.user_profiles (
        country varchar(2),
        date_of_birth date,
        created_at timestamp(6) not null,
        updated_at timestamp(6) not null,
        version bigint not null,
        postal_code varchar(20),
        created_by varchar(36) not null,
        id CHAR(36) not null,
        modified_by varchar(36) not null,
        user_id varchar(36) not null unique,
        city varchar(100),
        first_name varchar(100),
        last_name varchar(100),
        state varchar(100),
        avatar_url varchar(500),
        address_line1 varchar(255),
        address_line2 varchar(255),
        primary key (id)
    )
2026-07-29 13:19:32.863 [main] DEBUG [] org.hibernate.SQL - 
    create table finflow_savings.savings_goals (
        currency varchar(3) not null,
        deadline date,
        created_at timestamp(6) not null,
        current_amount_cents bigint not null,
        target_amount_cents bigint not null,
        updated_at timestamp(6) not null,
        version bigint not null,
        account_id varchar(36) not null,
        id CHAR(36) not null,
        owner_id varchar(36) not null,
        goal_name varchar(100) not null,
        description varchar(255),
        goal_status enum ('ACTIVE','CANCELLED','COMPLETED','PAUSED') not null,
        primary key (id)
    )
2026-07-29 13:19:32.866 [main] DEBUG [] org.hibernate.SQL - 
    create table finflow_settings.user_settings (
        created_at timestamp(6) not null,
        updated_at timestamp(6) not null,
        version bigint not null,
        id CHAR(36) not null,
        user_id varchar(36) not null,
        setting_key varchar(100) not null,
        setting_value TEXT not null,
        primary key (id)
    )
2026-07-29 13:19:32.868 [main] DEBUG [] org.hibernate.SQL - 
    create table finflow_transactions.transaction_entries (
        currency varchar(3) not null,
        amount_cents bigint not null,
        balance_after_cents bigint not null,
        balance_before_cents bigint not null,
        created_at timestamp(6) not null,
        updated_at timestamp(6) not null,
        version bigint not null,
        account_id varchar(36) not null,
        id CHAR(36) not null,
        transaction_id CHAR(36) not null,
        description varchar(255),
        entry_type enum ('CREDIT','DEBIT') not null,
        primary key (id)
    )
2026-07-29 13:19:32.870 [main] DEBUG [] org.hibernate.SQL - 
    create table finflow_transactions.transactions (
        currency varchar(3) not null,
        amount_cents bigint not null,
        completed_at timestamp(6),
        created_at timestamp(6) not null,
        fee_amount_cents bigint not null,
        updated_at timestamp(6) not null,
        version bigint not null,
        id CHAR(36) not null,
        source_account_id varchar(36),
        target_account_id varchar(36),
        user_id varchar(36) not null,
        reference_number varchar(50) unique,
        idempotency_key varchar(100) unique,
        failed_reason varchar(500),
        description varchar(255),
        metadata_json TEXT,
        transaction_status enum ('CANCELLED','COMPLETED','FAILED','PENDING') not null,
        transaction_type enum ('DEPOSIT','FEE','REVERSAL','TRANSFER','WITHDRAWAL') not null,
        primary key (id)
    )
2026-07-29 13:19:32.874 [main] DEBUG [] org.hibernate.SQL - 
    create table finflow_transfers.scheduled_transfers (
        currency varchar(3) not null,
        execution_count integer not null,
        max_executions integer,
        amount_cents bigint not null,
        created_at timestamp(6) not null,
        end_date timestamp(6),
        last_execution timestamp(6),
        next_execution timestamp(6) not null,
        updated_at timestamp(6) not null,
        version bigint not null,
        id CHAR(36) not null,
        owner_id varchar(36) not null,
        source_account_id varchar(36) not null,
        target_account_id varchar(36),
        target_beneficiary_id varchar(36),
        template_id varchar(36),
        description varchar(255),
        frequency enum ('BIWEEKLY','DAILY','MONTHLY','QUARTERLY','WEEKLY','YEARLY'),
        schedule_status enum ('ACTIVE','CANCELLED','COMPLETED','FAILED','PAUSED') not null,
        schedule_type enum ('ONE_TIME','RECURRING') not null,
        primary key (id)
    )
2026-07-29 13:19:32.876 [main] DEBUG [] org.hibernate.SQL - 
    create table finflow_transfers.transfer_templates (
        currency varchar(3) not null,
        amount_cents bigint not null,
        created_at timestamp(6) not null,
        updated_at timestamp(6) not null,
        version bigint not null,
        id CHAR(36) not null,
        owner_id varchar(36) not null,
        source_account_id varchar(36) not null,
        target_account_id varchar(36),
        target_beneficiary_id varchar(36),
        template_name varchar(100) not null,
        description varchar(255),
        template_status enum ('ACTIVE','CANCELLED','COMPLETED','FAILED','PAUSED') not null,
        primary key (id)
    )
2026-07-29 13:19:32.879 [main] DEBUG [] org.hibernate.SQL - 
    alter table if exists finflow_accounts.account_holders 
       add constraint fk_ah_account 
       foreign key (account_id) 
       references finflow_accounts.accounts
2026-07-29 13:19:32.924 [main] DEBUG [] org.hibernate.SQL - 
    alter table if exists finflow_accounts.account_status_history 
       add constraint fk_ash_account 
       foreign key (account_id) 
       references finflow_accounts.accounts
2026-07-29 13:19:32.928 [main] DEBUG [] org.hibernate.SQL - 
    alter table if exists finflow_accounts.holds 
       add constraint fk_holds_account 
       foreign key (account_id) 
       references finflow_accounts.accounts
2026-07-29 13:19:32.930 [main] DEBUG [] org.hibernate.SQL - 
    alter table if exists finflow_auth.login_history 
       add constraint fk_lh_user 
       foreign key (user_id) 
       references finflow_auth.users
2026-07-29 13:19:32.932 [main] DEBUG [] org.hibernate.SQL - 
    alter table if exists finflow_auth.refresh_tokens 
       add constraint fk_rt_user 
       foreign key (user_id) 
       references finflow_auth.users
2026-07-29 13:19:32.935 [main] DEBUG [] org.hibernate.SQL - 
    alter table if exists finflow_auth.user_credentials 
       add constraint fk_uc_user 
       foreign key (user_id) 
       references finflow_auth.users
2026-07-29 13:19:32.937 [main] DEBUG [] org.hibernate.SQL - 
    alter table if exists finflow_auth.user_roles 
       add constraint fk_ur_role 
       foreign key (role_id) 
       references finflow_auth.roles
2026-07-29 13:19:32.941 [main] DEBUG [] org.hibernate.SQL - 
    alter table if exists finflow_auth.user_roles 
       add constraint fk_ur_user 
       foreign key (user_id) 
       references finflow_auth.users
2026-07-29 13:19:32.943 [main] DEBUG [] org.hibernate.SQL - 
    alter table if exists finflow_transactions.transaction_entries 
       add constraint fk_txn_entry_transaction 
       foreign key (transaction_id) 
       references finflow_transactions.transactions
2026-07-29 13:19:32.953 [main] INFO  [] o.s.o.j.LocalContainerEntityManagerFactoryBean - Initialized JPA EntityManagerFactory for persistence unit 'default'
2026-07-29 13:19:33.741 [main] INFO  [] o.s.d.j.r.query.QueryEnhancerFactory - Hibernate is in classpath; If applicable, HQL parser will be used.
2026-07-29 13:19:37.625 [main] INFO  [] c.f.m.a.r.AuthRepositoryIntegrationTest - Started AuthRepositoryIntegrationTest in 14.274 seconds (process running for 29.192)
2026-07-29 13:19:38.192 [main] DEBUG [] org.hibernate.SQL - 
    insert 
    into
        finflow_auth.roles
        (created_at, description, is_active, is_system_role, name, updated_at, version, id) 
    values
        (?, ?, ?, ?, ?, ?, ?, ?)
2026-07-29 13:19:38.231 [main] DEBUG [] org.hibernate.SQL - 
    insert 
    into
        finflow_auth.users
        (created_at, created_by, deleted_at, deleted_by, email, email_verified, failed_login_count, is_deleted, last_login_at, locked_until, modified_by, phone_number, phone_verified, status, terms_accepted_at, updated_at, username, version, id) 
    values
        (?, ?, ?, ?, ?, ?, ?, ?, ?, ?, ?, ?, ?, ?, ?, ?, ?, ?, ?)
2026-07-29 13:19:38.235 [main] DEBUG [] org.hibernate.SQL - 
    insert 
    into
        finflow_auth.user_roles
        (created_at, granted_at, granted_by, role_id, updated_at, user_id, version, id) 
    values
        (?, ?, ?, ?, ?, ?, ?, ?)
2026-07-29 13:19:38.270 [main] DEBUG [] org.hibernate.SQL - 
    select
        ur1_0.id,
        ur1_0.created_at,
        ur1_0.granted_at,
        ur1_0.granted_by,
        ur1_0.role_id,
        r1_0.id,
        r1_0.created_at,
        r1_0.description,
        r1_0.is_active,
        r1_0.is_system_role,
        r1_0.name,
        r1_0.updated_at,
        r1_0.version,
        ur1_0.updated_at,
        ur1_0.user_id,
        ur1_0.version 
    from
        finflow_auth.user_roles ur1_0 
    join
        finflow_auth.roles r1_0 
            on r1_0.id=ur1_0.role_id 
    where
        ur1_0.user_id=? 
        and r1_0.is_active=true
2026-07-29 13:19:38.387 [main] DEBUG [] org.hibernate.SQL - 
    insert 
    into
        finflow_auth.roles
        (created_at, description, is_active, is_system_role, name, updated_at, version, id) 
    values
        (?, ?, ?, ?, ?, ?, ?, ?)
2026-07-29 13:19:38.390 [main] DEBUG [] org.hibernate.SQL - 
    insert 
    into
        finflow_auth.users
        (created_at, created_by, deleted_at, deleted_by, email, email_verified, failed_login_count, is_deleted, last_login_at, locked_until, modified_by, phone_number, phone_verified, status, terms_accepted_at, updated_at, username, version, id) 
    values
        (?, ?, ?, ?, ?, ?, ?, ?, ?, ?, ?, ?, ?, ?, ?, ?, ?, ?, ?)
2026-07-29 13:19:38.392 [main] DEBUG [] org.hibernate.SQL - 
    insert 
    into
        finflow_auth.user_roles
        (created_at, granted_at, granted_by, role_id, updated_at, user_id, version, id) 
    values
        (?, ?, ?, ?, ?, ?, ?, ?)
2026-07-29 13:19:38.394 [main] DEBUG [] org.hibernate.SQL - 
    select
        ur1_0.id 
    from
        finflow_auth.user_roles ur1_0 
    join
        finflow_auth.roles r1_0 
            on r1_0.id=ur1_0.role_id 
    where
        ur1_0.user_id=? 
        and r1_0.name=? 
        and r1_0.is_active 
    fetch
        first ? rows only
2026-07-29 13:19:38.401 [main] DEBUG [] org.hibernate.SQL - 
    select
        ur1_0.id 
    from
        finflow_auth.user_roles ur1_0 
    join
        finflow_auth.roles r1_0 
            on r1_0.id=ur1_0.role_id 
    where
        ur1_0.user_id=? 
        and r1_0.name=? 
        and r1_0.is_active 
    fetch
        first ? rows only
2026-07-29 13:19:38.417 [main] INFO  [] o.s.t.c.s.AnnotationConfigContextLoaderUtils - Could not detect default configuration classes for test class [com.finflow.modules.auth.repository.AuthRepositoryIntegrationTest$RoleRepositoryTests]: RoleRepositoryTests does not declare any static, non-private, non-final, nested classes annotated with @Configuration.
2026-07-29 13:19:38.439 [main] INFO  [] o.s.b.t.c.SpringBootTestContextBootstrapper - Found @SpringBootConfiguration com.finflow.FinFlowApplication for test class com.finflow.modules.auth.repository.AuthRepositoryIntegrationTest$RoleRepositoryTests
2026-07-29 13:19:38.457 [main] DEBUG [] org.hibernate.SQL - 
    insert 
    into
        finflow_auth.roles
        (created_at, description, is_active, is_system_role, name, updated_at, version, id) 
    values
        (?, ?, ?, ?, ?, ?, ?, ?)
2026-07-29 13:19:38.460 [main] DEBUG [] org.hibernate.SQL - 
    insert 
    into
        finflow_auth.users
        (created_at, created_by, deleted_at, deleted_by, email, email_verified, failed_login_count, is_deleted, last_login_at, locked_until, modified_by, phone_number, phone_verified, status, terms_accepted_at, updated_at, username, version, id) 
    values
        (?, ?, ?, ?, ?, ?, ?, ?, ?, ?, ?, ?, ?, ?, ?, ?, ?, ?, ?)
2026-07-29 13:19:38.462 [main] DEBUG [] org.hibernate.SQL - 
    select
        r1_0.id,
        r1_0.created_at,
        r1_0.description,
        r1_0.is_active,
        r1_0.is_system_role,
        r1_0.name,
        r1_0.updated_at,
        r1_0.version 
    from
        finflow_auth.roles r1_0 
    where
        r1_0.name=? 
        and r1_0.is_active
2026-07-29 13:19:38.485 [main] DEBUG [] org.hibernate.SQL - 
    insert 
    into
        finflow_auth.roles
        (created_at, description, is_active, is_system_role, name, updated_at, version, id) 
    values
        (?, ?, ?, ?, ?, ?, ?, ?)
2026-07-29 13:19:38.487 [main] DEBUG [] org.hibernate.SQL - 
    insert 
    into
        finflow_auth.users
        (created_at, created_by, deleted_at, deleted_by, email, email_verified, failed_login_count, is_deleted, last_login_at, locked_until, modified_by, phone_number, phone_verified, status, terms_accepted_at, updated_at, username, version, id) 
    values
        (?, ?, ?, ?, ?, ?, ?, ?, ?, ?, ?, ?, ?, ?, ?, ?, ?, ?, ?)
2026-07-29 13:19:38.488 [main] DEBUG [] org.hibernate.SQL - 
    select
        r1_0.id 
    from
        finflow_auth.roles r1_0 
    where
        r1_0.name=? 
        and r1_0.is_active 
    fetch
        first ? rows only
2026-07-29 13:19:38.491 [main] DEBUG [] org.hibernate.SQL - 
    select
        r1_0.id 
    from
        finflow_auth.roles r1_0 
    where
        r1_0.name=? 
        and r1_0.is_active 
    fetch
        first ? rows only
2026-07-29 13:19:38.503 [main] INFO  [] o.s.t.c.s.AnnotationConfigContextLoaderUtils - Could not detect default configuration classes for test class [com.finflow.modules.auth.repository.AuthRepositoryIntegrationTest$UserCredentialRepositoryTests]: UserCredentialRepositoryTests does not declare any static, non-private, non-final, nested classes annotated with @Configuration.
2026-07-29 13:19:38.534 [main] INFO  [] o.s.b.t.c.SpringBootTestContextBootstrapper - Found @SpringBootConfiguration com.finflow.FinFlowApplication for test class com.finflow.modules.auth.repository.AuthRepositoryIntegrationTest$UserCredentialRepositoryTests
2026-07-29 13:19:38.551 [main] DEBUG [] org.hibernate.SQL - 
    insert 
    into
        finflow_auth.roles
        (created_at, description, is_active, is_system_role, name, updated_at, version, id) 
    values
        (?, ?, ?, ?, ?, ?, ?, ?)
2026-07-29 13:19:38.554 [main] DEBUG [] org.hibernate.SQL - 
    insert 
    into
        finflow_auth.users
        (created_at, created_by, deleted_at, deleted_by, email, email_verified, failed_login_count, is_deleted, last_login_at, locked_until, modified_by, phone_number, phone_verified, status, terms_accepted_at, updated_at, username, version, id) 
    values
        (?, ?, ?, ?, ?, ?, ?, ?, ?, ?, ?, ?, ?, ?, ?, ?, ?, ?, ?)
2026-07-29 13:19:38.556 [main] DEBUG [] org.hibernate.SQL - 
    insert 
    into
        finflow_auth.user_credentials
        (created_at, created_by, credential_type, deleted_at, deleted_by, expires_at, hashed_value, is_active, is_deleted, last_used_at, modified_by, updated_at, user_id, version, id) 
    values
        (?, ?, ?, ?, ?, ?, ?, ?, ?, ?, ?, ?, ?, ?, ?)
2026-07-29 13:19:38.558 [main] DEBUG [] org.hibernate.SQL - 
    select
        uc1_0.id 
    from
        finflow_auth.user_credentials uc1_0 
    where
        uc1_0.user_id=? 
        and uc1_0.credential_type=? 
        and uc1_0.is_active 
        and not(uc1_0.is_deleted) 
    fetch
        first ? rows only
2026-07-29 13:19:38.562 [main] DEBUG [] org.hibernate.SQL - 
    select
        uc1_0.id 
    from
        finflow_auth.user_credentials uc1_0 
    where
        uc1_0.user_id=? 
        and uc1_0.credential_type=? 
        and uc1_0.is_active 
        and not(uc1_0.is_deleted) 
    fetch
        first ? rows only
2026-07-29 13:19:38.583 [main] DEBUG [] org.hibernate.SQL - 
    insert 
    into
        finflow_auth.roles
        (created_at, description, is_active, is_system_role, name, updated_at, version, id) 
    values
        (?, ?, ?, ?, ?, ?, ?, ?)
2026-07-29 13:19:38.586 [main] DEBUG [] org.hibernate.SQL - 
    insert 
    into
        finflow_auth.users
        (created_at, created_by, deleted_at, deleted_by, email, email_verified, failed_login_count, is_deleted, last_login_at, locked_until, modified_by, phone_number, phone_verified, status, terms_accepted_at, updated_at, username, version, id) 
    values
        (?, ?, ?, ?, ?, ?, ?, ?, ?, ?, ?, ?, ?, ?, ?, ?, ?, ?, ?)
2026-07-29 13:19:38.588 [main] DEBUG [] org.hibernate.SQL - 
    insert 
    into
        finflow_auth.user_credentials
        (created_at, created_by, credential_type, deleted_at, deleted_by, expires_at, hashed_value, is_active, is_deleted, last_used_at, modified_by, updated_at, user_id, version, id) 
    values
        (?, ?, ?, ?, ?, ?, ?, ?, ?, ?, ?, ?, ?, ?, ?)
2026-07-29 13:19:38.589 [main] DEBUG [] org.hibernate.SQL - 
    select
        uc1_0.id,
        uc1_0.created_at,
        uc1_0.created_by,
        uc1_0.credential_type,
        uc1_0.deleted_at,
        uc1_0.deleted_by,
        uc1_0.expires_at,
        uc1_0.hashed_value,
        uc1_0.is_active,
        uc1_0.is_deleted,
        uc1_0.last_used_at,
        uc1_0.modified_by,
        uc1_0.updated_at,
        uc1_0.user_id,
        uc1_0.version 
    from
        finflow_auth.user_credentials uc1_0 
    where
        uc1_0.user_id=? 
        and uc1_0.credential_type=? 
        and uc1_0.is_active 
        and not(uc1_0.is_deleted)
2026-07-29 13:19:38.604 [main] INFO  [] o.s.t.c.s.AnnotationConfigContextLoaderUtils - Could not detect default configuration classes for test class [com.finflow.modules.auth.repository.AuthRepositoryIntegrationTest$UserRepositoryTests]: UserRepositoryTests does not declare any static, non-private, non-final, nested classes annotated with @Configuration.
2026-07-29 13:19:38.626 [main] INFO  [] o.s.b.t.c.SpringBootTestContextBootstrapper - Found @SpringBootConfiguration com.finflow.FinFlowApplication for test class com.finflow.modules.auth.repository.AuthRepositoryIntegrationTest$UserRepositoryTests
2026-07-29 13:19:38.641 [main] DEBUG [] org.hibernate.SQL - 
    insert 
    into
        finflow_auth.roles
        (created_at, description, is_active, is_system_role, name, updated_at, version, id) 
    values
        (?, ?, ?, ?, ?, ?, ?, ?)
2026-07-29 13:19:38.643 [main] DEBUG [] org.hibernate.SQL - 
    insert 
    into
        finflow_auth.users
        (created_at, created_by, deleted_at, deleted_by, email, email_verified, failed_login_count, is_deleted, last_login_at, locked_until, modified_by, phone_number, phone_verified, status, terms_accepted_at, updated_at, username, version, id) 
    values
        (?, ?, ?, ?, ?, ?, ?, ?, ?, ?, ?, ?, ?, ?, ?, ?, ?, ?, ?)
2026-07-29 13:19:38.645 [main] DEBUG [] org.hibernate.SQL - 
    select
        u1_0.id 
    from
        finflow_auth.users u1_0 
    where
        u1_0.phone_number=? 
        and not(u1_0.is_deleted) 
    fetch
        first ? rows only
2026-07-29 13:19:38.650 [main] DEBUG [] org.hibernate.SQL - 
    select
        u1_0.id 
    from
        finflow_auth.users u1_0 
    where
        u1_0.phone_number=? 
        and not(u1_0.is_deleted) 
    fetch
        first ? rows only
2026-07-29 13:19:38.680 [main] DEBUG [] org.hibernate.SQL - 
    insert 
    into
        finflow_auth.roles
        (created_at, description, is_active, is_system_role, name, updated_at, version, id) 
    values
        (?, ?, ?, ?, ?, ?, ?, ?)
2026-07-29 13:19:38.684 [main] DEBUG [] org.hibernate.SQL - 
    insert 
    into
        finflow_auth.users
        (created_at, created_by, deleted_at, deleted_by, email, email_verified, failed_login_count, is_deleted, last_login_at, locked_until, modified_by, phone_number, phone_verified, status, terms_accepted_at, updated_at, username, version, id) 
    values
        (?, ?, ?, ?, ?, ?, ?, ?, ?, ?, ?, ?, ?, ?, ?, ?, ?, ?, ?)
2026-07-29 13:19:38.693 [main] DEBUG [] org.hibernate.SQL - 
    update
        finflow_auth.users 
    set
        deleted_at=?,
        deleted_by=?,
        email=?,
        email_verified=?,
        failed_login_count=?,
        is_deleted=?,
        last_login_at=?,
        locked_until=?,
        modified_by=?,
        phone_number=?,
        phone_verified=?,
        status=?,
        terms_accepted_at=?,
        updated_at=?,
        username=?,
        version=? 
    where
        id=? 
        and version=?
2026-07-29 13:19:38.704 [main] DEBUG [] org.hibernate.SQL - 
    select
        u1_0.id,
        u1_0.created_at,
        u1_0.created_by,
        u1_0.deleted_at,
        u1_0.deleted_by,
        u1_0.email,
        u1_0.email_verified,
        u1_0.failed_login_count,
        u1_0.is_deleted,
        u1_0.last_login_at,
        u1_0.locked_until,
        u1_0.modified_by,
        u1_0.phone_number,
        u1_0.phone_verified,
        u1_0.status,
        u1_0.terms_accepted_at,
        u1_0.updated_at,
        u1_0.username,
        u1_0.version 
    from
        finflow_auth.users u1_0 
    where
        upper(u1_0.email)=upper(?) 
        and not(u1_0.is_deleted)
2026-07-29 13:19:38.736 [main] DEBUG [] org.hibernate.SQL - 
    insert 
    into
        finflow_auth.roles
        (created_at, description, is_active, is_system_role, name, updated_at, version, id) 
    values
        (?, ?, ?, ?, ?, ?, ?, ?)
2026-07-29 13:19:38.739 [main] DEBUG [] org.hibernate.SQL - 
    insert 
    into
        finflow_auth.users
        (created_at, created_by, deleted_at, deleted_by, email, email_verified, failed_login_count, is_deleted, last_login_at, locked_until, modified_by, phone_number, phone_verified, status, terms_accepted_at, updated_at, username, version, id) 
    values
        (?, ?, ?, ?, ?, ?, ?, ?, ?, ?, ?, ?, ?, ?, ?, ?, ?, ?, ?)
2026-07-29 13:19:38.741 [main] DEBUG [] org.hibernate.SQL - 
    select
        count(u1_0.id) 
    from
        finflow_auth.users u1_0 
    where
        u1_0.status=? 
        and not(u1_0.is_deleted)
2026-07-29 13:19:38.774 [main] DEBUG [] org.hibernate.SQL - 
    insert 
    into
        finflow_auth.roles
        (created_at, description, is_active, is_system_role, name, updated_at, version, id) 
    values
        (?, ?, ?, ?, ?, ?, ?, ?)
2026-07-29 13:19:38.777 [main] DEBUG [] org.hibernate.SQL - 
    insert 
    into
        finflow_auth.users
        (created_at, created_by, deleted_at, deleted_by, email, email_verified, failed_login_count, is_deleted, last_login_at, locked_until, modified_by, phone_number, phone_verified, status, terms_accepted_at, updated_at, username, version, id) 
    values
        (?, ?, ?, ?, ?, ?, ?, ?, ?, ?, ?, ?, ?, ?, ?, ?, ?, ?, ?)
2026-07-29 13:19:38.779 [main] DEBUG [] org.hibernate.SQL - 
    select
        u1_0.id 
    from
        finflow_auth.users u1_0 
    where
        upper(u1_0.username)=upper(?) 
        and not(u1_0.is_deleted) 
    fetch
        first ? rows only
2026-07-29 13:19:38.784 [main] DEBUG [] org.hibernate.SQL - 
    select
        u1_0.id 
    from
        finflow_auth.users u1_0 
    where
        upper(u1_0.username)=upper(?) 
        and not(u1_0.is_deleted) 
    fetch
        first ? rows only
2026-07-29 13:19:38.803 [main] DEBUG [] org.hibernate.SQL - 
    insert 
    into
        finflow_auth.roles
        (created_at, description, is_active, is_system_role, name, updated_at, version, id) 
    values
        (?, ?, ?, ?, ?, ?, ?, ?)
2026-07-29 13:19:38.805 [main] DEBUG [] org.hibernate.SQL - 
    insert 
    into
        finflow_auth.users
        (created_at, created_by, deleted_at, deleted_by, email, email_verified, failed_login_count, is_deleted, last_login_at, locked_until, modified_by, phone_number, phone_verified, status, terms_accepted_at, updated_at, username, version, id) 
    values
        (?, ?, ?, ?, ?, ?, ?, ?, ?, ?, ?, ?, ?, ?, ?, ?, ?, ?, ?)
2026-07-29 13:19:38.807 [main] DEBUG [] org.hibernate.SQL - 
    select
        u1_0.id 
    from
        finflow_auth.users u1_0 
    where
        upper(u1_0.email)=upper(?) 
        and not(u1_0.is_deleted) 
    fetch
        first ? rows only
2026-07-29 13:19:38.811 [main] DEBUG [] org.hibernate.SQL - 
    select
        u1_0.id 
    from
        finflow_auth.users u1_0 
    where
        upper(u1_0.email)=upper(?) 
        and not(u1_0.is_deleted) 
    fetch
        first ? rows only
2026-07-29 13:19:38.834 [main] DEBUG [] org.hibernate.SQL - 
    insert 
    into
        finflow_auth.roles
        (created_at, description, is_active, is_system_role, name, updated_at, version, id) 
    values
        (?, ?, ?, ?, ?, ?, ?, ?)
2026-07-29 13:19:38.837 [main] DEBUG [] org.hibernate.SQL - 
    insert 
    into
        finflow_auth.users
        (created_at, created_by, deleted_at, deleted_by, email, email_verified, failed_login_count, is_deleted, last_login_at, locked_until, modified_by, phone_number, phone_verified, status, terms_accepted_at, updated_at, username, version, id) 
    values
        (?, ?, ?, ?, ?, ?, ?, ?, ?, ?, ?, ?, ?, ?, ?, ?, ?, ?, ?)
2026-07-29 13:19:38.838 [main] DEBUG [] org.hibernate.SQL - 
    select
        u1_0.id,
        u1_0.created_at,
        u1_0.created_by,
        u1_0.deleted_at,
        u1_0.deleted_by,
        u1_0.email,
        u1_0.email_verified,
        u1_0.failed_login_count,
        u1_0.is_deleted,
        u1_0.last_login_at,
        u1_0.locked_until,
        u1_0.modified_by,
        u1_0.phone_number,
        u1_0.phone_verified,
        u1_0.status,
        u1_0.terms_accepted_at,
        u1_0.updated_at,
        u1_0.username,
        u1_0.version 
    from
        finflow_auth.users u1_0 
    where
        upper(u1_0.email)=upper(?) 
        and not(u1_0.is_deleted)
2026-07-29 13:19:38.859 [main] DEBUG [] org.hibernate.SQL - 
    insert 
    into
        finflow_auth.roles
        (created_at, description, is_active, is_system_role, name, updated_at, version, id) 
    values
        (?, ?, ?, ?, ?, ?, ?, ?)
2026-07-29 13:19:38.862 [main] DEBUG [] org.hibernate.SQL - 
    insert 
    into
        finflow_auth.users
        (created_at, created_by, deleted_at, deleted_by, email, email_verified, failed_login_count, is_deleted, last_login_at, locked_until, modified_by, phone_number, phone_verified, status, terms_accepted_at, updated_at, username, version, id) 
    values
        (?, ?, ?, ?, ?, ?, ?, ?, ?, ?, ?, ?, ?, ?, ?, ?, ?, ?, ?)
2026-07-29 13:19:38.864 [main] DEBUG [] org.hibernate.SQL - 
    select
        u1_0.id,
        u1_0.created_at,
        u1_0.created_by,
        u1_0.deleted_at,
        u1_0.deleted_by,
        u1_0.email,
        u1_0.email_verified,
        u1_0.failed_login_count,
        u1_0.is_deleted,
        u1_0.last_login_at,
        u1_0.locked_until,
        u1_0.modified_by,
        u1_0.phone_number,
        u1_0.phone_verified,
        u1_0.status,
        u1_0.terms_accepted_at,
        u1_0.updated_at,
        u1_0.username,
        u1_0.version 
    from
        finflow_auth.users u1_0 
    where
        upper(u1_0.email)=upper(?) 
        and not(u1_0.is_deleted)
2026-07-29 13:19:38.879 [main] INFO  [] o.s.t.c.s.AnnotationConfigContextLoaderUtils - Could not detect default configuration classes for test class [com.finflow.modules.auth.repository.RefreshTokenRepositoryIntegrationTest]: RefreshTokenRepositoryIntegrationTest does not declare any static, non-private, non-final, nested classes annotated with @Configuration.
2026-07-29 13:19:38.899 [main] INFO  [] o.s.b.t.c.SpringBootTestContextBootstrapper - Found @SpringBootConfiguration com.finflow.FinFlowApplication for test class com.finflow.modules.auth.repository.RefreshTokenRepositoryIntegrationTest
2026-07-29 13:19:38.904 [main] INFO  [] o.s.t.c.s.AnnotationConfigContextLoaderUtils - Could not detect default configuration classes for test class [com.finflow.modules.auth.repository.RefreshTokenRepositoryIntegrationTest$CountActiveByUserId]: CountActiveByUserId does not declare any static, non-private, non-final, nested classes annotated with @Configuration.
2026-07-29 13:19:38.925 [main] INFO  [] o.s.b.t.c.SpringBootTestContextBootstrapper - Found @SpringBootConfiguration com.finflow.FinFlowApplication for test class com.finflow.modules.auth.repository.RefreshTokenRepositoryIntegrationTest$CountActiveByUserId
2026-07-29 13:19:39.011 [main] INFO  [] c.f.m.a.r.RefreshTokenRepositoryIntegrationTest - Starting RefreshTokenRepositoryIntegrationTest using Java 21.0.11 with PID 988 (started by Lenovo in C:\Users\Lenovo\OneDrive\Desktop\FinFlow\backend)
2026-07-29 13:19:39.011 [main] DEBUG [] c.f.m.a.r.RefreshTokenRepositoryIntegrationTest - Running with Spring Boot v3.4.1, Spring v6.2.1
2026-07-29 13:19:39.011 [main] INFO  [] c.f.m.a.r.RefreshTokenRepositoryIntegrationTest - The following 1 profile is active: "test"
2026-07-29 13:19:39.366 [main] INFO  [] o.s.d.r.c.RepositoryConfigurationDelegate - Multiple Spring Data modules found, entering strict repository configuration mode
2026-07-29 13:19:39.367 [main] INFO  [] o.s.d.r.c.RepositoryConfigurationDelegate - Bootstrapping Spring Data JPA repositories in DEFAULT mode.
2026-07-29 13:19:39.591 [main] INFO  [] o.s.d.r.c.RepositoryConfigurationDelegate - Finished Spring Data repository scanning in 221 ms. Found 22 JPA repository interfaces.
2026-07-29 13:19:39.626 [main] INFO  [] o.s.b.t.a.j.TestDatabaseAutoConfiguration$EmbeddedDataSourceBeanFactoryPostProcessor - Replacing 'dataSource' DataSource bean with embedded version
2026-07-29 13:19:39.674 [main] INFO  [] o.s.j.d.e.EmbeddedDatabaseFactory - Starting embedded database: url='jdbc:h2:mem:b0a12e47-a365-470f-ba04-af9c92f378cd;DB_CLOSE_DELAY=-1;DB_CLOSE_ON_EXIT=false', username='sa'
2026-07-29 13:19:39.803 [main] INFO  [] o.h.jpa.internal.util.LogHelper - HHH000204: Processing PersistenceUnitInfo [name: default]
2026-07-29 13:19:39.810 [main] INFO  [] o.h.c.i.RegionFactoryInitiator - HHH000026: Second-level cache disabled
2026-07-29 13:19:39.846 [main] INFO  [] o.s.o.j.p.SpringPersistenceUnitInfo - No LoadTimeWeaver setup: ignoring JPA class transformer
2026-07-29 13:19:39.849 [main] WARN  [] org.hibernate.orm.deprecation - HHH90000025: H2Dialect does not need to be specified explicitly using 'hibernate.dialect' (remove the property setting and it will be selected by default)
2026-07-29 13:19:39.850 [main] INFO  [] o.hibernate.orm.connections.pooling - HHH10001005: Database info:
	Database JDBC URL [Connecting through datasource 'org.springframework.jdbc.datasource.embedded.EmbeddedDatabaseFactory$EmbeddedDataSourceProxy@264a03c1']
	Database driver: undefined/unknown
	Database version: 2.3.232
	Autocommit mode: undefined/unknown
	Isolation level: undefined/unknown
	Minimum pool size: undefined/unknown
	Maximum pool size: undefined/unknown
2026-07-29 13:19:40.501 [main] INFO  [] o.h.e.t.j.p.i.JtaPlatformInitiator - HHH000489: No JTA platform available (set 'hibernate.transaction.jta.platform' to enable JTA platform integration)
2026-07-29 13:19:40.503 [main] DEBUG [] org.hibernate.SQL - 
    drop table if exists finflow_accounts.account_holders cascade 
2026-07-29 13:19:40.504 [main] DEBUG [] org.hibernate.SQL - 
    drop table if exists finflow_accounts.account_status_history cascade 
2026-07-29 13:19:40.505 [main] DEBUG [] org.hibernate.SQL - 
    drop table if exists finflow_accounts.accounts cascade 
2026-07-29 13:19:40.505 [main] DEBUG [] org.hibernate.SQL - 
    drop table if exists finflow_accounts.beneficiaries cascade 
2026-07-29 13:19:40.505 [main] DEBUG [] org.hibernate.SQL - 
    drop table if exists finflow_accounts.card_transactions cascade 
2026-07-29 13:19:40.505 [main] DEBUG [] org.hibernate.SQL - 
    drop table if exists finflow_accounts.cards cascade 
2026-07-29 13:19:40.505 [main] DEBUG [] org.hibernate.SQL - 
    drop table if exists finflow_accounts.holds cascade 
2026-07-29 13:19:40.506 [main] DEBUG [] org.hibernate.SQL - 
    drop table if exists finflow_admin.admin_audit_log cascade 
2026-07-29 13:19:40.506 [main] DEBUG [] org.hibernate.SQL - 
    drop table if exists finflow_auth.login_history cascade 
2026-07-29 13:19:40.506 [main] DEBUG [] org.hibernate.SQL - 
    drop table if exists finflow_auth.refresh_tokens cascade 
2026-07-29 13:19:40.506 [main] DEBUG [] org.hibernate.SQL - 
    drop table if exists finflow_auth.roles cascade 
2026-07-29 13:19:40.506 [main] DEBUG [] org.hibernate.SQL - 
    drop table if exists finflow_auth.user_credentials cascade 
2026-07-29 13:19:40.507 [main] DEBUG [] org.hibernate.SQL - 
    drop table if exists finflow_auth.user_roles cascade 
2026-07-29 13:19:40.507 [main] DEBUG [] org.hibernate.SQL - 
    drop table if exists finflow_auth.users cascade 
2026-07-29 13:19:40.507 [main] DEBUG [] org.hibernate.SQL - 
    drop table if exists finflow_notifications.notifications cascade 
2026-07-29 13:19:40.507 [main] DEBUG [] org.hibernate.SQL - 
    drop table if exists finflow_profiles.user_profiles cascade 
2026-07-29 13:19:40.507 [main] DEBUG [] org.hibernate.SQL - 
    drop table if exists finflow_savings.savings_goals cascade 
2026-07-29 13:19:40.508 [main] DEBUG [] org.hibernate.SQL - 
    drop table if exists finflow_settings.user_settings cascade 
2026-07-29 13:19:40.508 [main] DEBUG [] org.hibernate.SQL - 
    drop table if exists finflow_transactions.transaction_entries cascade 
2026-07-29 13:19:40.508 [main] DEBUG [] org.hibernate.SQL - 
    drop table if exists finflow_transactions.transactions cascade 
2026-07-29 13:19:40.508 [main] DEBUG [] org.hibernate.SQL - 
    drop table if exists finflow_transfers.scheduled_transfers cascade 
2026-07-29 13:19:40.508 [main] DEBUG [] org.hibernate.SQL - 
    drop table if exists finflow_transfers.transfer_templates cascade 
2026-07-29 13:19:40.509 [main] DEBUG [] org.hibernate.SQL - 
    create table finflow_accounts.account_holders (
        created_at timestamp(6) not null,
        updated_at timestamp(6) not null,
        version bigint not null,
        account_id CHAR(36) not null,
        id CHAR(36) not null,
        user_id varchar(36) not null,
        ownership_type enum ('AUTHORIZED','JOINT','PRIMARY') not null,
        primary key (id),
        unique (account_id, user_id)
    )
2026-07-29 13:19:40.512 [main] DEBUG [] org.hibernate.SQL - 
    create table finflow_accounts.account_status_history (
        changed_at timestamp(6) not null,
        id bigint generated by default as identity,
        new_status varchar(25) not null,
        previous_status varchar(25),
        account_id CHAR(36) not null,
        changed_by varchar(36) not null,
        reason varchar(500),
        primary key (id)
    )
2026-07-29 13:19:40.514 [main] DEBUG [] org.hibernate.SQL - 
    create table finflow_accounts.accounts (
        currency varchar(3) not null,
        is_deleted boolean not null,
        available_balance_cents bigint not null,
        created_at timestamp(6) not null,
        deleted_at timestamp(6),
        ledger_balance_cents bigint not null,
        updated_at timestamp(6) not null,
        version bigint not null,
        account_number varchar(20) not null unique,
        created_by varchar(36) not null,
        deleted_by varchar(36),
        id CHAR(36) not null,
        modified_by varchar(36) not null,
        owner_id varchar(36) not null,
        nickname varchar(100),
        account_status enum ('ACTIVE','CLOSED','PENDING','RESTRICTED','SUSPENDED') not null,
        account_type enum ('CHECKING','CREDIT','INVESTMENT','SAVINGS') not null,
        primary key (id)
    )
2026-07-29 13:19:40.516 [main] DEBUG [] org.hibernate.SQL - 
    create table finflow_accounts.beneficiaries (
        currency varchar(3) not null,
        is_deleted boolean not null,
        created_at timestamp(6) not null,
        deleted_at timestamp(6),
        updated_at timestamp(6) not null,
        version bigint not null,
        routing_number varchar(20),
        swift_code varchar(20),
        created_by varchar(36) not null,
        deleted_by varchar(36),
        id CHAR(36) not null,
        modified_by varchar(36) not null,
        owner_id varchar(36) not null,
        account_number varchar(50) not null,
        iban varchar(50),
        nickname varchar(100),
        bank_name varchar(200),
        beneficiary_name varchar(200) not null,
        email varchar(254),
        beneficiary_status enum ('ACTIVE','BLOCKED','INACTIVE') not null,
        primary key (id),
        constraint uk_beneficiary_account unique (owner_id, account_number)
    )
2026-07-29 13:19:40.518 [main] DEBUG [] org.hibernate.SQL - 
    create table finflow_accounts.card_transactions (
        currency varchar(3) not null,
        amount_cents bigint not null,
        created_at timestamp(6) not null,
        updated_at timestamp(6) not null,
        version bigint not null,
        authorization_code varchar(20),
        card_id varchar(36) not null,
        id CHAR(36) not null,
        merchant_category varchar(50),
        merchant_name varchar(200),
        status enum ('AUTHORIZED','CAPTURED','DECLINED','REFUNDED','REVERSED','SETTLED') not null,
        transaction_type enum ('AUTHORIZATION','CAPTURE','CASHBACK','FEE','REFUND','REVERSAL','SETTLEMENT') not null,
        primary key (id)
    )
2026-07-29 13:19:40.520 [main] DEBUG [] org.hibernate.SQL - 
    create table finflow_accounts.cards (
        card_last_four varchar(4) not null,
        currency varchar(3) not null,
        expiry_month integer not null,
        expiry_year integer not null,
        pin_set boolean not null,
        created_at timestamp(6) not null,
        credit_limit_cents bigint,
        daily_limit_cents bigint,
        monthly_limit_cents bigint,
        updated_at timestamp(6) not null,
        version bigint not null,
        account_id varchar(36) not null,
        id CHAR(36) not null,
        owner_id varchar(36) not null,
        cardholder_name varchar(200) not null,
        card_number_hash varchar(255) not null,
        card_status enum ('ACTIVE','BLOCKED','CANCELLED','EXPIRED','FROZEN','PENDING') not null,
        card_type enum ('CREDIT','DEBIT','PREPAID') not null,
        primary key (id)
    )
2026-07-29 13:19:40.522 [main] DEBUG [] org.hibernate.SQL - 
    create table finflow_accounts.holds (
        amount_cents bigint not null,
        created_at timestamp(6) not null,
        expires_at timestamp(6),
        released_at timestamp(6),
        updated_at timestamp(6) not null,
        version bigint not null,
        account_id CHAR(36) not null,
        id CHAR(36) not null,
        released_by varchar(36),
        source_id varchar(36),
        source_type varchar(50),
        reason varchar(500) not null,
        hold_status enum ('ACTIVE','EXPIRED','RELEASED') not null,
        primary key (id)
    )
2026-07-29 13:19:40.524 [main] DEBUG [] org.hibernate.SQL - 
    create table finflow_admin.admin_audit_log (
        created_at timestamp(6) not null,
        updated_at timestamp(6) not null,
        version bigint not null,
        admin_user_id varchar(36) not null,
        created_by varchar(36) not null,
        id CHAR(36) not null,
        modified_by varchar(36) not null,
        target_id varchar(36) not null,
        ip_address varchar(45),
        target_type varchar(50) not null,
        action varchar(100) not null,
        details TEXT,
        primary key (id)
    )
2026-07-29 13:19:40.526 [main] DEBUG [] org.hibernate.SQL - 
    create table finflow_auth.login_history (
        success boolean not null,
        created_at timestamp(6) not null,
        id bigint generated by default as identity,
        user_id CHAR(36),
        ip_address varchar(45),
        identifier varchar(254) not null,
        user_agent varchar(500),
        failure_reason enum ('ACCOUNT_CLOSED','ACCOUNT_LOCKED','ACCOUNT_NOT_VERIFIED','ACCOUNT_SUSPENDED','INVALID_CREDENTIALS'),
        primary key (id)
    )
2026-07-29 13:19:40.527 [main] DEBUG [] org.hibernate.SQL - 
    create table finflow_auth.refresh_tokens (
        is_revoked boolean not null,
        created_at timestamp(6) not null,
        expires_at timestamp(6) not null,
        last_used_at timestamp(6),
        revoked_at timestamp(6),
        updated_at timestamp(6) not null,
        version bigint not null,
        family_id varchar(36) not null,
        id CHAR(36) not null,
        session_id varchar(36) not null unique,
        user_id CHAR(36) not null,
        created_ip varchar(45),
        last_used_ip varchar(45),
        refresh_token_hash varchar(64) not null,
        created_user_agent varchar(500),
        primary key (id)
    )
2026-07-29 13:19:40.529 [main] DEBUG [] org.hibernate.SQL - 
    create table finflow_auth.roles (
        is_active boolean not null,
        is_system_role boolean not null,
        created_at timestamp(6) not null,
        updated_at timestamp(6) not null,
        version bigint not null,
        id CHAR(36) not null,
        name varchar(50) not null unique,
        description varchar(255),
        primary key (id)
    )
2026-07-29 13:19:40.531 [main] DEBUG [] org.hibernate.SQL - 
    create table finflow_auth.user_credentials (
        is_active boolean not null,
        is_deleted boolean not null,
        created_at timestamp(6) not null,
        deleted_at timestamp(6),
        expires_at timestamp(6),
        last_used_at timestamp(6),
        updated_at timestamp(6) not null,
        version bigint not null,
        created_by varchar(36) not null,
        deleted_by varchar(36),
        id CHAR(36) not null,
        modified_by varchar(36) not null,
        user_id CHAR(36) not null,
        hashed_value varchar(255) not null,
        credential_type enum ('BIOMETRIC','PASSKEY','PASSWORD') not null,
        primary key (id)
    )
2026-07-29 13:19:40.533 [main] DEBUG [] org.hibernate.SQL - 
    create table finflow_auth.user_roles (
        created_at timestamp(6) not null,
        granted_at timestamp(6) not null,
        updated_at timestamp(6) not null,
        version bigint not null,
        granted_by varchar(36) not null,
        id CHAR(36) not null,
        role_id CHAR(36) not null,
        user_id CHAR(36) not null,
        primary key (id),
        unique (user_id, role_id)
    )
2026-07-29 13:19:40.535 [main] DEBUG [] org.hibernate.SQL - 
    create table finflow_auth.users (
        email_verified boolean not null,
        failed_login_count integer not null,
        is_deleted boolean not null,
        phone_verified boolean not null,
        created_at timestamp(6) not null,
        deleted_at timestamp(6),
        last_login_at timestamp(6),
        locked_until timestamp(6),
        terms_accepted_at timestamp(6),
        updated_at timestamp(6) not null,
        version bigint not null,
        phone_number varchar(20),
        username varchar(30) not null,
        created_by varchar(36) not null,
        deleted_by varchar(36),
        id CHAR(36) not null,
        modified_by varchar(36) not null,
        email varchar(254) not null,
        status enum ('ACTIVE','CLOSED','PENDING_VERIFICATION','SUSPENDED') not null,
        primary key (id)
    )
2026-07-29 13:19:40.537 [main] DEBUG [] org.hibernate.SQL - 
    create table finflow_notifications.notifications (
        is_read boolean not null,
        created_at timestamp(6) not null,
        read_at timestamp(6),
        updated_at timestamp(6) not null,
        version bigint not null,
        created_by varchar(36) not null,
        id CHAR(36) not null,
        modified_by varchar(36) not null,
        owner_id varchar(36) not null,
        reference_id varchar(36),
        reference_type varchar(50),
        message TEXT not null,
        title varchar(255) not null,
        notification_type enum ('ACCOUNT','PROMOTION','SECURITY','SYSTEM','TRANSACTION') not null,
        primary key (id)
    )
2026-07-29 13:19:40.539 [main] DEBUG [] org.hibernate.SQL - 
    create table finflow_profiles.user_profiles (
        country varchar(2),
        date_of_birth date,
        created_at timestamp(6) not null,
        updated_at timestamp(6) not null,
        version bigint not null,
        postal_code varchar(20),
        created_by varchar(36) not null,
        id CHAR(36) not null,
        modified_by varchar(36) not null,
        user_id varchar(36) not null unique,
        city varchar(100),
        first_name varchar(100),
        last_name varchar(100),
        state varchar(100),
        avatar_url varchar(500),
        address_line1 varchar(255),
        address_line2 varchar(255),
        primary key (id)
    )
2026-07-29 13:19:40.542 [main] DEBUG [] org.hibernate.SQL - 
    create table finflow_savings.savings_goals (
        currency varchar(3) not null,
        deadline date,
        created_at timestamp(6) not null,
        current_amount_cents bigint not null,
        target_amount_cents bigint not null,
        updated_at timestamp(6) not null,
        version bigint not null,
        account_id varchar(36) not null,
        id CHAR(36) not null,
        owner_id varchar(36) not null,
        goal_name varchar(100) not null,
        description varchar(255),
        goal_status enum ('ACTIVE','CANCELLED','COMPLETED','PAUSED') not null,
        primary key (id)
    )
2026-07-29 13:19:40.544 [main] DEBUG [] org.hibernate.SQL - 
    create table finflow_settings.user_settings (
        created_at timestamp(6) not null,
        updated_at timestamp(6) not null,
        version bigint not null,
        id CHAR(36) not null,
        user_id varchar(36) not null,
        setting_key varchar(100) not null,
        setting_value TEXT not null,
        primary key (id)
    )
2026-07-29 13:19:40.546 [main] DEBUG [] org.hibernate.SQL - 
    create table finflow_transactions.transaction_entries (
        currency varchar(3) not null,
        amount_cents bigint not null,
        balance_after_cents bigint not null,
        balance_before_cents bigint not null,
        created_at timestamp(6) not null,
        updated_at timestamp(6) not null,
        version bigint not null,
        account_id varchar(36) not null,
        id CHAR(36) not null,
        transaction_id CHAR(36) not null,
        description varchar(255),
        entry_type enum ('CREDIT','DEBIT') not null,
        primary key (id)
    )
2026-07-29 13:19:40.548 [main] DEBUG [] org.hibernate.SQL - 
    create table finflow_transactions.transactions (
        currency varchar(3) not null,
        amount_cents bigint not null,
        completed_at timestamp(6),
        created_at timestamp(6) not null,
        fee_amount_cents bigint not null,
        updated_at timestamp(6) not null,
        version bigint not null,
        id CHAR(36) not null,
        source_account_id varchar(36),
        target_account_id varchar(36),
        user_id varchar(36) not null,
        reference_number varchar(50) unique,
        idempotency_key varchar(100) unique,
        failed_reason varchar(500),
        description varchar(255),
        metadata_json TEXT,
        transaction_status enum ('CANCELLED','COMPLETED','FAILED','PENDING') not null,
        transaction_type enum ('DEPOSIT','FEE','REVERSAL','TRANSFER','WITHDRAWAL') not null,
        primary key (id)
    )
2026-07-29 13:19:40.551 [main] DEBUG [] org.hibernate.SQL - 
    create table finflow_transfers.scheduled_transfers (
        currency varchar(3) not null,
        execution_count integer not null,
        max_executions integer,
        amount_cents bigint not null,
        created_at timestamp(6) not null,
        end_date timestamp(6),
        last_execution timestamp(6),
        next_execution timestamp(6) not null,
        updated_at timestamp(6) not null,
        version bigint not null,
        id CHAR(36) not null,
        owner_id varchar(36) not null,
        source_account_id varchar(36) not null,
        target_account_id varchar(36),
        target_beneficiary_id varchar(36),
        template_id varchar(36),
        description varchar(255),
        frequency enum ('BIWEEKLY','DAILY','MONTHLY','QUARTERLY','WEEKLY','YEARLY'),
        schedule_status enum ('ACTIVE','CANCELLED','COMPLETED','FAILED','PAUSED') not null,
        schedule_type enum ('ONE_TIME','RECURRING') not null,
        primary key (id)
    )
2026-07-29 13:19:40.553 [main] DEBUG [] org.hibernate.SQL - 
    create table finflow_transfers.transfer_templates (
        currency varchar(3) not null,
        amount_cents bigint not null,
        created_at timestamp(6) not null,
        updated_at timestamp(6) not null,
        version bigint not null,
        id CHAR(36) not null,
        owner_id varchar(36) not null,
        source_account_id varchar(36) not null,
        target_account_id varchar(36),
        target_beneficiary_id varchar(36),
        template_name varchar(100) not null,
        description varchar(255),
        template_status enum ('ACTIVE','CANCELLED','COMPLETED','FAILED','PAUSED') not null,
        primary key (id)
    )
2026-07-29 13:19:40.555 [main] DEBUG [] org.hibernate.SQL - 
    alter table if exists finflow_accounts.account_holders 
       add constraint fk_ah_account 
       foreign key (account_id) 
       references finflow_accounts.accounts
2026-07-29 13:19:40.557 [main] DEBUG [] org.hibernate.SQL - 
    alter table if exists finflow_accounts.account_status_history 
       add constraint fk_ash_account 
       foreign key (account_id) 
       references finflow_accounts.accounts
2026-07-29 13:19:40.558 [main] DEBUG [] org.hibernate.SQL - 
    alter table if exists finflow_accounts.holds 
       add constraint fk_holds_account 
       foreign key (account_id) 
       references finflow_accounts.accounts
2026-07-29 13:19:40.560 [main] DEBUG [] org.hibernate.SQL - 
    alter table if exists finflow_auth.login_history 
       add constraint fk_lh_user 
       foreign key (user_id) 
       references finflow_auth.users
2026-07-29 13:19:40.562 [main] DEBUG [] org.hibernate.SQL - 
    alter table if exists finflow_auth.refresh_tokens 
       add constraint fk_rt_user 
       foreign key (user_id) 
       references finflow_auth.users
2026-07-29 13:19:40.564 [main] DEBUG [] org.hibernate.SQL - 
    alter table if exists finflow_auth.user_credentials 
       add constraint fk_uc_user 
       foreign key (user_id) 
       references finflow_auth.users
2026-07-29 13:19:40.566 [main] DEBUG [] org.hibernate.SQL - 
    alter table if exists finflow_auth.user_roles 
       add constraint fk_ur_role 
       foreign key (role_id) 
       references finflow_auth.roles
2026-07-29 13:19:40.568 [main] DEBUG [] org.hibernate.SQL - 
    alter table if exists finflow_auth.user_roles 
       add constraint fk_ur_user 
       foreign key (user_id) 
       references finflow_auth.users
2026-07-29 13:19:40.569 [main] DEBUG [] org.hibernate.SQL - 
    alter table if exists finflow_transactions.transaction_entries 
       add constraint fk_txn_entry_transaction 
       foreign key (transaction_id) 
       references finflow_transactions.transactions
2026-07-29 13:19:40.572 [main] INFO  [] o.s.o.j.LocalContainerEntityManagerFactoryBean - Initialized JPA EntityManagerFactory for persistence unit 'default'
2026-07-29 13:19:41.120 [main] INFO  [] c.f.m.a.r.RefreshTokenRepositoryIntegrationTest - Started RefreshTokenRepositoryIntegrationTest in 2.189 seconds (process running for 32.687)
2026-07-29 13:19:41.188 [main] DEBUG [] org.hibernate.SQL - 
    select
        rt1_0.id,
        rt1_0.created_at,
        rt1_0.created_ip,
        rt1_0.created_user_agent,
        rt1_0.expires_at,
        rt1_0.family_id,
        rt1_0.is_revoked,
        rt1_0.last_used_at,
        rt1_0.last_used_ip,
        rt1_0.refresh_token_hash,
        rt1_0.revoked_at,
        rt1_0.session_id,
        rt1_0.updated_at,
        rt1_0.user_id,
        rt1_0.version 
    from
        finflow_auth.refresh_tokens rt1_0
2026-07-29 13:19:41.193 [main] DEBUG [] org.hibernate.SQL - 
    select
        u1_0.id,
        u1_0.created_at,
        u1_0.created_by,
        u1_0.deleted_at,
        u1_0.deleted_by,
        u1_0.email,
        u1_0.email_verified,
        u1_0.failed_login_count,
        u1_0.is_deleted,
        u1_0.last_login_at,
        u1_0.locked_until,
        u1_0.modified_by,
        u1_0.phone_number,
        u1_0.phone_verified,
        u1_0.status,
        u1_0.terms_accepted_at,
        u1_0.updated_at,
        u1_0.username,
        u1_0.version 
    from
        finflow_auth.users u1_0
2026-07-29 13:19:41.196 [main] DEBUG [] org.hibernate.SQL - 
    select
        r1_0.id,
        r1_0.created_at,
        r1_0.description,
        r1_0.is_active,
        r1_0.is_system_role,
        r1_0.name,
        r1_0.updated_at,
        r1_0.version 
    from
        finflow_auth.roles r1_0
2026-07-29 13:19:41.208 [main] DEBUG [] org.hibernate.SQL - 
    insert 
    into
        finflow_auth.roles
        (created_at, description, is_active, is_system_role, name, updated_at, version, id) 
    values
        (?, ?, ?, ?, ?, ?, ?, ?)
2026-07-29 13:19:41.210 [main] DEBUG [] org.hibernate.SQL - 
    insert 
    into
        finflow_auth.users
        (created_at, created_by, deleted_at, deleted_by, email, email_verified, failed_login_count, is_deleted, last_login_at, locked_until, modified_by, phone_number, phone_verified, status, terms_accepted_at, updated_at, username, version, id) 
    values
        (?, ?, ?, ?, ?, ?, ?, ?, ?, ?, ?, ?, ?, ?, ?, ?, ?, ?, ?)
2026-07-29 13:19:41.211 [main] DEBUG [] org.hibernate.SQL - 
    insert 
    into
        finflow_auth.refresh_tokens
        (created_at, created_ip, created_user_agent, expires_at, family_id, is_revoked, last_used_at, last_used_ip, refresh_token_hash, revoked_at, session_id, updated_at, user_id, version, id) 
    values
        (?, ?, ?, ?, ?, ?, ?, ?, ?, ?, ?, ?, ?, ?, ?)
2026-07-29 13:19:41.212 [main] DEBUG [] org.hibernate.SQL - 
    insert 
    into
        finflow_auth.refresh_tokens
        (created_at, created_ip, created_user_agent, expires_at, family_id, is_revoked, last_used_at, last_used_ip, refresh_token_hash, revoked_at, session_id, updated_at, user_id, version, id) 
    values
        (?, ?, ?, ?, ?, ?, ?, ?, ?, ?, ?, ?, ?, ?, ?)
2026-07-29 13:19:41.213 [main] DEBUG [] org.hibernate.SQL - 
    insert 
    into
        finflow_auth.refresh_tokens
        (created_at, created_ip, created_user_agent, expires_at, family_id, is_revoked, last_used_at, last_used_ip, refresh_token_hash, revoked_at, session_id, updated_at, user_id, version, id) 
    values
        (?, ?, ?, ?, ?, ?, ?, ?, ?, ?, ?, ?, ?, ?, ?)
2026-07-29 13:19:41.214 [main] DEBUG [] org.hibernate.SQL - 
    update
        finflow_auth.refresh_tokens 
    set
        created_ip=?,
        created_user_agent=?,
        expires_at=?,
        family_id=?,
        is_revoked=?,
        last_used_at=?,
        last_used_ip=?,
        refresh_token_hash=?,
        revoked_at=?,
        session_id=?,
        updated_at=?,
        user_id=?,
        version=? 
    where
        id=? 
        and version=?
2026-07-29 13:19:41.216 [main] DEBUG [] org.hibernate.SQL - 
    select
        count(rt1_0.id) 
    from
        finflow_auth.refresh_tokens rt1_0 
    where
        rt1_0.user_id=? 
        and rt1_0.is_revoked=false 
        and rt1_0.expires_at>localtimestamp
2026-07-29 13:19:41.228 [main] INFO  [] o.s.t.c.s.AnnotationConfigContextLoaderUtils - Could not detect default configuration classes for test class [com.finflow.modules.auth.repository.RefreshTokenRepositoryIntegrationTest$FindExpiredNotRevoked]: FindExpiredNotRevoked does not declare any static, non-private, non-final, nested classes annotated with @Configuration.
2026-07-29 13:19:41.244 [main] INFO  [] o.s.b.t.c.SpringBootTestContextBootstrapper - Found @SpringBootConfiguration com.finflow.FinFlowApplication for test class com.finflow.modules.auth.repository.RefreshTokenRepositoryIntegrationTest$FindExpiredNotRevoked
2026-07-29 13:19:41.255 [main] DEBUG [] org.hibernate.SQL - 
    select
        rt1_0.id,
        rt1_0.created_at,
        rt1_0.created_ip,
        rt1_0.created_user_agent,
        rt1_0.expires_at,
        rt1_0.family_id,
        rt1_0.is_revoked,
        rt1_0.last_used_at,
        rt1_0.last_used_ip,
        rt1_0.refresh_token_hash,
        rt1_0.revoked_at,
        rt1_0.session_id,
        rt1_0.updated_at,
        rt1_0.user_id,
        rt1_0.version 
    from
        finflow_auth.refresh_tokens rt1_0
2026-07-29 13:19:41.259 [main] DEBUG [] org.hibernate.SQL - 
    select
        u1_0.id,
        u1_0.created_at,
        u1_0.created_by,
        u1_0.deleted_at,
        u1_0.deleted_by,
        u1_0.email,
        u1_0.email_verified,
        u1_0.failed_login_count,
        u1_0.is_deleted,
        u1_0.last_login_at,
        u1_0.locked_until,
        u1_0.modified_by,
        u1_0.phone_number,
        u1_0.phone_verified,
        u1_0.status,
        u1_0.terms_accepted_at,
        u1_0.updated_at,
        u1_0.username,
        u1_0.version 
    from
        finflow_auth.users u1_0
2026-07-29 13:19:41.261 [main] DEBUG [] org.hibernate.SQL - 
    select
        r1_0.id,
        r1_0.created_at,
        r1_0.description,
        r1_0.is_active,
        r1_0.is_system_role,
        r1_0.name,
        r1_0.updated_at,
        r1_0.version 
    from
        finflow_auth.roles r1_0
2026-07-29 13:19:41.272 [main] DEBUG [] org.hibernate.SQL - 
    insert 
    into
        finflow_auth.roles
        (created_at, description, is_active, is_system_role, name, updated_at, version, id) 
    values
        (?, ?, ?, ?, ?, ?, ?, ?)
2026-07-29 13:19:41.274 [main] DEBUG [] org.hibernate.SQL - 
    insert 
    into
        finflow_auth.users
        (created_at, created_by, deleted_at, deleted_by, email, email_verified, failed_login_count, is_deleted, last_login_at, locked_until, modified_by, phone_number, phone_verified, status, terms_accepted_at, updated_at, username, version, id) 
    values
        (?, ?, ?, ?, ?, ?, ?, ?, ?, ?, ?, ?, ?, ?, ?, ?, ?, ?, ?)
2026-07-29 13:19:41.275 [main] DEBUG [] org.hibernate.SQL - 
    insert 
    into
        finflow_auth.refresh_tokens
        (created_at, created_ip, created_user_agent, expires_at, family_id, is_revoked, last_used_at, last_used_ip, refresh_token_hash, revoked_at, session_id, updated_at, user_id, version, id) 
    values
        (?, ?, ?, ?, ?, ?, ?, ?, ?, ?, ?, ?, ?, ?, ?)
2026-07-29 13:19:41.276 [main] DEBUG [] org.hibernate.SQL - 
    insert 
    into
        finflow_auth.refresh_tokens
        (created_at, created_ip, created_user_agent, expires_at, family_id, is_revoked, last_used_at, last_used_ip, refresh_token_hash, revoked_at, session_id, updated_at, user_id, version, id) 
    values
        (?, ?, ?, ?, ?, ?, ?, ?, ?, ?, ?, ?, ?, ?, ?)
2026-07-29 13:19:41.278 [main] DEBUG [] org.hibernate.SQL - 
    select
        rt1_0.id,
        rt1_0.created_at,
        rt1_0.created_ip,
        rt1_0.created_user_agent,
        rt1_0.expires_at,
        rt1_0.family_id,
        rt1_0.is_revoked,
        rt1_0.last_used_at,
        rt1_0.last_used_ip,
        rt1_0.refresh_token_hash,
        rt1_0.revoked_at,
        rt1_0.session_id,
        rt1_0.updated_at,
        rt1_0.user_id,
        rt1_0.version 
    from
        finflow_auth.refresh_tokens rt1_0 
    where
        rt1_0.expires_at<? 
        and rt1_0.is_revoked=false
2026-07-29 13:19:41.288 [main] INFO  [] o.s.t.c.s.AnnotationConfigContextLoaderUtils - Could not detect default configuration classes for test class [com.finflow.modules.auth.repository.RefreshTokenRepositoryIntegrationTest$RevokeAllByUserId]: RevokeAllByUserId does not declare any static, non-private, non-final, nested classes annotated with @Configuration.
2026-07-29 13:19:41.307 [main] INFO  [] o.s.b.t.c.SpringBootTestContextBootstrapper - Found @SpringBootConfiguration com.finflow.FinFlowApplication for test class com.finflow.modules.auth.repository.RefreshTokenRepositoryIntegrationTest$RevokeAllByUserId
2026-07-29 13:19:41.317 [main] DEBUG [] org.hibernate.SQL - 
    select
        rt1_0.id,
        rt1_0.created_at,
        rt1_0.created_ip,
        rt1_0.created_user_agent,
        rt1_0.expires_at,
        rt1_0.family_id,
        rt1_0.is_revoked,
        rt1_0.last_used_at,
        rt1_0.last_used_ip,
        rt1_0.refresh_token_hash,
        rt1_0.revoked_at,
        rt1_0.session_id,
        rt1_0.updated_at,
        rt1_0.user_id,
        rt1_0.version 
    from
        finflow_auth.refresh_tokens rt1_0
2026-07-29 13:19:41.320 [main] DEBUG [] org.hibernate.SQL - 
    select
        u1_0.id,
        u1_0.created_at,
        u1_0.created_by,
        u1_0.deleted_at,
        u1_0.deleted_by,
        u1_0.email,
        u1_0.email_verified,
        u1_0.failed_login_count,
        u1_0.is_deleted,
        u1_0.last_login_at,
        u1_0.locked_until,
        u1_0.modified_by,
        u1_0.phone_number,
        u1_0.phone_verified,
        u1_0.status,
        u1_0.terms_accepted_at,
        u1_0.updated_at,
        u1_0.username,
        u1_0.version 
    from
        finflow_auth.users u1_0
2026-07-29 13:19:41.322 [main] DEBUG [] org.hibernate.SQL - 
    select
        r1_0.id,
        r1_0.created_at,
        r1_0.description,
        r1_0.is_active,
        r1_0.is_system_role,
        r1_0.name,
        r1_0.updated_at,
        r1_0.version 
    from
        finflow_auth.roles r1_0
2026-07-29 13:19:41.344 [main] DEBUG [] org.hibernate.SQL - 
    insert 
    into
        finflow_auth.roles
        (created_at, description, is_active, is_system_role, name, updated_at, version, id) 
    values
        (?, ?, ?, ?, ?, ?, ?, ?)
2026-07-29 13:19:41.346 [main] DEBUG [] org.hibernate.SQL - 
    insert 
    into
        finflow_auth.users
        (created_at, created_by, deleted_at, deleted_by, email, email_verified, failed_login_count, is_deleted, last_login_at, locked_until, modified_by, phone_number, phone_verified, status, terms_accepted_at, updated_at, username, version, id) 
    values
        (?, ?, ?, ?, ?, ?, ?, ?, ?, ?, ?, ?, ?, ?, ?, ?, ?, ?, ?)
2026-07-29 13:19:41.348 [main] DEBUG [] org.hibernate.SQL - 
    insert 
    into
        finflow_auth.refresh_tokens
        (created_at, created_ip, created_user_agent, expires_at, family_id, is_revoked, last_used_at, last_used_ip, refresh_token_hash, revoked_at, session_id, updated_at, user_id, version, id) 
    values
        (?, ?, ?, ?, ?, ?, ?, ?, ?, ?, ?, ?, ?, ?, ?)
2026-07-29 13:19:41.349 [main] DEBUG [] org.hibernate.SQL - 
    insert 
    into
        finflow_auth.refresh_tokens
        (created_at, created_ip, created_user_agent, expires_at, family_id, is_revoked, last_used_at, last_used_ip, refresh_token_hash, revoked_at, session_id, updated_at, user_id, version, id) 
    values
        (?, ?, ?, ?, ?, ?, ?, ?, ?, ?, ?, ?, ?, ?, ?)
2026-07-29 13:19:41.351 [main] DEBUG [] org.hibernate.SQL - 
    update
        finflow_auth.refresh_tokens rt1_0 
    set
        is_revoked=true,
        revoked_at=? 
    where
        rt1_0.user_id=? 
        and rt1_0.is_revoked=false
2026-07-29 13:19:41.357 [main] DEBUG [] org.hibernate.SQL - 
    select
        rt1_0.id,
        rt1_0.created_at,
        rt1_0.created_ip,
        rt1_0.created_user_agent,
        rt1_0.expires_at,
        rt1_0.family_id,
        rt1_0.is_revoked,
        rt1_0.last_used_at,
        rt1_0.last_used_ip,
        rt1_0.refresh_token_hash,
        rt1_0.revoked_at,
        rt1_0.session_id,
        rt1_0.updated_at,
        rt1_0.user_id,
        rt1_0.version 
    from
        finflow_auth.refresh_tokens rt1_0 
    where
        rt1_0.user_id=? 
        and rt1_0.is_revoked=false 
        and rt1_0.expires_at>localtimestamp 
    order by
        rt1_0.created_at desc
2026-07-29 13:19:41.369 [main] INFO  [] o.s.t.c.s.AnnotationConfigContextLoaderUtils - Could not detect default configuration classes for test class [com.finflow.modules.auth.repository.RefreshTokenRepositoryIntegrationTest$RevokeAllByFamilyId]: RevokeAllByFamilyId does not declare any static, non-private, non-final, nested classes annotated with @Configuration.
2026-07-29 13:19:41.386 [main] INFO  [] o.s.b.t.c.SpringBootTestContextBootstrapper - Found @SpringBootConfiguration com.finflow.FinFlowApplication for test class com.finflow.modules.auth.repository.RefreshTokenRepositoryIntegrationTest$RevokeAllByFamilyId
2026-07-29 13:19:41.396 [main] DEBUG [] org.hibernate.SQL - 
    select
        rt1_0.id,
        rt1_0.created_at,
        rt1_0.created_ip,
        rt1_0.created_user_agent,
        rt1_0.expires_at,
        rt1_0.family_id,
        rt1_0.is_revoked,
        rt1_0.last_used_at,
        rt1_0.last_used_ip,
        rt1_0.refresh_token_hash,
        rt1_0.revoked_at,
        rt1_0.session_id,
        rt1_0.updated_at,
        rt1_0.user_id,
        rt1_0.version 
    from
        finflow_auth.refresh_tokens rt1_0
2026-07-29 13:19:41.399 [main] DEBUG [] org.hibernate.SQL - 
    select
        u1_0.id,
        u1_0.created_at,
        u1_0.created_by,
        u1_0.deleted_at,
        u1_0.deleted_by,
        u1_0.email,
        u1_0.email_verified,
        u1_0.failed_login_count,
        u1_0.is_deleted,
        u1_0.last_login_at,
        u1_0.locked_until,
        u1_0.modified_by,
        u1_0.phone_number,
        u1_0.phone_verified,
        u1_0.status,
        u1_0.terms_accepted_at,
        u1_0.updated_at,
        u1_0.username,
        u1_0.version 
    from
        finflow_auth.users u1_0
2026-07-29 13:19:41.402 [main] DEBUG [] org.hibernate.SQL - 
    select
        r1_0.id,
        r1_0.created_at,
        r1_0.description,
        r1_0.is_active,
        r1_0.is_system_role,
        r1_0.name,
        r1_0.updated_at,
        r1_0.version 
    from
        finflow_auth.roles r1_0
2026-07-29 13:19:41.411 [main] DEBUG [] org.hibernate.SQL - 
    insert 
    into
        finflow_auth.roles
        (created_at, description, is_active, is_system_role, name, updated_at, version, id) 
    values
        (?, ?, ?, ?, ?, ?, ?, ?)
2026-07-29 13:19:41.413 [main] DEBUG [] org.hibernate.SQL - 
    insert 
    into
        finflow_auth.users
        (created_at, created_by, deleted_at, deleted_by, email, email_verified, failed_login_count, is_deleted, last_login_at, locked_until, modified_by, phone_number, phone_verified, status, terms_accepted_at, updated_at, username, version, id) 
    values
        (?, ?, ?, ?, ?, ?, ?, ?, ?, ?, ?, ?, ?, ?, ?, ?, ?, ?, ?)
2026-07-29 13:19:41.414 [main] DEBUG [] org.hibernate.SQL - 
    insert 
    into
        finflow_auth.refresh_tokens
        (created_at, created_ip, created_user_agent, expires_at, family_id, is_revoked, last_used_at, last_used_ip, refresh_token_hash, revoked_at, session_id, updated_at, user_id, version, id) 
    values
        (?, ?, ?, ?, ?, ?, ?, ?, ?, ?, ?, ?, ?, ?, ?)
2026-07-29 13:19:41.416 [main] DEBUG [] org.hibernate.SQL - 
    insert 
    into
        finflow_auth.refresh_tokens
        (created_at, created_ip, created_user_agent, expires_at, family_id, is_revoked, last_used_at, last_used_ip, refresh_token_hash, revoked_at, session_id, updated_at, user_id, version, id) 
    values
        (?, ?, ?, ?, ?, ?, ?, ?, ?, ?, ?, ?, ?, ?, ?)
2026-07-29 13:19:41.417 [main] DEBUG [] org.hibernate.SQL - 
    insert 
    into
        finflow_auth.refresh_tokens
        (created_at, created_ip, created_user_agent, expires_at, family_id, is_revoked, last_used_at, last_used_ip, refresh_token_hash, revoked_at, session_id, updated_at, user_id, version, id) 
    values
        (?, ?, ?, ?, ?, ?, ?, ?, ?, ?, ?, ?, ?, ?, ?)
2026-07-29 13:19:41.418 [main] DEBUG [] org.hibernate.SQL - 
    update
        finflow_auth.refresh_tokens 
    set
        created_ip=?,
        created_user_agent=?,
        expires_at=?,
        family_id=?,
        is_revoked=?,
        last_used_at=?,
        last_used_ip=?,
        refresh_token_hash=?,
        revoked_at=?,
        session_id=?,
        updated_at=?,
        user_id=?,
        version=? 
    where
        id=? 
        and version=?
2026-07-29 13:19:41.420 [main] DEBUG [] org.hibernate.SQL - 
    update
        finflow_auth.refresh_tokens rt1_0 
    set
        is_revoked=true,
        revoked_at=? 
    where
        rt1_0.family_id=? 
        and rt1_0.is_revoked=false
2026-07-29 13:19:41.430 [main] DEBUG [] org.hibernate.SQL - 
    select
        rt1_0.id,
        rt1_0.created_at,
        rt1_0.created_ip,
        rt1_0.created_user_agent,
        rt1_0.expires_at,
        rt1_0.family_id,
        rt1_0.is_revoked,
        rt1_0.last_used_at,
        rt1_0.last_used_ip,
        rt1_0.refresh_token_hash,
        rt1_0.revoked_at,
        rt1_0.session_id,
        rt1_0.updated_at,
        rt1_0.user_id,
        rt1_0.version 
    from
        finflow_auth.refresh_tokens rt1_0 
    where
        rt1_0.id=?
2026-07-29 13:19:41.441 [main] DEBUG [] org.hibernate.SQL - 
    select
        rt1_0.id,
        rt1_0.created_at,
        rt1_0.created_ip,
        rt1_0.created_user_agent,
        rt1_0.expires_at,
        rt1_0.family_id,
        rt1_0.is_revoked,
        rt1_0.last_used_at,
        rt1_0.last_used_ip,
        rt1_0.refresh_token_hash,
        rt1_0.revoked_at,
        rt1_0.session_id,
        rt1_0.updated_at,
        rt1_0.user_id,
        rt1_0.version 
    from
        finflow_auth.refresh_tokens rt1_0 
    where
        rt1_0.id=?
2026-07-29 13:19:41.450 [main] INFO  [] o.s.t.c.s.AnnotationConfigContextLoaderUtils - Could not detect default configuration classes for test class [com.finflow.modules.auth.repository.RefreshTokenRepositoryIntegrationTest$FindAllByFamilyId]: FindAllByFamilyId does not declare any static, non-private, non-final, nested classes annotated with @Configuration.
2026-07-29 13:19:41.466 [main] INFO  [] o.s.b.t.c.SpringBootTestContextBootstrapper - Found @SpringBootConfiguration com.finflow.FinFlowApplication for test class com.finflow.modules.auth.repository.RefreshTokenRepositoryIntegrationTest$FindAllByFamilyId
2026-07-29 13:19:41.475 [main] DEBUG [] org.hibernate.SQL - 
    select
        rt1_0.id,
        rt1_0.created_at,
        rt1_0.created_ip,
        rt1_0.created_user_agent,
        rt1_0.expires_at,
        rt1_0.family_id,
        rt1_0.is_revoked,
        rt1_0.last_used_at,
        rt1_0.last_used_ip,
        rt1_0.refresh_token_hash,
        rt1_0.revoked_at,
        rt1_0.session_id,
        rt1_0.updated_at,
        rt1_0.user_id,
        rt1_0.version 
    from
        finflow_auth.refresh_tokens rt1_0
2026-07-29 13:19:41.479 [main] DEBUG [] org.hibernate.SQL - 
    select
        u1_0.id,
        u1_0.created_at,
        u1_0.created_by,
        u1_0.deleted_at,
        u1_0.deleted_by,
        u1_0.email,
        u1_0.email_verified,
        u1_0.failed_login_count,
        u1_0.is_deleted,
        u1_0.last_login_at,
        u1_0.locked_until,
        u1_0.modified_by,
        u1_0.phone_number,
        u1_0.phone_verified,
        u1_0.status,
        u1_0.terms_accepted_at,
        u1_0.updated_at,
        u1_0.username,
        u1_0.version 
    from
        finflow_auth.users u1_0
2026-07-29 13:19:41.481 [main] DEBUG [] org.hibernate.SQL - 
    select
        r1_0.id,
        r1_0.created_at,
        r1_0.description,
        r1_0.is_active,
        r1_0.is_system_role,
        r1_0.name,
        r1_0.updated_at,
        r1_0.version 
    from
        finflow_auth.roles r1_0
2026-07-29 13:19:41.492 [main] DEBUG [] org.hibernate.SQL - 
    insert 
    into
        finflow_auth.roles
        (created_at, description, is_active, is_system_role, name, updated_at, version, id) 
    values
        (?, ?, ?, ?, ?, ?, ?, ?)
2026-07-29 13:19:41.494 [main] DEBUG [] org.hibernate.SQL - 
    insert 
    into
        finflow_auth.users
        (created_at, created_by, deleted_at, deleted_by, email, email_verified, failed_login_count, is_deleted, last_login_at, locked_until, modified_by, phone_number, phone_verified, status, terms_accepted_at, updated_at, username, version, id) 
    values
        (?, ?, ?, ?, ?, ?, ?, ?, ?, ?, ?, ?, ?, ?, ?, ?, ?, ?, ?)
2026-07-29 13:19:41.496 [main] DEBUG [] org.hibernate.SQL - 
    insert 
    into
        finflow_auth.refresh_tokens
        (created_at, created_ip, created_user_agent, expires_at, family_id, is_revoked, last_used_at, last_used_ip, refresh_token_hash, revoked_at, session_id, updated_at, user_id, version, id) 
    values
        (?, ?, ?, ?, ?, ?, ?, ?, ?, ?, ?, ?, ?, ?, ?)
2026-07-29 13:19:41.497 [main] DEBUG [] org.hibernate.SQL - 
    insert 
    into
        finflow_auth.refresh_tokens
        (created_at, created_ip, created_user_agent, expires_at, family_id, is_revoked, last_used_at, last_used_ip, refresh_token_hash, revoked_at, session_id, updated_at, user_id, version, id) 
    values
        (?, ?, ?, ?, ?, ?, ?, ?, ?, ?, ?, ?, ?, ?, ?)
2026-07-29 13:19:41.499 [main] DEBUG [] org.hibernate.SQL - 
    insert 
    into
        finflow_auth.refresh_tokens
        (created_at, created_ip, created_user_agent, expires_at, family_id, is_revoked, last_used_at, last_used_ip, refresh_token_hash, revoked_at, session_id, updated_at, user_id, version, id) 
    values
        (?, ?, ?, ?, ?, ?, ?, ?, ?, ?, ?, ?, ?, ?, ?)
2026-07-29 13:19:41.501 [main] DEBUG [] org.hibernate.SQL - 
    update
        finflow_auth.refresh_tokens 
    set
        created_ip=?,
        created_user_agent=?,
        expires_at=?,
        family_id=?,
        is_revoked=?,
        last_used_at=?,
        last_used_ip=?,
        refresh_token_hash=?,
        revoked_at=?,
        session_id=?,
        updated_at=?,
        user_id=?,
        version=? 
    where
        id=? 
        and version=?
2026-07-29 13:19:41.503 [main] DEBUG [] org.hibernate.SQL - 
    select
        rt1_0.id,
        rt1_0.created_at,
        rt1_0.created_ip,
        rt1_0.created_user_agent,
        rt1_0.expires_at,
        rt1_0.family_id,
        rt1_0.is_revoked,
        rt1_0.last_used_at,
        rt1_0.last_used_ip,
        rt1_0.refresh_token_hash,
        rt1_0.revoked_at,
        rt1_0.session_id,
        rt1_0.updated_at,
        rt1_0.user_id,
        rt1_0.version 
    from
        finflow_auth.refresh_tokens rt1_0 
    where
        rt1_0.family_id=? 
    order by
        rt1_0.created_at desc
2026-07-29 13:19:41.516 [main] INFO  [] o.s.t.c.s.AnnotationConfigContextLoaderUtils - Could not detect default configuration classes for test class [com.finflow.modules.auth.repository.RefreshTokenRepositoryIntegrationTest$FindActiveByUserId]: FindActiveByUserId does not declare any static, non-private, non-final, nested classes annotated with @Configuration.
2026-07-29 13:19:41.535 [main] INFO  [] o.s.b.t.c.SpringBootTestContextBootstrapper - Found @SpringBootConfiguration com.finflow.FinFlowApplication for test class com.finflow.modules.auth.repository.RefreshTokenRepositoryIntegrationTest$FindActiveByUserId
2026-07-29 13:19:41.544 [main] DEBUG [] org.hibernate.SQL - 
    select
        rt1_0.id,
        rt1_0.created_at,
        rt1_0.created_ip,
        rt1_0.created_user_agent,
        rt1_0.expires_at,
        rt1_0.family_id,
        rt1_0.is_revoked,
        rt1_0.last_used_at,
        rt1_0.last_used_ip,
        rt1_0.refresh_token_hash,
        rt1_0.revoked_at,
        rt1_0.session_id,
        rt1_0.updated_at,
        rt1_0.user_id,
        rt1_0.version 
    from
        finflow_auth.refresh_tokens rt1_0
2026-07-29 13:19:41.548 [main] DEBUG [] org.hibernate.SQL - 
    select
        u1_0.id,
        u1_0.created_at,
        u1_0.created_by,
        u1_0.deleted_at,
        u1_0.deleted_by,
        u1_0.email,
        u1_0.email_verified,
        u1_0.failed_login_count,
        u1_0.is_deleted,
        u1_0.last_login_at,
        u1_0.locked_until,
        u1_0.modified_by,
        u1_0.phone_number,
        u1_0.phone_verified,
        u1_0.status,
        u1_0.terms_accepted_at,
        u1_0.updated_at,
        u1_0.username,
        u1_0.version 
    from
        finflow_auth.users u1_0
2026-07-29 13:19:41.551 [main] DEBUG [] org.hibernate.SQL - 
    select
        r1_0.id,
        r1_0.created_at,
        r1_0.description,
        r1_0.is_active,
        r1_0.is_system_role,
        r1_0.name,
        r1_0.updated_at,
        r1_0.version 
    from
        finflow_auth.roles r1_0
2026-07-29 13:19:41.563 [main] DEBUG [] org.hibernate.SQL - 
    insert 
    into
        finflow_auth.roles
        (created_at, description, is_active, is_system_role, name, updated_at, version, id) 
    values
        (?, ?, ?, ?, ?, ?, ?, ?)
2026-07-29 13:19:41.564 [main] DEBUG [] org.hibernate.SQL - 
    insert 
    into
        finflow_auth.users
        (created_at, created_by, deleted_at, deleted_by, email, email_verified, failed_login_count, is_deleted, last_login_at, locked_until, modified_by, phone_number, phone_verified, status, terms_accepted_at, updated_at, username, version, id) 
    values
        (?, ?, ?, ?, ?, ?, ?, ?, ?, ?, ?, ?, ?, ?, ?, ?, ?, ?, ?)
2026-07-29 13:19:41.566 [main] DEBUG [] org.hibernate.SQL - 
    insert 
    into
        finflow_auth.refresh_tokens
        (created_at, created_ip, created_user_agent, expires_at, family_id, is_revoked, last_used_at, last_used_ip, refresh_token_hash, revoked_at, session_id, updated_at, user_id, version, id) 
    values
        (?, ?, ?, ?, ?, ?, ?, ?, ?, ?, ?, ?, ?, ?, ?)
2026-07-29 13:19:41.567 [main] DEBUG [] org.hibernate.SQL - 
    insert 
    into
        finflow_auth.refresh_tokens
        (created_at, created_ip, created_user_agent, expires_at, family_id, is_revoked, last_used_at, last_used_ip, refresh_token_hash, revoked_at, session_id, updated_at, user_id, version, id) 
    values
        (?, ?, ?, ?, ?, ?, ?, ?, ?, ?, ?, ?, ?, ?, ?)
2026-07-29 13:19:41.568 [main] DEBUG [] org.hibernate.SQL - 
    insert 
    into
        finflow_auth.refresh_tokens
        (created_at, created_ip, created_user_agent, expires_at, family_id, is_revoked, last_used_at, last_used_ip, refresh_token_hash, revoked_at, session_id, updated_at, user_id, version, id) 
    values
        (?, ?, ?, ?, ?, ?, ?, ?, ?, ?, ?, ?, ?, ?, ?)
2026-07-29 13:19:41.569 [main] DEBUG [] org.hibernate.SQL - 
    update
        finflow_auth.refresh_tokens 
    set
        created_ip=?,
        created_user_agent=?,
        expires_at=?,
        family_id=?,
        is_revoked=?,
        last_used_at=?,
        last_used_ip=?,
        refresh_token_hash=?,
        revoked_at=?,
        session_id=?,
        updated_at=?,
        user_id=?,
        version=? 
    where
        id=? 
        and version=?
2026-07-29 13:19:41.571 [main] DEBUG [] org.hibernate.SQL - 
    select
        rt1_0.id,
        rt1_0.created_at,
        rt1_0.created_ip,
        rt1_0.created_user_agent,
        rt1_0.expires_at,
        rt1_0.family_id,
        rt1_0.is_revoked,
        rt1_0.last_used_at,
        rt1_0.last_used_ip,
        rt1_0.refresh_token_hash,
        rt1_0.revoked_at,
        rt1_0.session_id,
        rt1_0.updated_at,
        rt1_0.user_id,
        rt1_0.version 
    from
        finflow_auth.refresh_tokens rt1_0 
    where
        rt1_0.user_id=? 
        and rt1_0.is_revoked=false 
        and rt1_0.expires_at>localtimestamp 
    order by
        rt1_0.created_at desc
2026-07-29 13:19:41.583 [main] INFO  [] o.s.t.c.s.AnnotationConfigContextLoaderUtils - Could not detect default configuration classes for test class [com.finflow.modules.auth.repository.RefreshTokenRepositoryIntegrationTest$FindActiveBySessionId]: FindActiveBySessionId does not declare any static, non-private, non-final, nested classes annotated with @Configuration.
2026-07-29 13:19:41.598 [main] INFO  [] o.s.b.t.c.SpringBootTestContextBootstrapper - Found @SpringBootConfiguration com.finflow.FinFlowApplication for test class com.finflow.modules.auth.repository.RefreshTokenRepositoryIntegrationTest$FindActiveBySessionId
2026-07-29 13:19:41.607 [main] DEBUG [] org.hibernate.SQL - 
    select
        rt1_0.id,
        rt1_0.created_at,
        rt1_0.created_ip,
        rt1_0.created_user_agent,
        rt1_0.expires_at,
        rt1_0.family_id,
        rt1_0.is_revoked,
        rt1_0.last_used_at,
        rt1_0.last_used_ip,
        rt1_0.refresh_token_hash,
        rt1_0.revoked_at,
        rt1_0.session_id,
        rt1_0.updated_at,
        rt1_0.user_id,
        rt1_0.version 
    from
        finflow_auth.refresh_tokens rt1_0
2026-07-29 13:19:41.613 [main] DEBUG [] org.hibernate.SQL - 
    select
        u1_0.id,
        u1_0.created_at,
        u1_0.created_by,
        u1_0.deleted_at,
        u1_0.deleted_by,
        u1_0.email,
        u1_0.email_verified,
        u1_0.failed_login_count,
        u1_0.is_deleted,
        u1_0.last_login_at,
        u1_0.locked_until,
        u1_0.modified_by,
        u1_0.phone_number,
        u1_0.phone_verified,
        u1_0.status,
        u1_0.terms_accepted_at,
        u1_0.updated_at,
        u1_0.username,
        u1_0.version 
    from
        finflow_auth.users u1_0
2026-07-29 13:19:41.616 [main] DEBUG [] org.hibernate.SQL - 
    select
        r1_0.id,
        r1_0.created_at,
        r1_0.description,
        r1_0.is_active,
        r1_0.is_system_role,
        r1_0.name,
        r1_0.updated_at,
        r1_0.version 
    from
        finflow_auth.roles r1_0
2026-07-29 13:19:41.627 [main] DEBUG [] org.hibernate.SQL - 
    insert 
    into
        finflow_auth.roles
        (created_at, description, is_active, is_system_role, name, updated_at, version, id) 
    values
        (?, ?, ?, ?, ?, ?, ?, ?)
2026-07-29 13:19:41.628 [main] DEBUG [] org.hibernate.SQL - 
    insert 
    into
        finflow_auth.users
        (created_at, created_by, deleted_at, deleted_by, email, email_verified, failed_login_count, is_deleted, last_login_at, locked_until, modified_by, phone_number, phone_verified, status, terms_accepted_at, updated_at, username, version, id) 
    values
        (?, ?, ?, ?, ?, ?, ?, ?, ?, ?, ?, ?, ?, ?, ?, ?, ?, ?, ?)
2026-07-29 13:19:41.630 [main] DEBUG [] org.hibernate.SQL - 
    insert 
    into
        finflow_auth.refresh_tokens
        (created_at, created_ip, created_user_agent, expires_at, family_id, is_revoked, last_used_at, last_used_ip, refresh_token_hash, revoked_at, session_id, updated_at, user_id, version, id) 
    values
        (?, ?, ?, ?, ?, ?, ?, ?, ?, ?, ?, ?, ?, ?, ?)
2026-07-29 13:19:41.631 [main] DEBUG [] org.hibernate.SQL - 
    select
        rt1_0.id,
        rt1_0.created_at,
        rt1_0.created_ip,
        rt1_0.created_user_agent,
        rt1_0.expires_at,
        rt1_0.family_id,
        rt1_0.is_revoked,
        rt1_0.last_used_at,
        rt1_0.last_used_ip,
        rt1_0.refresh_token_hash,
        rt1_0.revoked_at,
        rt1_0.session_id,
        rt1_0.updated_at,
        rt1_0.user_id,
        rt1_0.version 
    from
        finflow_auth.refresh_tokens rt1_0 
    where
        rt1_0.session_id=? 
        and rt1_0.is_revoked=false 
        and rt1_0.expires_at>localtimestamp
2026-07-29 13:19:41.645 [main] INFO  [] o.s.t.c.s.AnnotationConfigContextLoaderUtils - Could not detect default configuration classes for test class [com.finflow.modules.auth.repository.RefreshTokenRepositoryIntegrationTest$FindByTokenHash]: FindByTokenHash does not declare any static, non-private, non-final, nested classes annotated with @Configuration.
2026-07-29 13:19:41.664 [main] INFO  [] o.s.b.t.c.SpringBootTestContextBootstrapper - Found @SpringBootConfiguration com.finflow.FinFlowApplication for test class com.finflow.modules.auth.repository.RefreshTokenRepositoryIntegrationTest$FindByTokenHash
2026-07-29 13:19:41.674 [main] DEBUG [] org.hibernate.SQL - 
    select
        rt1_0.id,
        rt1_0.created_at,
        rt1_0.created_ip,
        rt1_0.created_user_agent,
        rt1_0.expires_at,
        rt1_0.family_id,
        rt1_0.is_revoked,
        rt1_0.last_used_at,
        rt1_0.last_used_ip,
        rt1_0.refresh_token_hash,
        rt1_0.revoked_at,
        rt1_0.session_id,
        rt1_0.updated_at,
        rt1_0.user_id,
        rt1_0.version 
    from
        finflow_auth.refresh_tokens rt1_0
2026-07-29 13:19:41.676 [main] DEBUG [] org.hibernate.SQL - 
    select
        u1_0.id,
        u1_0.created_at,
        u1_0.created_by,
        u1_0.deleted_at,
        u1_0.deleted_by,
        u1_0.email,
        u1_0.email_verified,
        u1_0.failed_login_count,
        u1_0.is_deleted,
        u1_0.last_login_at,
        u1_0.locked_until,
        u1_0.modified_by,
        u1_0.phone_number,
        u1_0.phone_verified,
        u1_0.status,
        u1_0.terms_accepted_at,
        u1_0.updated_at,
        u1_0.username,
        u1_0.version 
    from
        finflow_auth.users u1_0
2026-07-29 13:19:41.679 [main] DEBUG [] org.hibernate.SQL - 
    select
        r1_0.id,
        r1_0.created_at,
        r1_0.description,
        r1_0.is_active,
        r1_0.is_system_role,
        r1_0.name,
        r1_0.updated_at,
        r1_0.version 
    from
        finflow_auth.roles r1_0
2026-07-29 13:19:41.686 [main] DEBUG [] org.hibernate.SQL - 
    insert 
    into
        finflow_auth.roles
        (created_at, description, is_active, is_system_role, name, updated_at, version, id) 
    values
        (?, ?, ?, ?, ?, ?, ?, ?)
2026-07-29 13:19:41.687 [main] DEBUG [] org.hibernate.SQL - 
    insert 
    into
        finflow_auth.users
        (created_at, created_by, deleted_at, deleted_by, email, email_verified, failed_login_count, is_deleted, last_login_at, locked_until, modified_by, phone_number, phone_verified, status, terms_accepted_at, updated_at, username, version, id) 
    values
        (?, ?, ?, ?, ?, ?, ?, ?, ?, ?, ?, ?, ?, ?, ?, ?, ?, ?, ?)
2026-07-29 13:19:41.688 [main] DEBUG [] org.hibernate.SQL - 
    insert 
    into
        finflow_auth.refresh_tokens
        (created_at, created_ip, created_user_agent, expires_at, family_id, is_revoked, last_used_at, last_used_ip, refresh_token_hash, revoked_at, session_id, updated_at, user_id, version, id) 
    values
        (?, ?, ?, ?, ?, ?, ?, ?, ?, ?, ?, ?, ?, ?, ?)
2026-07-29 13:19:41.689 [main] DEBUG [] org.hibernate.SQL - 
    update
        finflow_auth.refresh_tokens 
    set
        created_ip=?,
        created_user_agent=?,
        expires_at=?,
        family_id=?,
        is_revoked=?,
        last_used_at=?,
        last_used_ip=?,
        refresh_token_hash=?,
        revoked_at=?,
        session_id=?,
        updated_at=?,
        user_id=?,
        version=? 
    where
        id=? 
        and version=?
2026-07-29 13:19:41.692 [main] DEBUG [] org.hibernate.SQL - 
    select
        rt1_0.id,
        rt1_0.created_at,
        rt1_0.created_ip,
        rt1_0.created_user_agent,
        rt1_0.expires_at,
        rt1_0.family_id,
        rt1_0.is_revoked,
        rt1_0.last_used_at,
        rt1_0.last_used_ip,
        rt1_0.refresh_token_hash,
        rt1_0.revoked_at,
        rt1_0.session_id,
        rt1_0.updated_at,
        rt1_0.user_id,
        rt1_0.version 
    from
        finflow_auth.refresh_tokens rt1_0 
    where
        rt1_0.refresh_token_hash=?
2026-07-29 13:19:41.707 [main] INFO  [] o.s.t.c.s.AnnotationConfigContextLoaderUtils - Could not detect default configuration classes for test class [com.finflow.modules.auth.repository.RefreshTokenRepositoryIntegrationTest$FindActiveByTokenHash]: FindActiveByTokenHash does not declare any static, non-private, non-final, nested classes annotated with @Configuration.
2026-07-29 13:19:41.724 [main] INFO  [] o.s.b.t.c.SpringBootTestContextBootstrapper - Found @SpringBootConfiguration com.finflow.FinFlowApplication for test class com.finflow.modules.auth.repository.RefreshTokenRepositoryIntegrationTest$FindActiveByTokenHash
2026-07-29 13:19:41.733 [main] DEBUG [] org.hibernate.SQL - 
    select
        rt1_0.id,
        rt1_0.created_at,
        rt1_0.created_ip,
        rt1_0.created_user_agent,
        rt1_0.expires_at,
        rt1_0.family_id,
        rt1_0.is_revoked,
        rt1_0.last_used_at,
        rt1_0.last_used_ip,
        rt1_0.refresh_token_hash,
        rt1_0.revoked_at,
        rt1_0.session_id,
        rt1_0.updated_at,
        rt1_0.user_id,
        rt1_0.version 
    from
        finflow_auth.refresh_tokens rt1_0
2026-07-29 13:19:41.737 [main] DEBUG [] org.hibernate.SQL - 
    select
        u1_0.id,
        u1_0.created_at,
        u1_0.created_by,
        u1_0.deleted_at,
        u1_0.deleted_by,
        u1_0.email,
        u1_0.email_verified,
        u1_0.failed_login_count,
        u1_0.is_deleted,
        u1_0.last_login_at,
        u1_0.locked_until,
        u1_0.modified_by,
        u1_0.phone_number,
        u1_0.phone_verified,
        u1_0.status,
        u1_0.terms_accepted_at,
        u1_0.updated_at,
        u1_0.username,
        u1_0.version 
    from
        finflow_auth.users u1_0
2026-07-29 13:19:41.739 [main] DEBUG [] org.hibernate.SQL - 
    select
        r1_0.id,
        r1_0.created_at,
        r1_0.description,
        r1_0.is_active,
        r1_0.is_system_role,
        r1_0.name,
        r1_0.updated_at,
        r1_0.version 
    from
        finflow_auth.roles r1_0
2026-07-29 13:19:41.747 [main] DEBUG [] org.hibernate.SQL - 
    insert 
    into
        finflow_auth.roles
        (created_at, description, is_active, is_system_role, name, updated_at, version, id) 
    values
        (?, ?, ?, ?, ?, ?, ?, ?)
2026-07-29 13:19:41.749 [main] DEBUG [] org.hibernate.SQL - 
    insert 
    into
        finflow_auth.users
        (created_at, created_by, deleted_at, deleted_by, email, email_verified, failed_login_count, is_deleted, last_login_at, locked_until, modified_by, phone_number, phone_verified, status, terms_accepted_at, updated_at, username, version, id) 
    values
        (?, ?, ?, ?, ?, ?, ?, ?, ?, ?, ?, ?, ?, ?, ?, ?, ?, ?, ?)
2026-07-29 13:19:41.751 [main] DEBUG [] org.hibernate.SQL - 
    insert 
    into
        finflow_auth.refresh_tokens
        (created_at, created_ip, created_user_agent, expires_at, family_id, is_revoked, last_used_at, last_used_ip, refresh_token_hash, revoked_at, session_id, updated_at, user_id, version, id) 
    values
        (?, ?, ?, ?, ?, ?, ?, ?, ?, ?, ?, ?, ?, ?, ?)
2026-07-29 13:19:41.753 [main] DEBUG [] org.hibernate.SQL - 
    select
        rt1_0.id,
        rt1_0.created_at,
        rt1_0.created_ip,
        rt1_0.created_user_agent,
        rt1_0.expires_at,
        rt1_0.family_id,
        rt1_0.is_revoked,
        rt1_0.last_used_at,
        rt1_0.last_used_ip,
        rt1_0.refresh_token_hash,
        rt1_0.revoked_at,
        rt1_0.session_id,
        rt1_0.updated_at,
        rt1_0.user_id,
        rt1_0.version 
    from
        finflow_auth.refresh_tokens rt1_0 
    where
        rt1_0.refresh_token_hash=? 
        and rt1_0.is_revoked=false 
        and rt1_0.expires_at>localtimestamp
2026-07-29 13:19:41.769 [main] DEBUG [] org.hibernate.SQL - 
    select
        rt1_0.id,
        rt1_0.created_at,
        rt1_0.created_ip,
        rt1_0.created_user_agent,
        rt1_0.expires_at,
        rt1_0.family_id,
        rt1_0.is_revoked,
        rt1_0.last_used_at,
        rt1_0.last_used_ip,
        rt1_0.refresh_token_hash,
        rt1_0.revoked_at,
        rt1_0.session_id,
        rt1_0.updated_at,
        rt1_0.user_id,
        rt1_0.version 
    from
        finflow_auth.refresh_tokens rt1_0
2026-07-29 13:19:41.773 [main] DEBUG [] org.hibernate.SQL - 
    select
        u1_0.id,
        u1_0.created_at,
        u1_0.created_by,
        u1_0.deleted_at,
        u1_0.deleted_by,
        u1_0.email,
        u1_0.email_verified,
        u1_0.failed_login_count,
        u1_0.is_deleted,
        u1_0.last_login_at,
        u1_0.locked_until,
        u1_0.modified_by,
        u1_0.phone_number,
        u1_0.phone_verified,
        u1_0.status,
        u1_0.terms_accepted_at,
        u1_0.updated_at,
        u1_0.username,
        u1_0.version 
    from
        finflow_auth.users u1_0
2026-07-29 13:19:41.775 [main] DEBUG [] org.hibernate.SQL - 
    select
        r1_0.id,
        r1_0.created_at,
        r1_0.description,
        r1_0.is_active,
        r1_0.is_system_role,
        r1_0.name,
        r1_0.updated_at,
        r1_0.version 
    from
        finflow_auth.roles r1_0
2026-07-29 13:19:41.780 [main] DEBUG [] org.hibernate.SQL - 
    select
        rt1_0.id,
        rt1_0.created_at,
        rt1_0.created_ip,
        rt1_0.created_user_agent,
        rt1_0.expires_at,
        rt1_0.family_id,
        rt1_0.is_revoked,
        rt1_0.last_used_at,
        rt1_0.last_used_ip,
        rt1_0.refresh_token_hash,
        rt1_0.revoked_at,
        rt1_0.session_id,
        rt1_0.updated_at,
        rt1_0.user_id,
        rt1_0.version 
    from
        finflow_auth.refresh_tokens rt1_0 
    where
        rt1_0.refresh_token_hash=? 
        and rt1_0.is_revoked=false 
        and rt1_0.expires_at>localtimestamp
2026-07-29 13:19:41.792 [main] DEBUG [] org.hibernate.SQL - 
    select
        rt1_0.id,
        rt1_0.created_at,
        rt1_0.created_ip,
        rt1_0.created_user_agent,
        rt1_0.expires_at,
        rt1_0.family_id,
        rt1_0.is_revoked,
        rt1_0.last_used_at,
        rt1_0.last_used_ip,
        rt1_0.refresh_token_hash,
        rt1_0.revoked_at,
        rt1_0.session_id,
        rt1_0.updated_at,
        rt1_0.user_id,
        rt1_0.version 
    from
        finflow_auth.refresh_tokens rt1_0
2026-07-29 13:19:41.795 [main] DEBUG [] org.hibernate.SQL - 
    select
        u1_0.id,
        u1_0.created_at,
        u1_0.created_by,
        u1_0.deleted_at,
        u1_0.deleted_by,
        u1_0.email,
        u1_0.email_verified,
        u1_0.failed_login_count,
        u1_0.is_deleted,
        u1_0.last_login_at,
        u1_0.locked_until,
        u1_0.modified_by,
        u1_0.phone_number,
        u1_0.phone_verified,
        u1_0.status,
        u1_0.terms_accepted_at,
        u1_0.updated_at,
        u1_0.username,
        u1_0.version 
    from
        finflow_auth.users u1_0
2026-07-29 13:19:41.798 [main] DEBUG [] org.hibernate.SQL - 
    select
        r1_0.id,
        r1_0.created_at,
        r1_0.description,
        r1_0.is_active,
        r1_0.is_system_role,
        r1_0.name,
        r1_0.updated_at,
        r1_0.version 
    from
        finflow_auth.roles r1_0
2026-07-29 13:19:41.804 [main] DEBUG [] org.hibernate.SQL - 
    insert 
    into
        finflow_auth.roles
        (created_at, description, is_active, is_system_role, name, updated_at, version, id) 
    values
        (?, ?, ?, ?, ?, ?, ?, ?)
2026-07-29 13:19:41.805 [main] DEBUG [] org.hibernate.SQL - 
    insert 
    into
        finflow_auth.users
        (created_at, created_by, deleted_at, deleted_by, email, email_verified, failed_login_count, is_deleted, last_login_at, locked_until, modified_by, phone_number, phone_verified, status, terms_accepted_at, updated_at, username, version, id) 
    values
        (?, ?, ?, ?, ?, ?, ?, ?, ?, ?, ?, ?, ?, ?, ?, ?, ?, ?, ?)
2026-07-29 13:19:41.806 [main] DEBUG [] org.hibernate.SQL - 
    insert 
    into
        finflow_auth.refresh_tokens
        (created_at, created_ip, created_user_agent, expires_at, family_id, is_revoked, last_used_at, last_used_ip, refresh_token_hash, revoked_at, session_id, updated_at, user_id, version, id) 
    values
        (?, ?, ?, ?, ?, ?, ?, ?, ?, ?, ?, ?, ?, ?, ?)
2026-07-29 13:19:41.807 [main] DEBUG [] org.hibernate.SQL - 
    update
        finflow_auth.refresh_tokens 
    set
        created_ip=?,
        created_user_agent=?,
        expires_at=?,
        family_id=?,
        is_revoked=?,
        last_used_at=?,
        last_used_ip=?,
        refresh_token_hash=?,
        revoked_at=?,
        session_id=?,
        updated_at=?,
        user_id=?,
        version=? 
    where
        id=? 
        and version=?
2026-07-29 13:19:41.809 [main] DEBUG [] org.hibernate.SQL - 
    select
        rt1_0.id,
        rt1_0.created_at,
        rt1_0.created_ip,
        rt1_0.created_user_agent,
        rt1_0.expires_at,
        rt1_0.family_id,
        rt1_0.is_revoked,
        rt1_0.last_used_at,
        rt1_0.last_used_ip,
        rt1_0.refresh_token_hash,
        rt1_0.revoked_at,
        rt1_0.session_id,
        rt1_0.updated_at,
        rt1_0.user_id,
        rt1_0.version 
    from
        finflow_auth.refresh_tokens rt1_0 
    where
        rt1_0.refresh_token_hash=? 
        and rt1_0.is_revoked=false 
        and rt1_0.expires_at>localtimestamp
2026-07-29 13:19:41.822 [main] DEBUG [] org.hibernate.SQL - 
    select
        rt1_0.id,
        rt1_0.created_at,
        rt1_0.created_ip,
        rt1_0.created_user_agent,
        rt1_0.expires_at,
        rt1_0.family_id,
        rt1_0.is_revoked,
        rt1_0.last_used_at,
        rt1_0.last_used_ip,
        rt1_0.refresh_token_hash,
        rt1_0.revoked_at,
        rt1_0.session_id,
        rt1_0.updated_at,
        rt1_0.user_id,
        rt1_0.version 
    from
        finflow_auth.refresh_tokens rt1_0
2026-07-29 13:19:41.825 [main] DEBUG [] org.hibernate.SQL - 
    select
        u1_0.id,
        u1_0.created_at,
        u1_0.created_by,
        u1_0.deleted_at,
        u1_0.deleted_by,
        u1_0.email,
        u1_0.email_verified,
        u1_0.failed_login_count,
        u1_0.is_deleted,
        u1_0.last_login_at,
        u1_0.locked_until,
        u1_0.modified_by,
        u1_0.phone_number,
        u1_0.phone_verified,
        u1_0.status,
        u1_0.terms_accepted_at,
        u1_0.updated_at,
        u1_0.username,
        u1_0.version 
    from
        finflow_auth.users u1_0
2026-07-29 13:19:41.827 [main] DEBUG [] org.hibernate.SQL - 
    select
        r1_0.id,
        r1_0.created_at,
        r1_0.description,
        r1_0.is_active,
        r1_0.is_system_role,
        r1_0.name,
        r1_0.updated_at,
        r1_0.version 
    from
        finflow_auth.roles r1_0
2026-07-29 13:19:41.831 [main] DEBUG [] org.hibernate.SQL - 
    insert 
    into
        finflow_auth.roles
        (created_at, description, is_active, is_system_role, name, updated_at, version, id) 
    values
        (?, ?, ?, ?, ?, ?, ?, ?)
2026-07-29 13:19:41.832 [main] DEBUG [] org.hibernate.SQL - 
    insert 
    into
        finflow_auth.users
        (created_at, created_by, deleted_at, deleted_by, email, email_verified, failed_login_count, is_deleted, last_login_at, locked_until, modified_by, phone_number, phone_verified, status, terms_accepted_at, updated_at, username, version, id) 
    values
        (?, ?, ?, ?, ?, ?, ?, ?, ?, ?, ?, ?, ?, ?, ?, ?, ?, ?, ?)
2026-07-29 13:19:41.833 [main] DEBUG [] org.hibernate.SQL - 
    insert 
    into
        finflow_auth.refresh_tokens
        (created_at, created_ip, created_user_agent, expires_at, family_id, is_revoked, last_used_at, last_used_ip, refresh_token_hash, revoked_at, session_id, updated_at, user_id, version, id) 
    values
        (?, ?, ?, ?, ?, ?, ?, ?, ?, ?, ?, ?, ?, ?, ?)
2026-07-29 13:19:41.834 [main] DEBUG [] org.hibernate.SQL - 
    select
        rt1_0.id,
        rt1_0.created_at,
        rt1_0.created_ip,
        rt1_0.created_user_agent,
        rt1_0.expires_at,
        rt1_0.family_id,
        rt1_0.is_revoked,
        rt1_0.last_used_at,
        rt1_0.last_used_ip,
        rt1_0.refresh_token_hash,
        rt1_0.revoked_at,
        rt1_0.session_id,
        rt1_0.updated_at,
        rt1_0.user_id,
        rt1_0.version 
    from
        finflow_auth.refresh_tokens rt1_0 
    where
        rt1_0.refresh_token_hash=? 
        and rt1_0.is_revoked=false 
        and rt1_0.expires_at>localtimestamp
2026-07-29 13:19:42.340 [main] INFO  [] c.f.m.b.service.BeneficiaryService - Changing beneficiary status: id=46c9bdb3-6449-4e06-b41f-fa39eca5b108, status=BLOCKED, userId=1cd55a7a-cd4b-4810-a1c3-1c7db07baee4
2026-07-29 13:19:42.342 [main] INFO  [] c.f.m.b.service.BeneficiaryService - Beneficiary status changed: id=46c9bdb3-6449-4e06-b41f-fa39eca5b108, status=BLOCKED
2026-07-29 13:19:42.348 [main] INFO  [] c.f.m.b.service.BeneficiaryService - Deleting beneficiary: id=83a62832-3e5e-4d6d-9a08-23083e6db45d, userId=9f84fd7f-25e3-45b7-a4ad-c72c5379029c
2026-07-29 13:19:42.349 [main] INFO  [] c.f.m.b.service.BeneficiaryService - Beneficiary deleted: id=83a62832-3e5e-4d6d-9a08-23083e6db45d
2026-07-29 13:19:42.358 [main] INFO  [] c.f.m.b.service.BeneficiaryService - Updating beneficiary: id=0546364e-50cc-4e9d-9faa-6646986da9e2, userId=d76eb284-5868-4dc1-88fa-4c5492998cf8
2026-07-29 13:19:42.359 [main] INFO  [] c.f.m.b.service.BeneficiaryService - Beneficiary updated: id=0546364e-50cc-4e9d-9faa-6646986da9e2
2026-07-29 13:19:42.381 [main] INFO  [] c.f.m.b.service.BeneficiaryService - Creating beneficiary: userId=d635127d-8bdb-4643-823b-86de621aa4a0, name=John Doe
2026-07-29 13:19:42.387 [main] INFO  [] c.f.m.b.service.BeneficiaryService - Creating beneficiary: userId=217949c6-3100-4fb2-a81d-c8c734dd25dc, name=John Doe
2026-07-29 13:19:42.387 [main] INFO  [] c.f.m.b.service.BeneficiaryService - Beneficiary created: id=null
2026-07-29 13:19:42.962 [main] INFO  [] c.f.m.n.service.NotificationService - Notification deleted: id=7dc7bcb1-3f7f-441b-a540-e9165864a1be, userId=4f7c4a1a-3771-4695-9ff9-be7052d9fee3
2026-07-29 13:19:42.975 [main] INFO  [] c.f.m.n.service.NotificationService - Marking all notifications read for user: c9e93fca-dad5-4daa-ac98-b35d00a46d92
2026-07-29 13:19:43.230 [main] INFO  [] c.f.m.p.service.UserProfileService - Profile updated: userId=5f5a4b37-c642-439b-baab-2aeb75f329d8
2026-07-29 13:19:43.237 [main] INFO  [] c.f.m.p.service.UserProfileService - Default profile created: userId=c8de2ce4-a218-444d-8c98-ccbb854b5bd2
2026-07-29 13:19:43.237 [main] INFO  [] c.f.m.p.service.UserProfileService - Profile updated: userId=c8de2ce4-a218-444d-8c98-ccbb854b5bd2
2026-07-29 13:19:43.243 [main] INFO  [] c.f.m.p.service.UserProfileService - Profile updated: userId=e43586ef-c0c6-4fca-82fa-5b13124cd5ce
2026-07-29 13:19:43.251 [main] INFO  [] c.f.m.p.service.UserProfileService - Profile updated: userId=7ddef95c-36a6-474b-8c30-acc69cbb4fcd
2026-07-29 13:19:43.263 [main] INFO  [] c.f.m.p.service.UserProfileService - Profile updated: userId=d24237d8-57b8-4f2b-b805-286f3acc34b1
2026-07-29 13:19:43.270 [main] INFO  [] c.f.m.p.service.UserProfileService - Profile updated: userId=5e771ac7-bba5-4527-b060-ba5a0c42c3e9
2026-07-29 13:19:43.281 [main] INFO  [] c.f.m.p.service.UserProfileService - Default profile created: userId=e522b14b-40db-4762-96cf-96f376a5bb61
2026-07-29 13:19:43.846 [main] INFO  [] c.f.m.s.service.SettingService - Setting deleted: userId=9c1d0a06-c9f5-4ea6-8934-a4b385f4d7df, key=notification_email
2026-07-29 13:19:43.925 [main] INFO  [] c.f.m.s.service.SettingService - Bulk settings updated: userId=e776fdf8-35a0-4f3a-86fc-33064148b966, count=2
2026-07-29 13:19:43.937 [main] INFO  [] c.f.m.s.service.SettingService - Setting updated: userId=83911a2e-a5f2-4bea-ad7e-5b6ecd4224c5, key=notification_email, value=true
2026-07-29 13:19:43.944 [main] INFO  [] c.f.m.s.service.SettingService - Setting updated: userId=5a67c4cf-76c9-4070-8782-f4ee840849b1, key=notification_email, value=true
2026-07-29 13:19:43.949 [main] INFO  [] c.f.m.s.service.SettingService - Setting updated: userId=cbdf06cd-9324-4de9-ab91-7d08182cf593, key=language, value=es
2026-07-29 13:19:44.242 [main] INFO  [] c.f.m.t.service.TransactionService - Cancelling transaction: txnId=6d99a6f8-11a5-46c7-b380-6f1cae76ebea, userId=05d2dcc8-2139-464b-b586-f6064c17823e
2026-07-29 13:19:44.248 [main] INFO  [] c.f.m.t.service.TransactionService - Cancelling transaction: txnId=0ffa1d4f-b76e-4c1a-8c95-3e6ee52db1a5, userId=a003f887-5b2a-4422-b792-56edcbc8e67e
2026-07-29 13:19:44.249 [main] INFO  [] c.f.m.t.service.TransactionService - Transaction cancelled: txnId=0ffa1d4f-b76e-4c1a-8c95-3e6ee52db1a5
2026-07-29 13:19:44.271 [main] INFO  [] c.f.m.t.service.TransactionService - Creating transfer: userId=7a0c22c2-5d52-456a-a9d1-9d7b10aaa89c, amountCents=50000, source=45606eed-1fea-48c9-83cb-22a55b3754d7, target=820d391b-a317-4dcd-a2f6-0c4c726a342e
2026-07-29 13:19:44.278 [main] INFO  [] c.f.m.t.service.TransactionService - Creating transfer: userId=43068ca9-f700-4a6d-9ccc-6f12324d99e7, amountCents=3000, source=b52b3693-e1ba-4994-9ce7-a232c8dd6ac8, target=b52b3693-e1ba-4994-9ce7-a232c8dd6ac8
2026-07-29 13:19:44.285 [main] INFO  [] c.f.m.t.service.TransactionService - Creating transfer: userId=35d974b3-63d0-4c2d-ace9-e13799e7363c, amountCents=3000, source=92e44fa3-8379-4f18-a3c2-9497082148e0, target=c1c77bd8-634f-4933-a400-599dd837a7a3
2026-07-29 13:19:44.287 [main] INFO  [] c.f.m.t.service.TransactionService - Transfer completed: txnId=null, ref=TXN-1785311384286-C8F02222
2026-07-29 13:19:44.297 [main] INFO  [] c.f.m.t.service.TransactionService - Creating withdrawal: userId=eb560a2c-7083-4ad0-8014-44ea79bb2a0f, amountCents=2000, accountId=108a2320-b40a-459b-97f9-6135c2512720
2026-07-29 13:19:44.299 [main] INFO  [] c.f.m.t.service.TransactionService - Withdrawal completed: txnId=null, ref=TXN-1785311384298-49212537
2026-07-29 13:19:44.304 [main] INFO  [] c.f.m.t.service.TransactionService - Creating withdrawal: userId=25d0b592-0176-481d-88bd-88a6156bd41b, amountCents=20000, accountId=3b444b93-520e-4919-ba25-d31641453b97
2026-07-29 13:19:44.314 [main] INFO  [] c.f.m.t.service.TransactionService - Creating deposit: userId=e0d58330-4aae-46e6-bbb2-e63ed1a2686e, amountCents=0, accountId=90de71c6-847c-46da-ae3a-a8a1008e6f3c
2026-07-29 13:19:44.319 [main] INFO  [] c.f.m.t.service.TransactionService - Creating deposit: userId=82112f10-02af-4bb1-a0d9-85a8f03a45e4, amountCents=5000, accountId=737255f2-caa1-40d7-b3f5-26e59b55632e
2026-07-29 13:19:44.326 [main] INFO  [] c.f.m.t.service.TransactionService - Creating deposit: userId=c36c4ec5-98af-4637-9bcc-f0d9c2a3eccf, amountCents=5000, accountId=ba99daa8-fa9d-408b-9938-d082df16c3ff
2026-07-29 13:19:44.328 [main] INFO  [] c.f.m.t.service.TransactionService - Deposit completed: txnId=null, ref=TXN-1785311384328-5FF1E24B
2026-07-29 13:19:44.334 [main] INFO  [] c.f.m.t.service.TransactionService - Creating deposit: userId=49e16078-fd09-45b8-96b9-60c9537f55d1, amountCents=5000, accountId=b71bc5e0-28ec-471b-8a19-06bdb3f96d9f
2026-07-29 13:19:45.727 [main] INFO  [] c.f.s.config.JwtSigningKeyProvider - JWT signing keys loaded. Active key: 'primary', total keys: 1
2026-07-29 13:19:45.970 [main] DEBUG [] c.f.s.config.JwtSigningKeyProvider - Could not extract kid from token: Malformed protected header JSON: Unable to deserialize: Unrecognized token 'm': was expecting (JSON String, Number, Array, Object or token 'null', 'true' or 'false')
 at [Source: REDACTED (`StreamReadFeature.INCLUDE_SOURCE_IN_LOCATION` disabled); line: 1, column: 2]
2026-07-29 13:19:45.975 [main] DEBUG [] c.f.shared.config.JwtTokenProvider - Invalid JWT token: Malformed protected header JSON: Unable to deserialize: Unrecognized token 'm': was expecting (JSON String, Number, Array, Object or token 'null', 'true' or 'false')
 at [Source: REDACTED (`StreamReadFeature.INCLUDE_SOURCE_IN_LOCATION` disabled); line: 1, column: 2]
2026-07-29 13:19:45.979 [main] INFO  [] c.f.s.config.JwtSigningKeyProvider - JWT signing keys loaded. Active key: 'primary', total keys: 1
2026-07-29 13:19:45.983 [main] INFO  [] c.f.s.config.JwtSigningKeyProvider - JWT signing keys loaded. Active key: 'primary', total keys: 1
2026-07-29 13:19:45.985 [main] INFO  [] c.f.s.config.JwtSigningKeyProvider - JWT signing keys loaded. Active key: 'primary', total keys: 1
2026-07-29 13:19:46.081 [main] INFO  [] c.f.s.config.JwtSigningKeyProvider - JWT signing keys loaded. Active key: 'primary', total keys: 1
2026-07-29 13:19:46.083 [main] DEBUG [] c.f.s.config.JwtSigningKeyProvider - Could not extract kid from token: Invalid compact JWT string: Compact JWSs must contain exactly 2 period characters, and compact JWEs must contain exactly 4.  Found: 0
2026-07-29 13:19:46.083 [main] DEBUG [] c.f.shared.config.JwtTokenProvider - Invalid JWT token: Invalid compact JWT string: Compact JWSs must contain exactly 2 period characters, and compact JWEs must contain exactly 4.  Found: 0
2026-07-29 13:19:46.087 [main] INFO  [] c.f.s.config.JwtSigningKeyProvider - JWT signing keys loaded. Active key: 'primary', total keys: 1
2026-07-29 13:19:46.152 [main] INFO  [] c.f.s.config.JwtSigningKeyProvider - JWT signing keys loaded. Active key: 'primary', total keys: 1
2026-07-29 13:19:46.157 [main] INFO  [] c.f.s.config.JwtSigningKeyProvider - JWT signing keys loaded. Active key: 'primary', total keys: 1
2026-07-29 13:19:46.159 [main] DEBUG [] c.f.s.config.JwtSigningKeyProvider - Could not extract kid from token: Malformed protected header JSON: Unable to deserialize: Unexpected character ('�' (code 65533 / 0xfffd)): expected a valid value (JSON String, Number, Array, Object or token 'null', 'true' or 'false')
 at [Source: REDACTED (`StreamReadFeature.INCLUDE_SOURCE_IN_LOCATION` disabled); line: 1, column: 1]
2026-07-29 13:19:46.160 [main] DEBUG [] c.f.shared.config.JwtTokenProvider - Invalid JWT token: Malformed protected header JSON: Unable to deserialize: Unexpected character ('�' (code 65533 / 0xfffd)): expected a valid value (JSON String, Number, Array, Object or token 'null', 'true' or 'false')
 at [Source: REDACTED (`StreamReadFeature.INCLUDE_SOURCE_IN_LOCATION` disabled); line: 1, column: 1]
2026-07-29 13:19:46.162 [main] INFO  [] c.f.s.config.JwtSigningKeyProvider - JWT signing keys loaded. Active key: 'primary', total keys: 1
2026-07-29 13:19:46.170 [main] INFO  [] c.f.s.config.JwtSigningKeyProvider - JWT signing keys loaded. Active key: 'primary', total keys: 1
2026-07-29 13:19:46.187 [main] INFO  [] c.f.s.config.JwtSigningKeyProvider - JWT signing keys loaded. Active key: 'primary', total keys: 1
2026-07-29 13:19:46.192 [main] INFO  [] c.f.s.config.JwtSigningKeyProvider - JWT signing keys loaded. Active key: 'primary', total keys: 1
2026-07-29 13:19:46.192 [main] INFO  [] c.f.s.config.JwtSigningKeyProvider - JWT signing keys loaded. Active key: 'primary', total keys: 1
2026-07-29 13:19:46.197 [main] DEBUG [] c.f.shared.config.JwtTokenProvider - Invalid JWT token: Expected iss claim to be: wrong-issuer, but was: finflow.
2026-07-29 13:19:46.198 [main] INFO  [] c.f.s.config.JwtSigningKeyProvider - JWT signing keys loaded. Active key: 'primary', total keys: 1
2026-07-29 13:19:46.207 [main] INFO  [] c.f.s.config.JwtSigningKeyProvider - JWT signing keys loaded. Active key: 'primary', total keys: 1
2026-07-29 13:19:46.207 [main] INFO  [] c.f.s.config.JwtSigningKeyProvider - JWT signing keys loaded. Active key: 'other', total keys: 1
2026-07-29 13:19:46.211 [main] DEBUG [] c.f.s.config.JwtSigningKeyProvider - Could not extract kid from token: JWT signature does not match locally computed signature. JWT validity cannot be asserted and should not be trusted.
2026-07-29 13:19:46.213 [main] WARN  [] c.f.shared.config.JwtTokenProvider - JWT signature validation failed: JWT signature does not match locally computed signature. JWT validity cannot be asserted and should not be trusted.
2026-07-29 13:19:46.244 [SpringApplicationShutdownHook] INFO  [] o.s.o.j.LocalContainerEntityManagerFactoryBean - Closing JPA EntityManagerFactory for persistence unit 'default'
2026-07-29 13:19:46.712 [SpringApplicationShutdownHook] DEBUG [] org.hibernate.SQL - 
    drop table if exists finflow_accounts.account_holders cascade 
2026-07-29 13:19:46.718 [SpringApplicationShutdownHook] DEBUG [] org.hibernate.SQL - 
    drop table if exists finflow_accounts.account_status_history cascade 
2026-07-29 13:19:46.720 [SpringApplicationShutdownHook] DEBUG [] org.hibernate.SQL - 
    drop table if exists finflow_accounts.accounts cascade 
2026-07-29 13:19:46.722 [SpringApplicationShutdownHook] DEBUG [] org.hibernate.SQL - 
    drop table if exists finflow_accounts.beneficiaries cascade 
2026-07-29 13:19:46.723 [SpringApplicationShutdownHook] DEBUG [] org.hibernate.SQL - 
    drop table if exists finflow_accounts.card_transactions cascade 
2026-07-29 13:19:46.724 [SpringApplicationShutdownHook] DEBUG [] org.hibernate.SQL - 
    drop table if exists finflow_accounts.cards cascade 
2026-07-29 13:19:46.725 [SpringApplicationShutdownHook] DEBUG [] org.hibernate.SQL - 
    drop table if exists finflow_accounts.holds cascade 
2026-07-29 13:19:46.726 [SpringApplicationShutdownHook] DEBUG [] org.hibernate.SQL - 
    drop table if exists finflow_admin.admin_audit_log cascade 
2026-07-29 13:19:46.727 [SpringApplicationShutdownHook] DEBUG [] org.hibernate.SQL - 
    drop table if exists finflow_auth.login_history cascade 
2026-07-29 13:19:46.728 [SpringApplicationShutdownHook] DEBUG [] org.hibernate.SQL - 
    drop table if exists finflow_auth.refresh_tokens cascade 
2026-07-29 13:19:46.729 [SpringApplicationShutdownHook] DEBUG [] org.hibernate.SQL - 
    drop table if exists finflow_auth.roles cascade 
2026-07-29 13:19:46.730 [SpringApplicationShutdownHook] DEBUG [] org.hibernate.SQL - 
    drop table if exists finflow_auth.user_credentials cascade 
2026-07-29 13:19:46.730 [SpringApplicationShutdownHook] DEBUG [] org.hibernate.SQL - 
    drop table if exists finflow_auth.user_roles cascade 
2026-07-29 13:19:46.732 [SpringApplicationShutdownHook] DEBUG [] org.hibernate.SQL - 
    drop table if exists finflow_auth.users cascade 
2026-07-29 13:19:46.732 [SpringApplicationShutdownHook] DEBUG [] org.hibernate.SQL - 
    drop table if exists finflow_notifications.notifications cascade 
2026-07-29 13:19:46.733 [SpringApplicationShutdownHook] DEBUG [] org.hibernate.SQL - 
    drop table if exists finflow_profiles.user_profiles cascade 
2026-07-29 13:19:46.734 [SpringApplicationShutdownHook] DEBUG [] org.hibernate.SQL - 
    drop table if exists finflow_savings.savings_goals cascade 
2026-07-29 13:19:46.735 [SpringApplicationShutdownHook] DEBUG [] org.hibernate.SQL - 
    drop table if exists finflow_settings.user_settings cascade 
2026-07-29 13:19:46.736 [SpringApplicationShutdownHook] DEBUG [] org.hibernate.SQL - 
    drop table if exists finflow_transactions.transaction_entries cascade 
2026-07-29 13:19:46.737 [SpringApplicationShutdownHook] DEBUG [] org.hibernate.SQL - 
    drop table if exists finflow_transactions.transactions cascade 
2026-07-29 13:19:46.738 [SpringApplicationShutdownHook] DEBUG [] org.hibernate.SQL - 
    drop table if exists finflow_transfers.scheduled_transfers cascade 
2026-07-29 13:19:46.739 [SpringApplicationShutdownHook] DEBUG [] org.hibernate.SQL - 
    drop table if exists finflow_transfers.transfer_templates cascade 
2026-07-29 13:19:46.744 [SpringApplicationShutdownHook] INFO  [] o.s.o.j.LocalContainerEntityManagerFactoryBean - Closing JPA EntityManagerFactory for persistence unit 'default'
2026-07-29 13:19:46.745 [SpringApplicationShutdownHook] DEBUG [] org.hibernate.SQL - 
    drop table if exists finflow_accounts.account_holders cascade 
2026-07-29 13:19:46.747 [SpringApplicationShutdownHook] DEBUG [] org.hibernate.SQL - 
    drop table if exists finflow_accounts.account_status_history cascade 
2026-07-29 13:19:46.748 [SpringApplicationShutdownHook] DEBUG [] org.hibernate.SQL - 
    drop table if exists finflow_accounts.accounts cascade 
2026-07-29 13:19:46.749 [SpringApplicationShutdownHook] DEBUG [] org.hibernate.SQL - 
    drop table if exists finflow_accounts.beneficiaries cascade 
2026-07-29 13:19:46.750 [SpringApplicationShutdownHook] DEBUG [] org.hibernate.SQL - 
    drop table if exists finflow_accounts.card_transactions cascade 
2026-07-29 13:19:46.751 [SpringApplicationShutdownHook] DEBUG [] org.hibernate.SQL - 
    drop table if exists finflow_accounts.cards cascade 
2026-07-29 13:19:46.751 [SpringApplicationShutdownHook] DEBUG [] org.hibernate.SQL - 
    drop table if exists finflow_accounts.holds cascade 
2026-07-29 13:19:46.752 [SpringApplicationShutdownHook] DEBUG [] org.hibernate.SQL - 
    drop table if exists finflow_admin.admin_audit_log cascade 
2026-07-29 13:19:46.752 [SpringApplicationShutdownHook] DEBUG [] org.hibernate.SQL - 
    drop table if exists finflow_auth.login_history cascade 
2026-07-29 13:19:46.753 [SpringApplicationShutdownHook] DEBUG [] org.hibernate.SQL - 
    drop table if exists finflow_auth.refresh_tokens cascade 
2026-07-29 13:19:46.754 [SpringApplicationShutdownHook] DEBUG [] org.hibernate.SQL - 
    drop table if exists finflow_auth.roles cascade 
2026-07-29 13:19:46.754 [SpringApplicationShutdownHook] DEBUG [] org.hibernate.SQL - 
    drop table if exists finflow_auth.user_credentials cascade 
2026-07-29 13:19:46.755 [SpringApplicationShutdownHook] DEBUG [] org.hibernate.SQL - 
    drop table if exists finflow_auth.user_roles cascade 
2026-07-29 13:19:46.756 [SpringApplicationShutdownHook] DEBUG [] org.hibernate.SQL - 
    drop table if exists finflow_auth.users cascade 
2026-07-29 13:19:46.757 [SpringApplicationShutdownHook] DEBUG [] org.hibernate.SQL - 
    drop table if exists finflow_notifications.notifications cascade 
2026-07-29 13:19:46.757 [SpringApplicationShutdownHook] DEBUG [] org.hibernate.SQL - 
    drop table if exists finflow_profiles.user_profiles cascade 
2026-07-29 13:19:46.758 [SpringApplicationShutdownHook] DEBUG [] org.hibernate.SQL - 
    drop table if exists finflow_savings.savings_goals cascade 
2026-07-29 13:19:46.758 [SpringApplicationShutdownHook] DEBUG [] org.hibernate.SQL - 
    drop table if exists finflow_settings.user_settings cascade 
2026-07-29 13:19:46.759 [SpringApplicationShutdownHook] DEBUG [] org.hibernate.SQL - 
    drop table if exists finflow_transactions.transaction_entries cascade 
2026-07-29 13:19:46.759 [SpringApplicationShutdownHook] DEBUG [] org.hibernate.SQL - 
    drop table if exists finflow_transactions.transactions cascade 
2026-07-29 13:19:46.760 [SpringApplicationShutdownHook] DEBUG [] org.hibernate.SQL - 
    drop table if exists finflow_transfers.scheduled_transfers cascade 
2026-07-29 13:19:46.761 [SpringApplicationShutdownHook] DEBUG [] org.hibernate.SQL - 
    drop table if exists finflow_transfers.transfer_templates cascade 
2026-07-29 13:21:30.465 [SpringApplicationShutdownHook] INFO  [] org.quartz.core.QuartzScheduler - Scheduler quartzScheduler_$_NON_CLUSTERED paused.
2026-07-29 13:21:30.466 [SpringApplicationShutdownHook] INFO  [] o.s.b.w.e.tomcat.GracefulShutdown - Commencing graceful shutdown. Waiting for active requests to complete
2026-07-29 13:21:30.473 [tomcat-shutdown] INFO  [] o.s.b.w.e.tomcat.GracefulShutdown - Graceful shutdown complete
2026-07-29 13:21:30.477 [SpringApplicationShutdownHook] INFO  [] o.s.s.quartz.SchedulerFactoryBean - Shutting down Quartz Scheduler
2026-07-29 13:21:30.477 [SpringApplicationShutdownHook] INFO  [] org.quartz.core.QuartzScheduler - Scheduler quartzScheduler_$_NON_CLUSTERED shutting down.
2026-07-29 13:21:30.477 [SpringApplicationShutdownHook] INFO  [] org.quartz.core.QuartzScheduler - Scheduler quartzScheduler_$_NON_CLUSTERED paused.
2026-07-29 13:21:30.478 [SpringApplicationShutdownHook] INFO  [] org.quartz.core.QuartzScheduler - Scheduler quartzScheduler_$_NON_CLUSTERED shutdown complete.
2026-07-29 13:21:30.508 [SpringApplicationShutdownHook] INFO  [] o.s.o.j.LocalContainerEntityManagerFactoryBean - Closing JPA EntityManagerFactory for persistence unit 'default'
2026-07-29 13:21:30.510 [SpringApplicationShutdownHook] INFO  [] com.zaxxer.hikari.HikariDataSource - finflow-dev-pool - Shutdown initiated...
2026-07-29 13:21:30.514 [SpringApplicationShutdownHook] INFO  [] com.zaxxer.hikari.HikariDataSource - finflow-dev-pool - Shutdown completed.
