2026-07-30 13:26:45.212 [main] INFO  [] com.finflow.FinFlowApplication - Starting FinFlowApplication using Java 21.0.8 with PID 29116 (C:\Users\Lenovo\OneDrive\Desktop\FinFlow\backend\target\classes started by Lenovo in C:\Users\Lenovo\OneDrive\Desktop\FinFlow)
2026-07-30 13:26:45.228 [main] DEBUG [] com.finflow.FinFlowApplication - Running with Spring Boot v3.4.1, Spring v6.2.1
2026-07-30 13:26:45.229 [main] INFO  [] com.finflow.FinFlowApplication - The following 1 profile is active: "dev"
2026-07-30 13:26:47.514 [main] INFO  [] o.s.d.r.c.RepositoryConfigurationDelegate - Multiple Spring Data modules found, entering strict repository configuration mode
2026-07-30 13:26:47.516 [main] INFO  [] o.s.d.r.c.RepositoryConfigurationDelegate - Bootstrapping Spring Data JPA repositories in DEFAULT mode.
2026-07-30 13:26:48.112 [main] INFO  [] o.s.d.r.c.RepositoryConfigurationDelegate - Finished Spring Data repository scanning in 586 ms. Found 22 JPA repository interfaces.
2026-07-30 13:26:48.131 [main] INFO  [] o.s.d.r.c.RepositoryConfigurationDelegate - Multiple Spring Data modules found, entering strict repository configuration mode
2026-07-30 13:26:48.133 [main] INFO  [] o.s.d.r.c.RepositoryConfigurationDelegate - Bootstrapping Spring Data Redis repositories in DEFAULT mode.
2026-07-30 13:26:48.186 [main] INFO  [] o.s.d.r.c.RepositoryConfigurationExtensionSupport - Spring Data Redis - Could not safely identify store assignment for repository candidate interface com.finflow.modules.accounts.repository.AccountHolderRepository; If you want this repository to be a Redis repository, consider annotating your entities with one of these annotations: org.springframework.data.redis.core.RedisHash (preferred), or consider extending one of the following types with your repository: org.springframework.data.keyvalue.repository.KeyValueRepository
2026-07-30 13:26:48.187 [main] INFO  [] o.s.d.r.c.RepositoryConfigurationExtensionSupport - Spring Data Redis - Could not safely identify store assignment for repository candidate interface com.finflow.modules.accounts.repository.AccountRepository; If you want this repository to be a Redis repository, consider annotating your entities with one of these annotations: org.springframework.data.redis.core.RedisHash (preferred), or consider extending one of the following types with your repository: org.springframework.data.keyvalue.repository.KeyValueRepository
2026-07-30 13:26:48.187 [main] INFO  [] o.s.d.r.c.RepositoryConfigurationExtensionSupport - Spring Data Redis - Could not safely identify store assignment for repository candidate interface com.finflow.modules.accounts.repository.AccountStatusHistoryRepository; If you want this repository to be a Redis repository, consider annotating your entities with one of these annotations: org.springframework.data.redis.core.RedisHash (preferred), or consider extending one of the following types with your repository: org.springframework.data.keyvalue.repository.KeyValueRepository
2026-07-30 13:26:48.187 [main] INFO  [] o.s.d.r.c.RepositoryConfigurationExtensionSupport - Spring Data Redis - Could not safely identify store assignment for repository candidate interface com.finflow.modules.accounts.repository.HoldRepository; If you want this repository to be a Redis repository, consider annotating your entities with one of these annotations: org.springframework.data.redis.core.RedisHash (preferred), or consider extending one of the following types with your repository: org.springframework.data.keyvalue.repository.KeyValueRepository
2026-07-30 13:26:48.188 [main] INFO  [] o.s.d.r.c.RepositoryConfigurationExtensionSupport - Spring Data Redis - Could not safely identify store assignment for repository candidate interface com.finflow.modules.admin.repository.AdminAuditLogRepository; If you want this repository to be a Redis repository, consider annotating your entities with one of these annotations: org.springframework.data.redis.core.RedisHash (preferred), or consider extending one of the following types with your repository: org.springframework.data.keyvalue.repository.KeyValueRepository
2026-07-30 13:26:48.188 [main] INFO  [] o.s.d.r.c.RepositoryConfigurationExtensionSupport - Spring Data Redis - Could not safely identify store assignment for repository candidate interface com.finflow.modules.auth.repository.LoginHistoryRepository; If you want this repository to be a Redis repository, consider annotating your entities with one of these annotations: org.springframework.data.redis.core.RedisHash (preferred), or consider extending one of the following types with your repository: org.springframework.data.keyvalue.repository.KeyValueRepository
2026-07-30 13:26:48.188 [main] INFO  [] o.s.d.r.c.RepositoryConfigurationExtensionSupport - Spring Data Redis - Could not safely identify store assignment for repository candidate interface com.finflow.modules.auth.repository.RefreshTokenRepository; If you want this repository to be a Redis repository, consider annotating your entities with one of these annotations: org.springframework.data.redis.core.RedisHash (preferred), or consider extending one of the following types with your repository: org.springframework.data.keyvalue.repository.KeyValueRepository
2026-07-30 13:26:48.188 [main] INFO  [] o.s.d.r.c.RepositoryConfigurationExtensionSupport - Spring Data Redis - Could not safely identify store assignment for repository candidate interface com.finflow.modules.auth.repository.RoleRepository; If you want this repository to be a Redis repository, consider annotating your entities with one of these annotations: org.springframework.data.redis.core.RedisHash (preferred), or consider extending one of the following types with your repository: org.springframework.data.keyvalue.repository.KeyValueRepository
2026-07-30 13:26:48.189 [main] INFO  [] o.s.d.r.c.RepositoryConfigurationExtensionSupport - Spring Data Redis - Could not safely identify store assignment for repository candidate interface com.finflow.modules.auth.repository.UserCredentialRepository; If you want this repository to be a Redis repository, consider annotating your entities with one of these annotations: org.springframework.data.redis.core.RedisHash (preferred), or consider extending one of the following types with your repository: org.springframework.data.keyvalue.repository.KeyValueRepository
2026-07-30 13:26:48.189 [main] INFO  [] o.s.d.r.c.RepositoryConfigurationExtensionSupport - Spring Data Redis - Could not safely identify store assignment for repository candidate interface com.finflow.modules.auth.repository.UserRepository; If you want this repository to be a Redis repository, consider annotating your entities with one of these annotations: org.springframework.data.redis.core.RedisHash (preferred), or consider extending one of the following types with your repository: org.springframework.data.keyvalue.repository.KeyValueRepository
2026-07-30 13:26:48.189 [main] INFO  [] o.s.d.r.c.RepositoryConfigurationExtensionSupport - Spring Data Redis - Could not safely identify store assignment for repository candidate interface com.finflow.modules.auth.repository.UserRoleRepository; If you want this repository to be a Redis repository, consider annotating your entities with one of these annotations: org.springframework.data.redis.core.RedisHash (preferred), or consider extending one of the following types with your repository: org.springframework.data.keyvalue.repository.KeyValueRepository
2026-07-30 13:26:48.189 [main] INFO  [] o.s.d.r.c.RepositoryConfigurationExtensionSupport - Spring Data Redis - Could not safely identify store assignment for repository candidate interface com.finflow.modules.beneficiaries.repository.BeneficiaryRepository; If you want this repository to be a Redis repository, consider annotating your entities with one of these annotations: org.springframework.data.redis.core.RedisHash (preferred), or consider extending one of the following types with your repository: org.springframework.data.keyvalue.repository.KeyValueRepository
2026-07-30 13:26:48.190 [main] INFO  [] o.s.d.r.c.RepositoryConfigurationExtensionSupport - Spring Data Redis - Could not safely identify store assignment for repository candidate interface com.finflow.modules.cards.repository.CardRepository; If you want this repository to be a Redis repository, consider annotating your entities with one of these annotations: org.springframework.data.redis.core.RedisHash (preferred), or consider extending one of the following types with your repository: org.springframework.data.keyvalue.repository.KeyValueRepository
2026-07-30 13:26:48.190 [main] INFO  [] o.s.d.r.c.RepositoryConfigurationExtensionSupport - Spring Data Redis - Could not safely identify store assignment for repository candidate interface com.finflow.modules.cards.repository.CardTransactionRepository; If you want this repository to be a Redis repository, consider annotating your entities with one of these annotations: org.springframework.data.redis.core.RedisHash (preferred), or consider extending one of the following types with your repository: org.springframework.data.keyvalue.repository.KeyValueRepository
2026-07-30 13:26:48.190 [main] INFO  [] o.s.d.r.c.RepositoryConfigurationExtensionSupport - Spring Data Redis - Could not safely identify store assignment for repository candidate interface com.finflow.modules.notifications.repository.NotificationRepository; If you want this repository to be a Redis repository, consider annotating your entities with one of these annotations: org.springframework.data.redis.core.RedisHash (preferred), or consider extending one of the following types with your repository: org.springframework.data.keyvalue.repository.KeyValueRepository
2026-07-30 13:26:48.190 [main] INFO  [] o.s.d.r.c.RepositoryConfigurationExtensionSupport - Spring Data Redis - Could not safely identify store assignment for repository candidate interface com.finflow.modules.profiles.repository.UserProfileRepository; If you want this repository to be a Redis repository, consider annotating your entities with one of these annotations: org.springframework.data.redis.core.RedisHash (preferred), or consider extending one of the following types with your repository: org.springframework.data.keyvalue.repository.KeyValueRepository
2026-07-30 13:26:48.191 [main] INFO  [] o.s.d.r.c.RepositoryConfigurationExtensionSupport - Spring Data Redis - Could not safely identify store assignment for repository candidate interface com.finflow.modules.savings.repository.SavingsGoalRepository; If you want this repository to be a Redis repository, consider annotating your entities with one of these annotations: org.springframework.data.redis.core.RedisHash (preferred), or consider extending one of the following types with your repository: org.springframework.data.keyvalue.repository.KeyValueRepository
2026-07-30 13:26:48.191 [main] INFO  [] o.s.d.r.c.RepositoryConfigurationExtensionSupport - Spring Data Redis - Could not safely identify store assignment for repository candidate interface com.finflow.modules.settings.repository.UserSettingRepository; If you want this repository to be a Redis repository, consider annotating your entities with one of these annotations: org.springframework.data.redis.core.RedisHash (preferred), or consider extending one of the following types with your repository: org.springframework.data.keyvalue.repository.KeyValueRepository
2026-07-30 13:26:48.191 [main] INFO  [] o.s.d.r.c.RepositoryConfigurationExtensionSupport - Spring Data Redis - Could not safely identify store assignment for repository candidate interface com.finflow.modules.transactions.repository.TransactionEntryRepository; If you want this repository to be a Redis repository, consider annotating your entities with one of these annotations: org.springframework.data.redis.core.RedisHash (preferred), or consider extending one of the following types with your repository: org.springframework.data.keyvalue.repository.KeyValueRepository
2026-07-30 13:26:48.191 [main] INFO  [] o.s.d.r.c.RepositoryConfigurationExtensionSupport - Spring Data Redis - Could not safely identify store assignment for repository candidate interface com.finflow.modules.transactions.repository.TransactionRepository; If you want this repository to be a Redis repository, consider annotating your entities with one of these annotations: org.springframework.data.redis.core.RedisHash (preferred), or consider extending one of the following types with your repository: org.springframework.data.keyvalue.repository.KeyValueRepository
2026-07-30 13:26:48.192 [main] INFO  [] o.s.d.r.c.RepositoryConfigurationExtensionSupport - Spring Data Redis - Could not safely identify store assignment for repository candidate interface com.finflow.modules.transfers.repository.ScheduledTransferRepository; If you want this repository to be a Redis repository, consider annotating your entities with one of these annotations: org.springframework.data.redis.core.RedisHash (preferred), or consider extending one of the following types with your repository: org.springframework.data.keyvalue.repository.KeyValueRepository
2026-07-30 13:26:48.192 [main] INFO  [] o.s.d.r.c.RepositoryConfigurationExtensionSupport - Spring Data Redis - Could not safely identify store assignment for repository candidate interface com.finflow.modules.transfers.repository.TransferTemplateRepository; If you want this repository to be a Redis repository, consider annotating your entities with one of these annotations: org.springframework.data.redis.core.RedisHash (preferred), or consider extending one of the following types with your repository: org.springframework.data.keyvalue.repository.KeyValueRepository
2026-07-30 13:26:48.193 [main] INFO  [] o.s.d.r.c.RepositoryConfigurationDelegate - Finished Spring Data repository scanning in 46 ms. Found 0 Redis repository interfaces.
2026-07-30 13:26:49.531 [main] INFO  [] o.s.b.w.e.tomcat.TomcatWebServer - Tomcat initialized with port 8080 (http)
2026-07-30 13:26:49.547 [main] INFO  [] o.a.catalina.core.StandardService - Starting service [Tomcat]
2026-07-30 13:26:49.547 [main] INFO  [] o.a.catalina.core.StandardEngine - Starting Servlet engine: [Apache Tomcat/10.1.34]
2026-07-30 13:26:49.638 [main] INFO  [] o.a.c.c.C.[Tomcat].[localhost].[/] - Initializing Spring embedded WebApplicationContext
2026-07-30 13:26:49.638 [main] INFO  [] o.s.b.w.s.c.ServletWebServerApplicationContext - Root WebApplicationContext: initialization completed in 4277 ms
2026-07-30 13:26:49.933 [main] WARN  [] c.f.s.config.JwtSigningKeyProvider - JWT signing key 'primary' is below minimum 512 bits (57 bytes). This may cause security issues.
2026-07-30 13:26:49.939 [main] INFO  [] c.f.s.config.JwtSigningKeyProvider - JWT signing keys loaded. Active key: 'primary', total keys: 1
2026-07-30 13:26:50.034 [main] DEBUG [] c.f.s.config.JwtAuthenticationFilter - Filter 'jwtAuthenticationFilter' configured for use
2026-07-30 13:26:50.036 [main] DEBUG [] o.s.w.f.ServerHttpObservationFilter - Filter 'webMvcObservationFilter' configured for use
2026-07-30 13:26:50.036 [main] DEBUG [] o.s.web.filter.CorsFilter - Filter 'corsFilter' configured for use
2026-07-30 13:26:50.323 [main] INFO  [] com.zaxxer.hikari.HikariDataSource - finflow-dev-pool - Starting...
2026-07-30 13:26:50.635 [main] INFO  [] com.zaxxer.hikari.pool.HikariPool - finflow-dev-pool - Added connection com.mysql.cj.jdbc.ConnectionImpl@38834000
2026-07-30 13:26:50.637 [main] INFO  [] com.zaxxer.hikari.HikariDataSource - finflow-dev-pool - Start completed.
2026-07-30 13:26:50.738 [main] INFO  [] org.flywaydb.core.FlywayExecutor - Database: jdbc:mysql://localhost:3306/finflow_auth?createDatabaseIfNotExist=true&useSSL=false&allowPublicKeyRetrieval=true&serverTimezone=UTC (MySQL 9.7)
2026-07-30 13:26:50.777 [main] WARN  [] o.f.c.i.database.base.Database - Flyway upgrade recommended: MySQL 9.7 is newer than this version of Flyway and support has not been tested. The latest supported version of MySQL is 8.1.
2026-07-30 13:26:50.871 [main] INFO  [] o.f.core.internal.command.DbValidate - Successfully validated 14 migrations (execution time 00:00.078s)
2026-07-30 13:26:50.897 [main] INFO  [] o.f.core.internal.command.DbMigrate - Current version of schema `finflow_auth`: 14.0
2026-07-30 13:26:50.903 [main] INFO  [] o.f.core.internal.command.DbMigrate - Schema `finflow_auth` is up to date. No migration necessary.
2026-07-30 13:26:51.080 [main] INFO  [] o.h.jpa.internal.util.LogHelper - HHH000204: Processing PersistenceUnitInfo [name: default]
2026-07-30 13:26:51.182 [main] INFO  [] org.hibernate.Version - HHH000412: Hibernate ORM core version 6.6.4.Final
2026-07-30 13:26:51.233 [main] INFO  [] o.h.c.i.RegionFactoryInitiator - HHH000026: Second-level cache disabled
2026-07-30 13:26:51.636 [main] INFO  [] o.s.o.j.p.SpringPersistenceUnitInfo - No LoadTimeWeaver setup: ignoring JPA class transformer
2026-07-30 13:26:51.717 [main] WARN  [] org.hibernate.orm.deprecation - HHH90000025: MySQLDialect does not need to be specified explicitly using 'hibernate.dialect' (remove the property setting and it will be selected by default)
2026-07-30 13:26:51.732 [main] INFO  [] o.hibernate.orm.connections.pooling - HHH10001005: Database info:
	Database JDBC URL [Connecting through datasource 'HikariDataSource (finflow-dev-pool)']
	Database driver: undefined/unknown
	Database version: 9.7.1
	Autocommit mode: undefined/unknown
	Isolation level: undefined/unknown
	Minimum pool size: undefined/unknown
	Maximum pool size: undefined/unknown
2026-07-30 13:26:53.437 [main] INFO  [] o.h.e.t.j.p.i.JtaPlatformInitiator - HHH000489: No JTA platform available (set 'hibernate.transaction.jta.platform' to enable JTA platform integration)
2026-07-30 13:26:53.442 [main] INFO  [] o.s.o.j.LocalContainerEntityManagerFactoryBean - Initialized JPA EntityManagerFactory for persistence unit 'default'
2026-07-30 13:26:53.994 [main] INFO  [] o.s.d.j.r.query.QueryEnhancerFactory - Hibernate is in classpath; If applicable, HQL parser will be used.
2026-07-30 13:26:56.509 [main] INFO  [] org.redisson.Version - Redisson 3.37.0
2026-07-30 13:26:56.988 [redisson-netty-1-5] INFO  [] o.r.connection.ConnectionsHolder - 1 connections initialized for localhost/127.0.0.1:6379
2026-07-30 13:26:57.080 [redisson-netty-1-20] INFO  [] o.r.connection.ConnectionsHolder - 24 connections initialized for localhost/127.0.0.1:6379
2026-07-30 13:26:58.894 [main] WARN  [] o.s.b.a.o.j.JpaBaseConfiguration$JpaWebConfiguration - spring.jpa.open-in-view is enabled by default. Therefore, database queries may be performed during view rendering. Explicitly configure spring.jpa.open-in-view to disable this warning
2026-07-30 13:26:58.960 [main] WARN  [] o.s.b.a.s.s.UserDetailsServiceAutoConfiguration - 

Using generated security password: 35a116bc-c8c4-4d00-b957-1c10af3d2504

This generated password is for development use only. Your security configuration must be updated before running your application in production.

2026-07-30 13:26:59.233 [main] DEBUG [] o.s.w.s.m.m.a.RequestMappingHandlerMapping - 75 mappings in 'requestMappingHandlerMapping'
2026-07-30 13:26:59.336 [main] DEBUG [] o.s.w.s.h.SimpleUrlHandlerMapping - Patterns [/webjars/**, /**, /swagger-ui*/*swagger-initializer.js, /swagger-ui*/**] in 'resourceHandlerMapping'
2026-07-30 13:27:00.335 [main] INFO  [] org.quartz.impl.StdSchedulerFactory - Using default implementation for ThreadExecutor
2026-07-30 13:27:00.358 [main] INFO  [] o.quartz.core.SchedulerSignalerImpl - Initialized Scheduler Signaller of type: class org.quartz.core.SchedulerSignalerImpl
2026-07-30 13:27:00.359 [main] INFO  [] org.quartz.core.QuartzScheduler - Quartz Scheduler v.2.3.2 created.
2026-07-30 13:27:00.360 [main] INFO  [] org.quartz.simpl.RAMJobStore - RAMJobStore initialized.
2026-07-30 13:27:00.360 [main] INFO  [] org.quartz.core.QuartzScheduler - Scheduler meta-data: Quartz Scheduler (v2.3.2) 'quartzScheduler' with instanceId 'NON_CLUSTERED'
  Scheduler class: 'org.quartz.core.QuartzScheduler' - running locally.
  NOT STARTED.
  Currently in standby mode.
  Number of jobs executed: 0
  Using thread pool 'org.quartz.simpl.SimpleThreadPool' - with 10 threads.
  Using job-store 'org.quartz.simpl.RAMJobStore' - which does not support persistence. and is not clustered.

2026-07-30 13:27:00.360 [main] INFO  [] org.quartz.impl.StdSchedulerFactory - Quartz scheduler 'quartzScheduler' initialized from an externally provided properties instance.
2026-07-30 13:27:00.360 [main] INFO  [] org.quartz.impl.StdSchedulerFactory - Quartz scheduler version: 2.3.2
2026-07-30 13:27:00.361 [main] INFO  [] org.quartz.core.QuartzScheduler - JobFactory set to: org.springframework.scheduling.quartz.SpringBeanJobFactory@2393a5d1
2026-07-30 13:27:00.516 [main] INFO  [] o.s.b.a.e.web.EndpointLinksResolver - Exposing 5 endpoints beneath base path '/actuator'
2026-07-30 13:27:00.905 [main] DEBUG [] o.s.w.s.m.m.a.RequestMappingHandlerAdapter - ControllerAdvice beans: 0 @ModelAttribute, 0 @InitBinder, 1 RequestBodyAdvice, 1 ResponseBodyAdvice
2026-07-30 13:27:01.009 [main] DEBUG [] o.s.w.s.m.m.a.ExceptionHandlerExceptionResolver - ControllerAdvice beans: 2 @ExceptionHandler, 1 ResponseBodyAdvice
2026-07-30 13:27:02.539 [main] INFO  [] o.s.b.w.e.tomcat.TomcatWebServer - Tomcat started on port 8080 (http) with context path '/'
2026-07-30 13:27:02.541 [main] INFO  [] o.s.s.quartz.SchedulerFactoryBean - Starting Quartz Scheduler now
2026-07-30 13:27:02.543 [main] INFO  [] org.quartz.core.QuartzScheduler - Scheduler quartzScheduler_$_NON_CLUSTERED started.
2026-07-30 13:27:02.565 [main] INFO  [] com.finflow.FinFlowApplication - Started FinFlowApplication in 18.28 seconds (process running for 20.09)
2026-07-30 13:27:02.738 [RMI TCP Connection(1)-10.211.59.237] INFO  [] o.a.c.c.C.[Tomcat].[localhost].[/] - Initializing Spring DispatcherServlet 'dispatcherServlet'
2026-07-30 13:27:02.739 [RMI TCP Connection(1)-10.211.59.237] INFO  [] o.s.web.servlet.DispatcherServlet - Initializing Servlet 'dispatcherServlet'
2026-07-30 13:27:02.739 [RMI TCP Connection(1)-10.211.59.237] DEBUG [] o.s.web.servlet.DispatcherServlet - Detected StandardServletMultipartResolver
2026-07-30 13:27:02.739 [RMI TCP Connection(1)-10.211.59.237] DEBUG [] o.s.web.servlet.DispatcherServlet - Detected AcceptHeaderLocaleResolver
2026-07-30 13:27:02.739 [RMI TCP Connection(1)-10.211.59.237] DEBUG [] o.s.web.servlet.DispatcherServlet - Detected FixedThemeResolver
2026-07-30 13:27:02.745 [RMI TCP Connection(1)-10.211.59.237] DEBUG [] o.s.web.servlet.DispatcherServlet - Detected org.springframework.web.servlet.view.DefaultRequestToViewNameTranslator@2d015de5
2026-07-30 13:27:02.746 [RMI TCP Connection(1)-10.211.59.237] DEBUG [] o.s.web.servlet.DispatcherServlet - Detected org.springframework.web.servlet.support.SessionFlashMapManager@50693c4e
2026-07-30 13:27:02.747 [RMI TCP Connection(1)-10.211.59.237] DEBUG [] o.s.web.servlet.DispatcherServlet - enableLoggingRequestDetails='false': request parameters and headers will be masked to prevent unsafe logging of potentially sensitive data
2026-07-30 13:27:02.747 [RMI TCP Connection(1)-10.211.59.237] INFO  [] o.s.web.servlet.DispatcherServlet - Completed initialization in 8 ms
2026-07-30 13:27:44.479 [http-nio-8080-exec-2] DEBUG [] o.s.web.servlet.DispatcherServlet - POST "/api/v1/auth/refresh", parameters={}
2026-07-30 13:27:44.481 [http-nio-8080-exec-1] DEBUG [] o.s.web.servlet.DispatcherServlet - POST "/api/v1/auth/refresh", parameters={}
2026-07-30 13:27:44.483 [http-nio-8080-exec-2] DEBUG [] o.s.w.s.m.m.a.RequestMappingHandlerMapping - Mapped to com.finflow.modules.auth.controller.AuthController#refresh(RefreshTokenRequest, HttpServletRequest)
2026-07-30 13:27:44.483 [http-nio-8080-exec-1] DEBUG [] o.s.w.s.m.m.a.RequestMappingHandlerMapping - Mapped to com.finflow.modules.auth.controller.AuthController#refresh(RefreshTokenRequest, HttpServletRequest)
2026-07-30 13:27:44.552 [http-nio-8080-exec-1] DEBUG [] o.s.w.s.m.m.a.RequestResponseBodyMethodProcessor - Read "application/json;charset=UTF-8" to [RefreshTokenRequest[refreshToken=O7H0i-KikthJnIMExbJjsV--EBIWFCsYexUCH_SwGZGsAXEAsw6LxtREK6s25jGh]]
2026-07-30 13:27:44.552 [http-nio-8080-exec-2] DEBUG [] o.s.w.s.m.m.a.RequestResponseBodyMethodProcessor - Read "application/json;charset=UTF-8" to [RefreshTokenRequest[refreshToken=O7H0i-KikthJnIMExbJjsV--EBIWFCsYexUCH_SwGZGsAXEAsw6LxtREK6s25jGh]]
2026-07-30 13:27:44.638 [http-nio-8080-exec-2] INFO  [] c.f.m.auth.controller.AuthController - Token refresh request from ip=0:0:0:0:0:0:0:1
2026-07-30 13:27:44.638 [http-nio-8080-exec-1] INFO  [] c.f.m.auth.controller.AuthController - Token refresh request from ip=0:0:0:0:0:0:0:1
2026-07-30 13:27:44.645 [http-nio-8080-exec-1] DEBUG [] o.s.w.s.m.m.a.ExceptionHandlerExceptionResolver - Using @ExceptionHandler com.finflow.shared.exception.GlobalExceptionHandler#handleFinFlowException(FinFlowException, WebRequest)
2026-07-30 13:27:44.645 [http-nio-8080-exec-2] DEBUG [] o.s.w.s.m.m.a.ExceptionHandlerExceptionResolver - Using @ExceptionHandler com.finflow.shared.exception.GlobalExceptionHandler#handleFinFlowException(FinFlowException, WebRequest)
2026-07-30 13:27:44.645 [http-nio-8080-exec-1] ERROR [] c.f.s.e.GlobalExceptionHandler - [391a60b1-4e7d-4de4-a4a0-a137b0e3881e] ValidationException - Request validation failed (code: VALIDATION_ERROR, status: 400)
2026-07-30 13:27:44.645 [http-nio-8080-exec-2] ERROR [] c.f.s.e.GlobalExceptionHandler - [3a1ce614-b674-498b-9d08-304644dc0395] ValidationException - Request validation failed (code: VALIDATION_ERROR, status: 400)
2026-07-30 13:27:44.663 [http-nio-8080-exec-1] DEBUG [] o.s.w.s.m.m.a.HttpEntityMethodProcessor - Using 'application/json', given [application/json, text/plain, */*] and supported [application/json, application/*+json, application/yaml]
2026-07-30 13:27:44.663 [http-nio-8080-exec-2] DEBUG [] o.s.w.s.m.m.a.HttpEntityMethodProcessor - Using 'application/json', given [application/json, text/plain, */*] and supported [application/json, application/*+json, application/yaml]
2026-07-30 13:27:44.677 [http-nio-8080-exec-1] DEBUG [] o.s.w.s.m.m.a.HttpEntityMethodProcessor - Writing [ErrorResponse[success=false, code=VALIDATION_ERROR, message=Request validation failed, target=null,  (truncated)...]
2026-07-30 13:27:44.677 [http-nio-8080-exec-2] DEBUG [] o.s.w.s.m.m.a.HttpEntityMethodProcessor - Writing [ErrorResponse[success=false, code=VALIDATION_ERROR, message=Request validation failed, target=null,  (truncated)...]
2026-07-30 13:27:44.696 [http-nio-8080-exec-2] DEBUG [] o.s.w.s.m.m.a.ExceptionHandlerExceptionResolver - Resolved [com.finflow.shared.exception.ValidationException: Request validation failed]
2026-07-30 13:27:44.696 [http-nio-8080-exec-1] DEBUG [] o.s.w.s.m.m.a.ExceptionHandlerExceptionResolver - Resolved [com.finflow.shared.exception.ValidationException: Request validation failed]
2026-07-30 13:27:44.698 [http-nio-8080-exec-2] DEBUG [] o.s.web.servlet.DispatcherServlet - Completed 400 BAD_REQUEST
2026-07-30 13:27:44.698 [http-nio-8080-exec-1] DEBUG [] o.s.web.servlet.DispatcherServlet - Completed 400 BAD_REQUEST
2026-07-30 13:28:10.769 [http-nio-8080-exec-3] DEBUG [] o.s.web.servlet.DispatcherServlet - POST "/api/v1/auth/login", parameters={}
2026-07-30 13:28:10.769 [http-nio-8080-exec-3] DEBUG [] o.s.w.s.m.m.a.RequestMappingHandlerMapping - Mapped to com.finflow.modules.auth.controller.AuthController#login(LoginRequest, HttpServletRequest)
2026-07-30 13:28:10.778 [http-nio-8080-exec-3] DEBUG [] o.s.w.s.m.m.a.RequestResponseBodyMethodProcessor - Read "application/json;charset=UTF-8" to [LoginRequest[identifier=admin1, password=Admin@9999]]
2026-07-30 13:28:10.789 [http-nio-8080-exec-3] INFO  [] c.f.m.auth.controller.AuthController - Login request for identifier=admin1
2026-07-30 13:28:10.802 [http-nio-8080-exec-3] DEBUG [] c.f.m.a.s.AuthenticationService - Authentication attempt for identifier=admin1
2026-07-30 13:28:10.939 [http-nio-8080-exec-3] DEBUG [] org.hibernate.SQL - 
    /* <criteria> */ select
        u1_0.id,
        u1_0.created_at,
        u1_0.created_by,
        u1_0.deleted_at,
        u1_0.deleted_by,
        u1_0.email,
        u1_0.email_verified,
        u1_0.failed_login_count,
        u1_0.is_deleted,
        u1_0.last_login_at,
        u1_0.locked_until,
        u1_0.modified_by,
        u1_0.phone_number,
        u1_0.phone_verified,
        u1_0.status,
        u1_0.terms_accepted_at,
        u1_0.updated_at,
        u1_0.username,
        u1_0.version 
    from
        finflow_auth.users u1_0 
    where
        upper(u1_0.username)=upper(?) 
        and not(u1_0.is_deleted)
2026-07-30 13:28:11.110 [http-nio-8080-exec-3] DEBUG [] org.hibernate.SQL - 
    /* <criteria> */ select
        uc1_0.id,
        uc1_0.created_at,
        uc1_0.created_by,
        uc1_0.credential_type,
        uc1_0.deleted_at,
        uc1_0.deleted_by,
        uc1_0.expires_at,
        uc1_0.hashed_value,
        uc1_0.is_active,
        uc1_0.is_deleted,
        uc1_0.last_used_at,
        uc1_0.modified_by,
        uc1_0.updated_at,
        uc1_0.user_id,
        uc1_0.version 
    from
        finflow_auth.user_credentials uc1_0 
    where
        uc1_0.user_id=? 
        and uc1_0.credential_type=? 
        and uc1_0.is_active 
        and not(uc1_0.is_deleted)
2026-07-30 13:28:11.491 [http-nio-8080-exec-3] DEBUG [] org.hibernate.SQL - 
    /* insert for
        com.finflow.modules.auth.domain.LoginHistory */insert 
    into
        finflow_auth.login_history (created_at, failure_reason, identifier, ip_address, success, user_id, user_agent) 
    values
        (?, ?, ?, ?, ?, ?, ?)
2026-07-30 13:28:11.543 [http-nio-8080-exec-3] INFO  [] c.f.m.a.s.AuthenticationService - Authentication successful: user=a9e5c4ea-a970-4ae9-807a-5a9b68b218c3, email=admin@gmail.com
2026-07-30 13:28:11.550 [http-nio-8080-exec-3] DEBUG [] org.hibernate.SQL - 
    select
        r1_0.user_id,
        r1_0.id,
        r1_0.created_at,
        r1_0.granted_at,
        r1_0.granted_by,
        r1_0.role_id,
        r2_0.id,
        r2_0.created_at,
        r2_0.description,
        r2_0.is_active,
        r2_0.is_system_role,
        r2_0.name,
        r2_0.updated_at,
        r2_0.version,
        r1_0.updated_at,
        r1_0.version 
    from
        finflow_auth.user_roles r1_0 
    left join
        finflow_auth.roles r2_0 
            on r2_0.id=r1_0.role_id 
    where
        r1_0.user_id=?
2026-07-30 13:28:11.810 [http-nio-8080-exec-3] DEBUG [] c.f.m.auth.service.RedisSessionCache - Session stored in Redis: sessionId=9ea5d9ea-62f5-4041-a4cc-8241e2c1453e, userId=a9e5c4ea-a970-4ae9-807a-5a9b68b218c3, ttl=2592000s
2026-07-30 13:28:11.810 [http-nio-8080-exec-3] INFO  [] c.f.m.auth.service.SessionService - Session created: userId=a9e5c4ea-a970-4ae9-807a-5a9b68b218c3, sessionId=9ea5d9ea-62f5-4041-a4cc-8241e2c1453e, expiresAt=2026-08-29T13:28:11.724609
2026-07-30 13:28:11.865 [http-nio-8080-exec-3] DEBUG [] org.hibernate.SQL - 
    /* insert for
        com.finflow.modules.auth.domain.RefreshToken */insert 
    into
        finflow_auth.refresh_tokens (created_at, created_ip, created_user_agent, expires_at, family_id, is_revoked, last_used_at, last_used_ip, refresh_token_hash, revoked_at, session_id, updated_at, user_id, version, id) 
    values
        (?, ?, ?, ?, ?, ?, ?, ?, ?, ?, ?, ?, ?, ?, ?)
2026-07-30 13:28:11.891 [http-nio-8080-exec-3] DEBUG [] org.hibernate.SQL - 
    /* update
        for com.finflow.modules.auth.domain.User */update finflow_auth.users 
    set
        deleted_at=?,
        deleted_by=?,
        email=?,
        email_verified=?,
        failed_login_count=?,
        is_deleted=?,
        last_login_at=?,
        locked_until=?,
        modified_by=?,
        phone_number=?,
        phone_verified=?,
        status=?,
        terms_accepted_at=?,
        updated_at=?,
        username=?,
        version=? 
    where
        id=? 
        and version=?
2026-07-30 13:28:11.904 [http-nio-8080-exec-3] DEBUG [] org.hibernate.SQL - 
    /* update
        for com.finflow.modules.auth.domain.UserCredential */update finflow_auth.user_credentials 
    set
        credential_type=?,
        deleted_at=?,
        deleted_by=?,
        expires_at=?,
        hashed_value=?,
        is_active=?,
        is_deleted=?,
        last_used_at=?,
        modified_by=?,
        updated_at=?,
        user_id=?,
        version=? 
    where
        id=? 
        and version=?
2026-07-30 13:28:11.909 [http-nio-8080-exec-3] DEBUG [] org.hibernate.SQL - 
    /* SELECT
        COUNT(rt) 
    FROM
        RefreshToken rt 
    WHERE
        rt.user.id = :userId 
        AND rt.isRevoked = false 
        AND rt.expiresAt > CURRENT_TIMESTAMP */ select
            count(rt1_0.id) 
        from
            finflow_auth.refresh_tokens rt1_0 
        where
            rt1_0.user_id=? 
            and rt1_0.is_revoked=0 
            and rt1_0.expires_at>current_timestamp(6)
2026-07-30 13:28:11.912 [http-nio-8080-exec-3] INFO  [] c.f.m.a.service.RefreshTokenService - Refresh token created for user=a9e5c4ea-a970-4ae9-807a-5a9b68b218c3, sessionId=9ea5d9ea-62f5-4041-a4cc-8241e2c1453e, familyId=99dedeb2-6bd3-4df9-b8d1-6e05b297bd41
2026-07-30 13:28:11.935 [http-nio-8080-exec-3] DEBUG [] o.s.w.s.m.m.a.HttpEntityMethodProcessor - Using 'application/json', given [application/json, text/plain, */*] and supported [application/json, application/*+json, application/yaml]
2026-07-30 13:28:11.949 [http-nio-8080-exec-3] DEBUG [] o.s.w.s.m.m.a.HttpEntityMethodProcessor - Writing [ApiResponse[success=true, data=RefreshTokenResponse[accessToken=eyJraWQiOiJwcmltYXJ5IiwiYWxnIjoiSFMz (truncated)...]
2026-07-30 13:28:11.954 [http-nio-8080-exec-3] DEBUG [] o.s.web.servlet.DispatcherServlet - Completed 200 OK
2026-07-30 13:28:23.077 [http-nio-8080-exec-4] DEBUG [] o.s.web.servlet.DispatcherServlet - GET "/api/v1/accounts?page=0&size=50", parameters={masked}
2026-07-30 13:28:23.078 [http-nio-8080-exec-4] DEBUG [] o.s.w.s.m.m.a.RequestMappingHandlerMapping - Mapped to com.finflow.modules.accounts.controller.AccountController#getMyAccounts(AccountType, AccountStatus, int, int)
2026-07-30 13:28:23.100 [http-nio-8080-exec-4] DEBUG [] org.hibernate.SQL - 
    /* SELECT
        a 
    FROM
        Account a 
    WHERE
        a.ownerId = :ownerId 
        AND a.isDeleted = false 
    order by
        a.createdAt desc */ select
            a1_0.id,
            a1_0.account_number,
            a1_0.account_status,
            a1_0.account_type,
            a1_0.available_balance_cents,
            a1_0.created_at,
            a1_0.created_by,
            a1_0.currency,
            a1_0.deleted_at,
            a1_0.deleted_by,
            a1_0.is_deleted,
            a1_0.ledger_balance_cents,
            a1_0.modified_by,
            a1_0.nickname,
            a1_0.owner_id,
            a1_0.updated_at,
            a1_0.version 
        from
            finflow_accounts.accounts a1_0 
        where
            a1_0.owner_id=? 
            and a1_0.is_deleted=0 
        order by
            a1_0.created_at desc 
        limit
            ?
2026-07-30 13:28:23.119 [http-nio-8080-exec-4] DEBUG [] o.s.w.s.m.m.a.HttpEntityMethodProcessor - Using 'application/json', given [application/json, text/plain, */*] and supported [application/json, application/*+json, application/yaml]
2026-07-30 13:28:23.132 [http-nio-8080-exec-4] DEBUG [] o.s.w.s.m.m.a.HttpEntityMethodProcessor - Writing [ApiResponse[success=true, data=PageResponse[content=[], page=0, size=50, totalElements=0, totalPages (truncated)...]
2026-07-30 13:28:23.136 [http-nio-8080-exec-4] DEBUG [] o.s.web.servlet.DispatcherServlet - Completed 200 OK
2026-07-30 13:29:02.663 [http-nio-8080-exec-5] DEBUG [] o.s.web.servlet.DispatcherServlet - POST "/api/v1/accounts", parameters={}
2026-07-30 13:29:02.664 [http-nio-8080-exec-5] DEBUG [] o.s.w.s.m.m.a.RequestMappingHandlerMapping - Mapped to com.finflow.modules.accounts.controller.AccountController#createAccount(CreateAccountRequest, String)
2026-07-30 13:29:02.675 [http-nio-8080-exec-5] DEBUG [] o.s.w.s.m.m.a.RequestResponseBodyMethodProcessor - Read "application/json;charset=UTF-8" to [CreateAccountRequest[accountType=SAVINGS, nickname=jonny, currency=100]]
2026-07-30 13:29:02.681 [http-nio-8080-exec-5] INFO  [] c.f.m.a.controller.AccountController - Create account request: type=SAVINGS
2026-07-30 13:29:02.689 [http-nio-8080-exec-5] DEBUG [] org.hibernate.SQL - 
    /* <criteria> */ select
        a1_0.id 
    from
        finflow_accounts.accounts a1_0 
    where
        a1_0.account_number=? 
    limit
        ?
2026-07-30 13:29:02.703 [http-nio-8080-exec-5] INFO  [] c.f.m.a.service.AccountService - Account created: id=null, owner=a9e5c4ea-a970-4ae9-807a-5a9b68b218c3, type=SAVINGS
2026-07-30 13:29:02.710 [http-nio-8080-exec-5] WARN  [] o.h.a.i.UnresolvedEntityInsertActions - HHH000437: Attempting to save one or more entities that have a non-nullable association with an unsaved transient entity. The unsaved transient entity must be saved in an operation prior to saving these dependent entities.
	Unsaved transient entity: ([com.finflow.modules.accounts.domain.Account#<null>])
	Dependent entities: ([[com.finflow.modules.accounts.domain.AccountHolder#e3dcc353-7465-4f8a-a692-6dc9d8fa2c4d]])
	Non-nullable association(s): ([com.finflow.modules.accounts.domain.AccountHolder.account])
2026-07-30 13:29:02.723 [http-nio-8080-exec-5] DEBUG [] o.s.w.s.m.m.a.ExceptionHandlerExceptionResolver - Using @ExceptionHandler com.finflow.shared.exception.GlobalExceptionHandler#handleGenericException(Exception, WebRequest)
2026-07-30 13:29:02.723 [http-nio-8080-exec-5] ERROR [] c.f.s.e.GlobalExceptionHandler - [1cde9b5e-ed44-4c5e-854f-e1e85f398163] Unexpected error: org.hibernate.TransientPropertyValueException: Not-null property references a transient value - transient instance must be saved before current operation: com.finflow.modules.accounts.domain.AccountHolder.account -> com.finflow.modules.accounts.domain.Account
org.springframework.dao.InvalidDataAccessApiUsageException: org.hibernate.TransientPropertyValueException: Not-null property references a transient value - transient instance must be saved before current operation: com.finflow.modules.accounts.domain.AccountHolder.account -> com.finflow.modules.accounts.domain.Account
	at org.springframework.orm.jpa.EntityManagerFactoryUtils.convertJpaAccessExceptionIfPossible(EntityManagerFactoryUtils.java:368)
	at org.springframework.orm.jpa.vendor.HibernateJpaDialect.translateExceptionIfPossible(HibernateJpaDialect.java:246)
	at org.springframework.orm.jpa.AbstractEntityManagerFactoryBean.translateExceptionIfPossible(AbstractEntityManagerFactoryBean.java:560)
	at org.springframework.dao.support.ChainedPersistenceExceptionTranslator.translateExceptionIfPossible(ChainedPersistenceExceptionTranslator.java:61)
	at org.springframework.dao.support.DataAccessUtils.translateIfNecessary(DataAccessUtils.java:343)
	at org.springframework.dao.support.PersistenceExceptionTranslationInterceptor.invoke(PersistenceExceptionTranslationInterceptor.java:160)
	at org.springframework.aop.framework.ReflectiveMethodInvocation.proceed(ReflectiveMethodInvocation.java:184)
	at org.springframework.data.jpa.repository.support.CrudMethodMetadataPostProcessor$CrudMethodMetadataPopulatingMethodInterceptor.invoke(CrudMethodMetadataPostProcessor.java:165)
	at org.springframework.aop.framework.ReflectiveMethodInvocation.proceed(ReflectiveMethodInvocation.java:184)
	at org.springframework.aop.framework.JdkDynamicAopProxy.invoke(JdkDynamicAopProxy.java:223)
	at jdk.proxy2/jdk.proxy2.$Proxy198.save(Unknown Source)
	at com.finflow.modules.accounts.service.AccountService.createAccount(AccountService.java:67)
	at java.base/jdk.internal.reflect.DirectMethodHandleAccessor.invoke(DirectMethodHandleAccessor.java:103)
	at java.base/java.lang.reflect.Method.invoke(Method.java:580)
	at org.springframework.aop.support.AopUtils.invokeJoinpointUsingReflection(AopUtils.java:359)
	at org.springframework.aop.framework.ReflectiveMethodInvocation.invokeJoinpoint(ReflectiveMethodInvocation.java:196)
	at org.springframework.aop.framework.ReflectiveMethodInvocation.proceed(ReflectiveMethodInvocation.java:163)
	at org.springframework.transaction.interceptor.TransactionAspectSupport.invokeWithinTransaction(TransactionAspectSupport.java:380)
	at org.springframework.transaction.interceptor.TransactionInterceptor.invoke(TransactionInterceptor.java:119)
	at org.springframework.aop.framework.ReflectiveMethodInvocation.proceed(ReflectiveMethodInvocation.java:184)
	at org.springframework.aop.framework.CglibAopProxy$DynamicAdvisedInterceptor.intercept(CglibAopProxy.java:727)
	at com.finflow.modules.accounts.service.AccountService$$SpringCGLIB$$0.createAccount(<generated>)
	at com.finflow.modules.accounts.controller.AccountController.createAccount(AccountController.java:53)
	at java.base/jdk.internal.reflect.DirectMethodHandleAccessor.invoke(DirectMethodHandleAccessor.java:103)
	at java.base/java.lang.reflect.Method.invoke(Method.java:580)
	at org.springframework.web.method.support.InvocableHandlerMethod.doInvoke(InvocableHandlerMethod.java:257)
	at org.springframework.web.method.support.InvocableHandlerMethod.invokeForRequest(InvocableHandlerMethod.java:190)
	at org.springframework.web.servlet.mvc.method.annotation.ServletInvocableHandlerMethod.invokeAndHandle(ServletInvocableHandlerMethod.java:118)
	at org.springframework.web.servlet.mvc.method.annotation.RequestMappingHandlerAdapter.invokeHandlerMethod(RequestMappingHandlerAdapter.java:986)
	at org.springframework.web.servlet.mvc.method.annotation.RequestMappingHandlerAdapter.handleInternal(RequestMappingHandlerAdapter.java:891)
	at org.springframework.web.servlet.mvc.method.AbstractHandlerMethodAdapter.handle(AbstractHandlerMethodAdapter.java:87)
	at org.springframework.web.servlet.DispatcherServlet.doDispatch(DispatcherServlet.java:1088)
	at org.springframework.web.servlet.DispatcherServlet.doService(DispatcherServlet.java:978)
	at org.springframework.web.servlet.FrameworkServlet.processRequest(FrameworkServlet.java:1014)
	at org.springframework.web.servlet.FrameworkServlet.doPost(FrameworkServlet.java:914)
	at jakarta.servlet.http.HttpServlet.service(HttpServlet.java:590)
	at org.springframework.web.servlet.FrameworkServlet.service(FrameworkServlet.java:885)
	at jakarta.servlet.http.HttpServlet.service(HttpServlet.java:658)
	at org.apache.catalina.core.ApplicationFilterChain.internalDoFilter(ApplicationFilterChain.java:195)
	at org.apache.catalina.core.ApplicationFilterChain.doFilter(ApplicationFilterChain.java:140)
	at org.apache.tomcat.websocket.server.WsFilter.doFilter(WsFilter.java:51)
	at org.apache.catalina.core.ApplicationFilterChain.internalDoFilter(ApplicationFilterChain.java:164)
	at org.apache.catalina.core.ApplicationFilterChain.doFilter(ApplicationFilterChain.java:140)
	at org.springframework.web.filter.CorsFilter.doFilterInternal(CorsFilter.java:91)
	at org.springframework.web.filter.OncePerRequestFilter.doFilter(OncePerRequestFilter.java:116)
	at org.apache.catalina.core.ApplicationFilterChain.internalDoFilter(ApplicationFilterChain.java:164)
	at org.apache.catalina.core.ApplicationFilterChain.doFilter(ApplicationFilterChain.java:140)
	at org.springframework.web.filter.OncePerRequestFilter.doFilter(OncePerRequestFilter.java:110)
	at org.apache.catalina.core.ApplicationFilterChain.internalDoFilter(ApplicationFilterChain.java:164)
	at org.apache.catalina.core.ApplicationFilterChain.doFilter(ApplicationFilterChain.java:140)
	at org.springframework.web.filter.CompositeFilter$VirtualFilterChain.doFilter(CompositeFilter.java:108)
	at org.springframework.security.web.FilterChainProxy.lambda$doFilterInternal$3(FilterChainProxy.java:231)
	at org.springframework.security.web.ObservationFilterChainDecorator$FilterObservation$SimpleFilterObservation.lambda$wrap$1(ObservationFilterChainDecorator.java:479)
	at org.springframework.security.web.ObservationFilterChainDecorator$AroundFilterObservation$SimpleAroundFilterObservation.lambda$wrap$1(ObservationFilterChainDecorator.java:340)
	at org.springframework.security.web.ObservationFilterChainDecorator.lambda$wrapSecured$0(ObservationFilterChainDecorator.java:82)
	at org.springframework.security.web.ObservationFilterChainDecorator$VirtualFilterChain.doFilter(ObservationFilterChainDecorator.java:128)
	at org.springframework.security.web.access.intercept.AuthorizationFilter.doFilter(AuthorizationFilter.java:101)
	at org.springframework.security.web.ObservationFilterChainDecorator$ObservationFilter.wrapFilter(ObservationFilterChainDecorator.java:240)
	at org.springframework.security.web.ObservationFilterChainDecorator$ObservationFilter.doFilter(ObservationFilterChainDecorator.java:227)
	at org.springframework.security.web.ObservationFilterChainDecorator$VirtualFilterChain.doFilter(ObservationFilterChainDecorator.java:137)
	at org.springframework.security.web.access.ExceptionTranslationFilter.doFilter(ExceptionTranslationFilter.java:126)
	at org.springframework.security.web.access.ExceptionTranslationFilter.doFilter(ExceptionTranslationFilter.java:120)
	at org.springframework.security.web.ObservationFilterChainDecorator$ObservationFilter.wrapFilter(ObservationFilterChainDecorator.java:240)
	at org.springframework.security.web.ObservationFilterChainDecorator$ObservationFilter.doFilter(ObservationFilterChainDecorator.java:227)
	at org.springframework.security.web.ObservationFilterChainDecorator$VirtualFilterChain.doFilter(ObservationFilterChainDecorator.java:137)
	at org.springframework.security.web.session.SessionManagementFilter.doFilter(SessionManagementFilter.java:131)
	at org.springframework.security.web.session.SessionManagementFilter.doFilter(SessionManagementFilter.java:85)
	at org.springframework.security.web.ObservationFilterChainDecorator$ObservationFilter.wrapFilter(ObservationFilterChainDecorator.java:240)
	at org.springframework.security.web.ObservationFilterChainDecorator$ObservationFilter.doFilter(ObservationFilterChainDecorator.java:227)
	at org.springframework.security.web.ObservationFilterChainDecorator$VirtualFilterChain.doFilter(ObservationFilterChainDecorator.java:137)
	at org.springframework.security.web.authentication.AnonymousAuthenticationFilter.doFilter(AnonymousAuthenticationFilter.java:100)
	at org.springframework.security.web.ObservationFilterChainDecorator$ObservationFilter.wrapFilter(ObservationFilterChainDecorator.java:240)
	at org.springframework.security.web.ObservationFilterChainDecorator$ObservationFilter.doFilter(ObservationFilterChainDecorator.java:227)
	at org.springframework.security.web.ObservationFilterChainDecorator$VirtualFilterChain.doFilter(ObservationFilterChainDecorator.java:137)
	at org.springframework.security.web.servletapi.SecurityContextHolderAwareRequestFilter.doFilter(SecurityContextHolderAwareRequestFilter.java:179)
	at org.springframework.security.web.ObservationFilterChainDecorator$ObservationFilter.wrapFilter(ObservationFilterChainDecorator.java:240)
	at org.springframework.security.web.ObservationFilterChainDecorator$ObservationFilter.doFilter(ObservationFilterChainDecorator.java:227)
	at org.springframework.security.web.ObservationFilterChainDecorator$VirtualFilterChain.doFilter(ObservationFilterChainDecorator.java:137)
	at org.springframework.security.web.savedrequest.RequestCacheAwareFilter.doFilter(RequestCacheAwareFilter.java:63)
	at org.springframework.security.web.ObservationFilterChainDecorator$ObservationFilter.wrapFilter(ObservationFilterChainDecorator.java:240)
	at org.springframework.security.web.ObservationFilterChainDecorator$ObservationFilter.doFilter(ObservationFilterChainDecorator.java:227)
	at org.springframework.security.web.ObservationFilterChainDecorator$VirtualFilterChain.doFilter(ObservationFilterChainDecorator.java:137)
	at com.finflow.shared.config.JwtAuthenticationFilter.doFilterInternal(JwtAuthenticationFilter.java:74)
	at org.springframework.web.filter.OncePerRequestFilter.doFilter(OncePerRequestFilter.java:116)
	at org.springframework.security.web.ObservationFilterChainDecorator$ObservationFilter.wrapFilter(ObservationFilterChainDecorator.java:240)
	at org.springframework.security.web.ObservationFilterChainDecorator$ObservationFilter.doFilter(ObservationFilterChainDecorator.java:227)
	at org.springframework.security.web.ObservationFilterChainDecorator$VirtualFilterChain.doFilter(ObservationFilterChainDecorator.java:137)
	at org.springframework.security.web.authentication.logout.LogoutFilter.doFilter(LogoutFilter.java:107)
	at org.springframework.security.web.authentication.logout.LogoutFilter.doFilter(LogoutFilter.java:93)
	at org.springframework.security.web.ObservationFilterChainDecorator$ObservationFilter.wrapFilter(ObservationFilterChainDecorator.java:240)
	at org.springframework.security.web.ObservationFilterChainDecorator$ObservationFilter.doFilter(ObservationFilterChainDecorator.java:227)
	at org.springframework.security.web.ObservationFilterChainDecorator$VirtualFilterChain.doFilter(ObservationFilterChainDecorator.java:137)
	at org.springframework.web.filter.CorsFilter.doFilterInternal(CorsFilter.java:91)
	at org.springframework.web.filter.OncePerRequestFilter.doFilter(OncePerRequestFilter.java:116)
	at org.springframework.security.web.ObservationFilterChainDecorator$ObservationFilter.wrapFilter(ObservationFilterChainDecorator.java:240)
	at org.springframework.security.web.ObservationFilterChainDecorator$ObservationFilter.doFilter(ObservationFilterChainDecorator.java:227)
	at org.springframework.security.web.ObservationFilterChainDecorator$VirtualFilterChain.doFilter(ObservationFilterChainDecorator.java:137)
	at org.springframework.security.web.header.HeaderWriterFilter.doHeadersAfter(HeaderWriterFilter.java:90)
	at org.springframework.security.web.header.HeaderWriterFilter.doFilterInternal(HeaderWriterFilter.java:75)
	at org.springframework.web.filter.OncePerRequestFilter.doFilter(OncePerRequestFilter.java:116)
	at org.springframework.security.web.ObservationFilterChainDecorator$ObservationFilter.wrapFilter(ObservationFilterChainDecorator.java:240)
	at org.springframework.security.web.ObservationFilterChainDecorator$ObservationFilter.doFilter(ObservationFilterChainDecorator.java:227)
	at org.springframework.security.web.ObservationFilterChainDecorator$VirtualFilterChain.doFilter(ObservationFilterChainDecorator.java:137)
	at org.springframework.security.web.context.SecurityContextHolderFilter.doFilter(SecurityContextHolderFilter.java:82)
	at org.springframework.security.web.context.SecurityContextHolderFilter.doFilter(SecurityContextHolderFilter.java:69)
	at org.springframework.security.web.ObservationFilterChainDecorator$ObservationFilter.wrapFilter(ObservationFilterChainDecorator.java:240)
	at org.springframework.security.web.ObservationFilterChainDecorator$ObservationFilter.doFilter(ObservationFilterChainDecorator.java:227)
	at org.springframework.security.web.ObservationFilterChainDecorator$VirtualFilterChain.doFilter(ObservationFilterChainDecorator.java:137)
	at org.springframework.security.web.context.request.async.WebAsyncManagerIntegrationFilter.doFilterInternal(WebAsyncManagerIntegrationFilter.java:62)
	at org.springframework.web.filter.OncePerRequestFilter.doFilter(OncePerRequestFilter.java:116)
	at org.springframework.security.web.ObservationFilterChainDecorator$ObservationFilter.wrapFilter(ObservationFilterChainDecorator.java:240)
	at org.springframework.security.web.ObservationFilterChainDecorator$ObservationFilter.doFilter(ObservationFilterChainDecorator.java:227)
	at org.springframework.security.web.ObservationFilterChainDecorator$VirtualFilterChain.doFilter(ObservationFilterChainDecorator.java:137)
	at org.springframework.security.web.session.DisableEncodeUrlFilter.doFilterInternal(DisableEncodeUrlFilter.java:42)
	at org.springframework.web.filter.OncePerRequestFilter.doFilter(OncePerRequestFilter.java:116)
	at org.springframework.security.web.ObservationFilterChainDecorator$ObservationFilter.wrapFilter(ObservationFilterChainDecorator.java:240)
	at org.springframework.security.web.ObservationFilterChainDecorator$AroundFilterObservation$SimpleAroundFilterObservation.lambda$wrap$0(ObservationFilterChainDecorator.java:323)
	at org.springframework.security.web.ObservationFilterChainDecorator$ObservationFilter.doFilter(ObservationFilterChainDecorator.java:224)
	at org.springframework.security.web.ObservationFilterChainDecorator$VirtualFilterChain.doFilter(ObservationFilterChainDecorator.java:137)
	at org.springframework.security.web.FilterChainProxy.doFilterInternal(FilterChainProxy.java:233)
	at org.springframework.security.web.FilterChainProxy.doFilter(FilterChainProxy.java:191)
	at org.springframework.web.filter.CompositeFilter$VirtualFilterChain.doFilter(CompositeFilter.java:113)
	at org.springframework.web.servlet.handler.HandlerMappingIntrospector.lambda$createCacheFilter$3(HandlerMappingIntrospector.java:243)
	at org.springframework.web.filter.CompositeFilter$VirtualFilterChain.doFilter(CompositeFilter.java:113)
	at org.springframework.web.filter.CompositeFilter.doFilter(CompositeFilter.java:74)
	at org.springframework.security.config.annotation.web.configuration.WebMvcSecurityConfiguration$CompositeFilterChainProxy.doFilter(WebMvcSecurityConfiguration.java:238)
	at org.springframework.web.filter.DelegatingFilterProxy.invokeDelegate(DelegatingFilterProxy.java:362)
	at org.springframework.web.filter.DelegatingFilterProxy.doFilter(DelegatingFilterProxy.java:278)
	at org.apache.catalina.core.ApplicationFilterChain.internalDoFilter(ApplicationFilterChain.java:164)
	at org.apache.catalina.core.ApplicationFilterChain.doFilter(ApplicationFilterChain.java:140)
	at org.springframework.web.filter.RequestContextFilter.doFilterInternal(RequestContextFilter.java:100)
	at org.springframework.web.filter.OncePerRequestFilter.doFilter(OncePerRequestFilter.java:116)
	at org.apache.catalina.core.ApplicationFilterChain.internalDoFilter(ApplicationFilterChain.java:164)
	at org.apache.catalina.core.ApplicationFilterChain.doFilter(ApplicationFilterChain.java:140)
	at org.springframework.web.filter.FormContentFilter.doFilterInternal(FormContentFilter.java:93)
	at org.springframework.web.filter.OncePerRequestFilter.doFilter(OncePerRequestFilter.java:116)
	at org.apache.catalina.core.ApplicationFilterChain.internalDoFilter(ApplicationFilterChain.java:164)
	at org.apache.catalina.core.ApplicationFilterChain.doFilter(ApplicationFilterChain.java:140)
	at org.springframework.web.filter.ServerHttpObservationFilter.doFilterInternal(ServerHttpObservationFilter.java:114)
	at org.springframework.web.filter.OncePerRequestFilter.doFilter(OncePerRequestFilter.java:116)
	at org.apache.catalina.core.ApplicationFilterChain.internalDoFilter(ApplicationFilterChain.java:164)
	at org.apache.catalina.core.ApplicationFilterChain.doFilter(ApplicationFilterChain.java:140)
	at org.springframework.web.filter.CharacterEncodingFilter.doFilterInternal(CharacterEncodingFilter.java:201)
	at org.springframework.web.filter.OncePerRequestFilter.doFilter(OncePerRequestFilter.java:116)
	at org.apache.catalina.core.ApplicationFilterChain.internalDoFilter(ApplicationFilterChain.java:164)
	at org.apache.catalina.core.ApplicationFilterChain.doFilter(ApplicationFilterChain.java:140)
	at org.apache.catalina.core.StandardWrapperValve.invoke(StandardWrapperValve.java:167)
	at org.apache.catalina.core.StandardContextValve.invoke(StandardContextValve.java:90)
	at org.apache.catalina.authenticator.AuthenticatorBase.invoke(AuthenticatorBase.java:483)
	at org.apache.catalina.core.StandardHostValve.invoke(StandardHostValve.java:115)
	at org.apache.catalina.valves.ErrorReportValve.invoke(ErrorReportValve.java:93)
	at org.apache.catalina.core.StandardEngineValve.invoke(StandardEngineValve.java:74)
	at org.apache.catalina.connector.CoyoteAdapter.service(CoyoteAdapter.java:344)
	at org.apache.coyote.http11.Http11Processor.service(Http11Processor.java:397)
	at org.apache.coyote.AbstractProcessorLight.process(AbstractProcessorLight.java:63)
	at org.apache.coyote.AbstractProtocol$ConnectionHandler.process(AbstractProtocol.java:905)
	at org.apache.tomcat.util.net.NioEndpoint$SocketProcessor.doRun(NioEndpoint.java:1741)
	at org.apache.tomcat.util.net.SocketProcessorBase.run(SocketProcessorBase.java:52)
	at org.apache.tomcat.util.threads.ThreadPoolExecutor.runWorker(ThreadPoolExecutor.java:1190)
	at org.apache.tomcat.util.threads.ThreadPoolExecutor$Worker.run(ThreadPoolExecutor.java:659)
	at org.apache.tomcat.util.threads.TaskThread$WrappingRunnable.run(TaskThread.java:63)
	at java.base/java.lang.Thread.run(Thread.java:1583)
Caused by: java.lang.IllegalStateException: org.hibernate.TransientPropertyValueException: Not-null property references a transient value - transient instance must be saved before current operation: com.finflow.modules.accounts.domain.AccountHolder.account -> com.finflow.modules.accounts.domain.Account
	at org.hibernate.internal.ExceptionConverterImpl.convert(ExceptionConverterImpl.java:157)
	at org.hibernate.internal.ExceptionConverterImpl.convert(ExceptionConverterImpl.java:167)
	at org.hibernate.internal.ExceptionConverterImpl.convert(ExceptionConverterImpl.java:173)
	at org.hibernate.internal.SessionImpl.fireMerge(SessionImpl.java:865)
	at org.hibernate.internal.SessionImpl.merge(SessionImpl.java:840)
	at java.base/jdk.internal.reflect.DirectMethodHandleAccessor.invoke(DirectMethodHandleAccessor.java:103)
	at java.base/java.lang.reflect.Method.invoke(Method.java:580)
	at org.springframework.orm.jpa.ExtendedEntityManagerCreator$ExtendedEntityManagerInvocationHandler.invoke(ExtendedEntityManagerCreator.java:364)
	at jdk.proxy2/jdk.proxy2.$Proxy191.merge(Unknown Source)
	at java.base/jdk.internal.reflect.DirectMethodHandleAccessor.invoke(DirectMethodHandleAccessor.java:103)
	at java.base/java.lang.reflect.Method.invoke(Method.java:580)
	at org.springframework.orm.jpa.SharedEntityManagerCreator$SharedEntityManagerInvocationHandler.invoke(SharedEntityManagerCreator.java:320)
	at jdk.proxy2/jdk.proxy2.$Proxy191.merge(Unknown Source)
	at org.springframework.data.jpa.repository.support.SimpleJpaRepository.save(SimpleJpaRepository.java:630)
	at java.base/jdk.internal.reflect.DirectMethodHandleAccessor.invoke(DirectMethodHandleAccessor.java:103)
	at java.base/java.lang.reflect.Method.invoke(Method.java:580)
	at org.springframework.aop.support.AopUtils.invokeJoinpointUsingReflection(AopUtils.java:359)
	at org.springframework.data.repository.core.support.RepositoryMethodInvoker$RepositoryFragmentMethodInvoker.lambda$new$0(RepositoryMethodInvoker.java:277)
	at org.springframework.data.repository.core.support.RepositoryMethodInvoker.doInvoke(RepositoryMethodInvoker.java:170)
	at org.springframework.data.repository.core.support.RepositoryMethodInvoker.invoke(RepositoryMethodInvoker.java:158)
	at org.springframework.data.repository.core.support.RepositoryComposition$RepositoryFragments.invoke(RepositoryComposition.java:515)
	at org.springframework.data.repository.core.support.RepositoryComposition.invoke(RepositoryComposition.java:284)
	at org.springframework.data.repository.core.support.RepositoryFactorySupport$ImplementationMethodExecutionInterceptor.invoke(RepositoryFactorySupport.java:752)
	at org.springframework.aop.framework.ReflectiveMethodInvocation.proceed(ReflectiveMethodInvocation.java:184)
	at org.springframework.data.repository.core.support.QueryExecutorMethodInterceptor.doInvoke(QueryExecutorMethodInterceptor.java:174)
	at org.springframework.data.repository.core.support.QueryExecutorMethodInterceptor.invoke(QueryExecutorMethodInterceptor.java:149)
	at org.springframework.aop.framework.ReflectiveMethodInvocation.proceed(ReflectiveMethodInvocation.java:184)
	at org.springframework.data.projection.DefaultMethodInvokingMethodInterceptor.invoke(DefaultMethodInvokingMethodInterceptor.java:69)
	at org.springframework.aop.framework.ReflectiveMethodInvocation.proceed(ReflectiveMethodInvocation.java:184)
	at org.springframework.transaction.interceptor.TransactionAspectSupport.invokeWithinTransaction(TransactionAspectSupport.java:380)
	at org.springframework.transaction.interceptor.TransactionInterceptor.invoke(TransactionInterceptor.java:119)
	at org.springframework.aop.framework.ReflectiveMethodInvocation.proceed(ReflectiveMethodInvocation.java:184)
	at org.springframework.dao.support.PersistenceExceptionTranslationInterceptor.invoke(PersistenceExceptionTranslationInterceptor.java:138)
	... 156 common frames omitted
Caused by: org.hibernate.TransientPropertyValueException: Not-null property references a transient value - transient instance must be saved before current operation: com.finflow.modules.accounts.domain.AccountHolder.account -> com.finflow.modules.accounts.domain.Account
	at org.hibernate.action.internal.UnresolvedEntityInsertActions.checkNoUnresolvedActionsAfterOperation(UnresolvedEntityInsertActions.java:123)
	at org.hibernate.engine.spi.ActionQueue.checkNoUnresolvedActionsAfterOperation(ActionQueue.java:461)
	at org.hibernate.internal.SessionImpl.checkNoUnresolvedActionsAfterOperation(SessionImpl.java:601)
	at org.hibernate.internal.SessionImpl.fireMerge(SessionImpl.java:855)
	... 185 common frames omitted
2026-07-30 13:29:02.738 [http-nio-8080-exec-5] DEBUG [] o.s.w.s.m.m.a.HttpEntityMethodProcessor - Using 'application/json', given [application/json, text/plain, */*] and supported [application/json, application/*+json, application/yaml]
2026-07-30 13:29:02.738 [http-nio-8080-exec-5] DEBUG [] o.s.w.s.m.m.a.HttpEntityMethodProcessor - Writing [ErrorResponse[success=false, code=INTERNAL_ERROR, message=An unexpected error occurred. Please try a (truncated)...]
2026-07-30 13:29:02.740 [http-nio-8080-exec-5] DEBUG [] o.s.w.s.m.m.a.ExceptionHandlerExceptionResolver - Resolved [org.springframework.dao.InvalidDataAccessApiUsageException: org.hibernate.TransientPropertyValueException: Not-null property references a transient value - transient instance must be saved before current operation: com.finflow.modules.accounts.domain.AccountHolder.account -> com.finflow.modules.accounts.domain.Account]
2026-07-30 13:29:02.741 [http-nio-8080-exec-5] DEBUG [] o.s.web.servlet.DispatcherServlet - Completed 500 INTERNAL_SERVER_ERROR
2026-07-30 13:29:23.393 [http-nio-8080-exec-8] DEBUG [] o.s.web.servlet.DispatcherServlet - GET "/api/v1/transactions?page=0&size=20", parameters={masked}
2026-07-30 13:29:23.393 [http-nio-8080-exec-6] DEBUG [] o.s.web.servlet.DispatcherServlet - GET "/api/v1/accounts?page=0&size=100", parameters={masked}
2026-07-30 13:29:23.393 [http-nio-8080-exec-6] DEBUG [] o.s.w.s.m.m.a.RequestMappingHandlerMapping - Mapped to com.finflow.modules.accounts.controller.AccountController#getMyAccounts(AccountType, AccountStatus, int, int)
2026-07-30 13:29:23.397 [http-nio-8080-exec-8] DEBUG [] o.s.w.s.m.m.a.RequestMappingHandlerMapping - Mapped to com.finflow.modules.transactions.controller.TransactionController#getMyTransactions(TransactionType, TransactionStatus, String, LocalDateTime, LocalDateTime, int, int)
2026-07-30 13:29:23.402 [http-nio-8080-exec-6] DEBUG [] org.hibernate.SQL - 
    /* SELECT
        a 
    FROM
        Account a 
    WHERE
        a.ownerId = :ownerId 
        AND a.isDeleted = false 
    order by
        a.createdAt desc */ select
            a1_0.id,
            a1_0.account_number,
            a1_0.account_status,
            a1_0.account_type,
            a1_0.available_balance_cents,
            a1_0.created_at,
            a1_0.created_by,
            a1_0.currency,
            a1_0.deleted_at,
            a1_0.deleted_by,
            a1_0.is_deleted,
            a1_0.ledger_balance_cents,
            a1_0.modified_by,
            a1_0.nickname,
            a1_0.owner_id,
            a1_0.updated_at,
            a1_0.version 
        from
            finflow_accounts.accounts a1_0 
        where
            a1_0.owner_id=? 
            and a1_0.is_deleted=0 
        order by
            a1_0.created_at desc 
        limit
            ?
2026-07-30 13:29:23.406 [http-nio-8080-exec-6] DEBUG [] o.s.w.s.m.m.a.HttpEntityMethodProcessor - Using 'application/json', given [application/json, text/plain, */*] and supported [application/json, application/*+json, application/yaml]
2026-07-30 13:29:23.408 [http-nio-8080-exec-6] DEBUG [] o.s.w.s.m.m.a.HttpEntityMethodProcessor - Writing [ApiResponse[success=true, data=PageResponse[content=[], page=0, size=100, totalElements=0, totalPage (truncated)...]
2026-07-30 13:29:23.410 [http-nio-8080-exec-6] DEBUG [] o.s.web.servlet.DispatcherServlet - Completed 200 OK
2026-07-30 13:29:23.414 [http-nio-8080-exec-8] DEBUG [] org.hibernate.SQL - 
    /* SELECT
        t 
    FROM
        Transaction t 
    WHERE
        t.userId = :userId 
        AND (
            :type IS NULL 
            OR t.transactionType = :type
        ) 
        AND (
            :status IS NULL 
            OR t.transactionStatus = :status
        ) 
        AND (
            :accountId IS NULL 
            OR t.sourceAccountId = :accountId 
            OR t.targetAccountId = :accountId
        ) 
        AND (
            :fromDate IS NULL 
            OR t.createdAt >= :fromDate
        ) 
        AND (
            :toDate IS NULL 
            OR t.createdAt <= :toDate
        ) 
    ORDER BY
        t.createdAt DESC,
        t.createdAt desc */ select
            t1_0.id,
            t1_0.amount_cents,
            t1_0.completed_at,
            t1_0.created_at,
            t1_0.currency,
            t1_0.description,
            t1_0.failed_reason,
            t1_0.fee_amount_cents,
            t1_0.idempotency_key,
            t1_0.metadata_json,
            t1_0.reference_number,
            t1_0.source_account_id,
            t1_0.target_account_id,
            t1_0.transaction_status,
            t1_0.transaction_type,
            t1_0.updated_at,
            t1_0.user_id,
            t1_0.version 
        from
            finflow_transactions.transactions t1_0 
        where
            t1_0.user_id=? 
            and (
                ? is null 
                or t1_0.transaction_type=?
            ) 
            and (
                ? is null 
                or t1_0.transaction_status=?
            ) 
            and (
                ? is null 
                or t1_0.source_account_id=? 
                or t1_0.target_account_id=?
            ) 
            and (
                ? is null 
                or t1_0.created_at>=?
            ) 
            and (
                ? is null 
                or t1_0.created_at<=?
            ) 
        order by
            t1_0.created_at desc,
            t1_0.created_at desc 
        limit
            ?
2026-07-30 13:29:23.434 [http-nio-8080-exec-8] DEBUG [] o.s.w.s.m.m.a.HttpEntityMethodProcessor - Using 'application/json', given [application/json, text/plain, */*] and supported [application/json, application/*+json, application/yaml]
2026-07-30 13:29:23.434 [http-nio-8080-exec-8] DEBUG [] o.s.w.s.m.m.a.HttpEntityMethodProcessor - Writing [ApiResponse[success=true, data=PageResponse[content=[], page=0, size=20, totalElements=0, totalPages (truncated)...]
2026-07-30 13:29:23.436 [http-nio-8080-exec-8] DEBUG [] o.s.web.servlet.DispatcherServlet - Completed 200 OK
2026-07-30 13:29:25.046 [http-nio-8080-exec-9] DEBUG [] o.s.web.servlet.DispatcherServlet - GET "/api/v1/accounts", parameters={}
2026-07-30 13:29:25.046 [http-nio-8080-exec-7] DEBUG [] o.s.web.servlet.DispatcherServlet - GET "/api/v1/transfers/templates", parameters={}
2026-07-30 13:29:25.046 [http-nio-8080-exec-9] DEBUG [] o.s.w.s.m.m.a.RequestMappingHandlerMapping - Mapped to com.finflow.modules.accounts.controller.AccountController#getMyAccounts(AccountType, AccountStatus, int, int)
2026-07-30 13:29:25.046 [http-nio-8080-exec-7] DEBUG [] o.s.w.s.m.m.a.RequestMappingHandlerMapping - Mapped to com.finflow.modules.transfers.controller.TransferController#getTemplates(Pageable)
2026-07-30 13:29:25.052 [http-nio-8080-exec-9] DEBUG [] org.hibernate.SQL - 
    /* SELECT
        a 
    FROM
        Account a 
    WHERE
        a.ownerId = :ownerId 
        AND a.isDeleted = false 
    order by
        a.createdAt desc */ select
            a1_0.id,
            a1_0.account_number,
            a1_0.account_status,
            a1_0.account_type,
            a1_0.available_balance_cents,
            a1_0.created_at,
            a1_0.created_by,
            a1_0.currency,
            a1_0.deleted_at,
            a1_0.deleted_by,
            a1_0.is_deleted,
            a1_0.ledger_balance_cents,
            a1_0.modified_by,
            a1_0.nickname,
            a1_0.owner_id,
            a1_0.updated_at,
            a1_0.version 
        from
            finflow_accounts.accounts a1_0 
        where
            a1_0.owner_id=? 
            and a1_0.is_deleted=0 
        order by
            a1_0.created_at desc 
        limit
            ?
2026-07-30 13:29:25.056 [http-nio-8080-exec-9] DEBUG [] o.s.w.s.m.m.a.HttpEntityMethodProcessor - Using 'application/json', given [application/json, text/plain, */*] and supported [application/json, application/*+json, application/yaml]
2026-07-30 13:29:25.057 [http-nio-8080-exec-9] DEBUG [] o.s.w.s.m.m.a.HttpEntityMethodProcessor - Writing [ApiResponse[success=true, data=PageResponse[content=[], page=0, size=20, totalElements=0, totalPages (truncated)...]
2026-07-30 13:29:25.059 [http-nio-8080-exec-9] DEBUG [] o.s.web.servlet.DispatcherServlet - Completed 200 OK
2026-07-30 13:29:25.063 [http-nio-8080-exec-7] DEBUG [] org.hibernate.SQL - 
    /* SELECT
        t 
    FROM
        TransferTemplate t 
    WHERE
        t.ownerId = :ownerId 
    ORDER BY
        t.createdAt DESC,
        t.createdAt desc */ select
            tt1_0.id,
            tt1_0.amount_cents,
            tt1_0.created_at,
            tt1_0.currency,
            tt1_0.description,
            tt1_0.owner_id,
            tt1_0.source_account_id,
            tt1_0.target_account_id,
            tt1_0.target_beneficiary_id,
            tt1_0.template_name,
            tt1_0.template_status,
            tt1_0.updated_at,
            tt1_0.version 
        from
            finflow_transfers.transfer_templates tt1_0 
        where
            tt1_0.owner_id=? 
        order by
            tt1_0.created_at desc,
            tt1_0.created_at desc 
        limit
            ?
2026-07-30 13:29:25.070 [http-nio-8080-exec-7] DEBUG [] o.s.w.s.m.m.a.HttpEntityMethodProcessor - Using 'application/json', given [application/json, text/plain, */*] and supported [application/json, application/*+json, application/yaml]
2026-07-30 13:29:25.071 [http-nio-8080-exec-7] DEBUG [] o.s.w.s.m.m.a.HttpEntityMethodProcessor - Writing [ApiResponse[success=true, data=Page 1 of 0 containing UNKNOWN instances, meta=Meta[timestamp=2026-07 (truncated)...]
2026-07-30 13:29:25.080 [http-nio-8080-exec-7] DEBUG [] o.s.web.servlet.DispatcherServlet - Completed 200 OK
2026-07-30 13:29:26.214 [http-nio-8080-exec-10] DEBUG [] o.s.web.servlet.DispatcherServlet - GET "/api/v1/cards", parameters={}
2026-07-30 13:29:26.214 [http-nio-8080-exec-10] DEBUG [] o.s.w.s.m.m.a.RequestMappingHandlerMapping - Mapped to com.finflow.modules.cards.controller.CardController#getCards(Pageable)
2026-07-30 13:29:26.219 [http-nio-8080-exec-10] DEBUG [] org.hibernate.SQL - 
    /* SELECT
        c 
    FROM
        Card c 
    WHERE
        c.ownerId = :ownerId 
    ORDER BY
        c.createdAt DESC,
        c.createdAt desc */ select
            c1_0.id,
            c1_0.account_id,
            c1_0.card_last_four,
            c1_0.card_number_hash,
            c1_0.card_status,
            c1_0.card_type,
            c1_0.cardholder_name,
            c1_0.created_at,
            c1_0.credit_limit_cents,
            c1_0.currency,
            c1_0.daily_limit_cents,
            c1_0.expiry_month,
            c1_0.expiry_year,
            c1_0.monthly_limit_cents,
            c1_0.owner_id,
            c1_0.pin_set,
            c1_0.updated_at,
            c1_0.version 
        from
            finflow_accounts.cards c1_0 
        where
            c1_0.owner_id=? 
        order by
            c1_0.created_at desc,
            c1_0.created_at desc 
        limit
            ?
2026-07-30 13:29:26.225 [http-nio-8080-exec-10] DEBUG [] o.s.w.s.m.m.a.HttpEntityMethodProcessor - Using 'application/json', given [application/json, text/plain, */*] and supported [application/json, application/*+json, application/yaml]
2026-07-30 13:29:26.226 [http-nio-8080-exec-10] DEBUG [] o.s.w.s.m.m.a.HttpEntityMethodProcessor - Writing [ApiResponse[success=true, data=Page 1 of 0 containing UNKNOWN instances, meta=Meta[timestamp=2026-07 (truncated)...]
2026-07-30 13:29:26.227 [http-nio-8080-exec-10] DEBUG [] o.s.web.servlet.DispatcherServlet - Completed 200 OK
2026-07-30 13:29:28.128 [http-nio-8080-exec-1] DEBUG [] o.s.web.servlet.DispatcherServlet - GET "/api/v1/beneficiaries?page=0&size=50", parameters={masked}
2026-07-30 13:29:28.128 [http-nio-8080-exec-1] DEBUG [] o.s.w.s.m.m.a.RequestMappingHandlerMapping - Mapped to com.finflow.modules.beneficiaries.controller.BeneficiaryController#getMyBeneficiaries(int, int)
2026-07-30 13:29:28.139 [http-nio-8080-exec-1] DEBUG [] org.hibernate.SQL - 
    /* SELECT
        b 
    FROM
        Beneficiary b 
    WHERE
        b.ownerId = :ownerId 
        AND b.isDeleted = false 
    ORDER BY
        b.createdAt DESC,
        b.createdAt desc */ select
            b1_0.id,
            b1_0.account_number,
            b1_0.bank_name,
            b1_0.beneficiary_name,
            b1_0.beneficiary_status,
            b1_0.created_at,
            b1_0.created_by,
            b1_0.currency,
            b1_0.deleted_at,
            b1_0.deleted_by,
            b1_0.email,
            b1_0.iban,
            b1_0.is_deleted,
            b1_0.modified_by,
            b1_0.nickname,
            b1_0.owner_id,
            b1_0.routing_number,
            b1_0.swift_code,
            b1_0.updated_at,
            b1_0.version 
        from
            finflow_accounts.beneficiaries b1_0 
        where
            b1_0.owner_id=? 
            and b1_0.is_deleted=0 
        order by
            b1_0.created_at desc,
            b1_0.created_at desc 
        limit
            ?
2026-07-30 13:29:28.142 [http-nio-8080-exec-1] DEBUG [] o.s.w.s.m.m.a.HttpEntityMethodProcessor - Using 'application/json', given [application/json, text/plain, */*] and supported [application/json, application/*+json, application/yaml]
2026-07-30 13:29:28.145 [http-nio-8080-exec-1] DEBUG [] o.s.w.s.m.m.a.HttpEntityMethodProcessor - Writing [ApiResponse[success=true, data=PageResponse[content=[], page=0, size=50, totalElements=0, totalPages (truncated)...]
2026-07-30 13:29:28.145 [http-nio-8080-exec-1] DEBUG [] o.s.web.servlet.DispatcherServlet - Completed 200 OK
2026-07-30 13:29:29.459 [http-nio-8080-exec-2] DEBUG [] o.s.web.servlet.DispatcherServlet - GET "/api/v1/savings", parameters={}
2026-07-30 13:29:29.459 [http-nio-8080-exec-2] DEBUG [] o.s.w.s.m.m.a.RequestMappingHandlerMapping - Mapped to com.finflow.modules.savings.controller.SavingsGoalController#getGoals(Pageable)
2026-07-30 13:29:29.466 [http-nio-8080-exec-2] DEBUG [] org.hibernate.SQL - 
    /* SELECT
        s 
    FROM
        SavingsGoal s 
    WHERE
        s.ownerId = :ownerId 
    ORDER BY
        s.createdAt DESC,
        s.createdAt desc */ select
            sg1_0.id,
            sg1_0.account_id,
            sg1_0.created_at,
            sg1_0.currency,
            sg1_0.current_amount_cents,
            sg1_0.deadline,
            sg1_0.description,
            sg1_0.goal_name,
            sg1_0.goal_status,
            sg1_0.owner_id,
            sg1_0.target_amount_cents,
            sg1_0.updated_at,
            sg1_0.version 
        from
            finflow_savings.savings_goals sg1_0 
        where
            sg1_0.owner_id=? 
        order by
            sg1_0.created_at desc,
            sg1_0.created_at desc 
        limit
            ?
2026-07-30 13:29:29.471 [http-nio-8080-exec-2] DEBUG [] o.s.w.s.m.m.a.HttpEntityMethodProcessor - Using 'application/json', given [application/json, text/plain, */*] and supported [application/json, application/*+json, application/yaml]
2026-07-30 13:29:29.471 [http-nio-8080-exec-2] DEBUG [] o.s.w.s.m.m.a.HttpEntityMethodProcessor - Writing [ApiResponse[success=true, data=Page 1 of 0 containing UNKNOWN instances, meta=Meta[timestamp=2026-07 (truncated)...]
2026-07-30 13:29:29.471 [http-nio-8080-exec-2] DEBUG [] o.s.web.servlet.DispatcherServlet - Completed 200 OK
2026-07-30 13:29:31.734 [http-nio-8080-exec-3] DEBUG [] o.s.web.servlet.DispatcherServlet - GET "/api/v1/settings", parameters={}
2026-07-30 13:29:31.734 [http-nio-8080-exec-3] DEBUG [] o.s.w.s.m.m.a.RequestMappingHandlerMapping - Mapped to com.finflow.modules.settings.controller.SettingController#getSettings()
2026-07-30 13:29:31.736 [http-nio-8080-exec-3] DEBUG [] org.hibernate.SQL - 
    /* SELECT
        us 
    FROM
        UserSetting us 
    WHERE
        us.userId = :userId 
    ORDER BY
        us.settingKey */ select
            us1_0.id,
            us1_0.created_at,
            us1_0.setting_key,
            us1_0.setting_value,
            us1_0.updated_at,
            us1_0.user_id,
            us1_0.version 
        from
            finflow_settings.user_settings us1_0 
        where
            us1_0.user_id=? 
        order by
            us1_0.setting_key
2026-07-30 13:29:31.745 [http-nio-8080-exec-3] DEBUG [] o.s.w.s.m.m.a.HttpEntityMethodProcessor - Using 'application/json', given [application/json, text/plain, */*] and supported [application/json, application/*+json, application/yaml]
2026-07-30 13:29:31.745 [http-nio-8080-exec-3] DEBUG [] o.s.w.s.m.m.a.HttpEntityMethodProcessor - Writing [ApiResponse[success=true, data=[], meta=Meta[timestamp=2026-07-30T13:29:31.743111400, requestId=6c89 (truncated)...]
2026-07-30 13:29:31.745 [http-nio-8080-exec-3] DEBUG [] o.s.web.servlet.DispatcherServlet - Completed 200 OK
2026-07-30 13:29:49.143 [http-nio-8080-exec-4] DEBUG [] o.s.web.servlet.DispatcherServlet - PATCH "/api/v1/settings/theme", parameters={}
2026-07-30 13:29:49.144 [http-nio-8080-exec-4] DEBUG [] o.s.w.s.m.m.a.RequestMappingHandlerMapping - Mapped to com.finflow.modules.settings.controller.SettingController#updateSetting(String, UpdateSettingRequest)
2026-07-30 13:29:49.152 [http-nio-8080-exec-4] DEBUG [] o.s.w.s.m.m.a.RequestResponseBodyMethodProcessor - Read "application/json;charset=UTF-8" to [UpdateSettingRequest[settingValue=dark]]
2026-07-30 13:29:49.157 [http-nio-8080-exec-4] DEBUG [] org.hibernate.SQL - 
    /* SELECT
        us 
    FROM
        UserSetting us 
    WHERE
        us.userId = :userId 
        AND us.settingKey = :key */ select
            us1_0.id,
            us1_0.created_at,
            us1_0.setting_key,
            us1_0.setting_value,
            us1_0.updated_at,
            us1_0.user_id,
            us1_0.version 
        from
            finflow_settings.user_settings us1_0 
        where
            us1_0.user_id=? 
            and us1_0.setting_key=?
2026-07-30 13:29:49.158 [http-nio-8080-exec-4] INFO  [] c.f.m.s.service.SettingService - Setting updated: userId=a9e5c4ea-a970-4ae9-807a-5a9b68b218c3, key=theme, value=dark
2026-07-30 13:29:49.158 [http-nio-8080-exec-4] DEBUG [] org.hibernate.SQL - 
    /* insert for
        com.finflow.modules.settings.domain.UserSetting */insert 
    into
        finflow_settings.user_settings (created_at, setting_key, setting_value, updated_at, user_id, version, id) 
    values
        (?, ?, ?, ?, ?, ?, ?)
2026-07-30 13:29:49.168 [http-nio-8080-exec-4] DEBUG [] o.s.w.s.m.m.a.HttpEntityMethodProcessor - Using 'application/json', given [application/json, text/plain, */*] and supported [application/json, application/*+json, application/yaml]
2026-07-30 13:29:49.168 [http-nio-8080-exec-4] DEBUG [] o.s.w.s.m.m.a.HttpEntityMethodProcessor - Writing [ApiResponse[success=true, data=SettingResponse[id=5c55f06d-71df-4787-b2c5-5e6cbc564b15, settingKey=t (truncated)...]
2026-07-30 13:29:49.174 [http-nio-8080-exec-4] DEBUG [] o.s.web.servlet.DispatcherServlet - Completed 200 OK
2026-07-30 13:29:49.186 [http-nio-8080-exec-5] DEBUG [] o.s.web.servlet.DispatcherServlet - GET "/api/v1/settings", parameters={}
2026-07-30 13:29:49.186 [http-nio-8080-exec-5] DEBUG [] o.s.w.s.m.m.a.RequestMappingHandlerMapping - Mapped to com.finflow.modules.settings.controller.SettingController#getSettings()
2026-07-30 13:29:49.188 [http-nio-8080-exec-5] DEBUG [] org.hibernate.SQL - 
    /* SELECT
        us 
    FROM
        UserSetting us 
    WHERE
        us.userId = :userId 
    ORDER BY
        us.settingKey */ select
            us1_0.id,
            us1_0.created_at,
            us1_0.setting_key,
            us1_0.setting_value,
            us1_0.updated_at,
            us1_0.user_id,
            us1_0.version 
        from
            finflow_settings.user_settings us1_0 
        where
            us1_0.user_id=? 
        order by
            us1_0.setting_key
2026-07-30 13:29:49.192 [http-nio-8080-exec-5] DEBUG [] o.s.w.s.m.m.a.HttpEntityMethodProcessor - Using 'application/json', given [application/json, text/plain, */*] and supported [application/json, application/*+json, application/yaml]
2026-07-30 13:29:49.193 [http-nio-8080-exec-5] DEBUG [] o.s.w.s.m.m.a.HttpEntityMethodProcessor - Writing [ApiResponse[success=true, data=[SettingResponse[id=5c55f06d-71df-4787-b2c5-5e6cbc564b15, settingKey= (truncated)...]
2026-07-30 13:29:49.193 [http-nio-8080-exec-5] DEBUG [] o.s.web.servlet.DispatcherServlet - Completed 200 OK
2026-07-30 13:29:51.253 [http-nio-8080-exec-6] DEBUG [] o.s.web.servlet.DispatcherServlet - GET "/api/v1/profile", parameters={}
2026-07-30 13:29:51.253 [http-nio-8080-exec-6] DEBUG [] o.s.w.s.m.m.a.RequestMappingHandlerMapping - Mapped to com.finflow.modules.profiles.controller.UserProfileController#getProfile()
2026-07-30 13:29:51.258 [http-nio-8080-exec-6] DEBUG [] org.hibernate.SQL - 
    /* <criteria> */ select
        up1_0.id,
        up1_0.address_line1,
        up1_0.address_line2,
        up1_0.avatar_url,
        up1_0.city,
        up1_0.country,
        up1_0.created_at,
        up1_0.created_by,
        up1_0.date_of_birth,
        up1_0.first_name,
        up1_0.last_name,
        up1_0.modified_by,
        up1_0.postal_code,
        up1_0.state,
        up1_0.updated_at,
        up1_0.user_id,
        up1_0.version 
    from
        finflow_profiles.user_profiles up1_0 
    where
        up1_0.user_id=?
2026-07-30 13:29:51.271 [http-nio-8080-exec-6] INFO  [] c.f.m.p.service.UserProfileService - Default profile created: userId=a9e5c4ea-a970-4ae9-807a-5a9b68b218c3
2026-07-30 13:29:51.272 [http-nio-8080-exec-6] DEBUG [] o.s.w.s.m.m.a.HttpEntityMethodProcessor - Using 'application/json', given [application/json, text/plain, */*] and supported [application/json, application/*+json, application/yaml]
2026-07-30 13:29:51.280 [http-nio-8080-exec-6] DEBUG [] o.s.w.s.m.m.a.HttpEntityMethodProcessor - Writing [ApiResponse[success=true, data=UserProfileResponse[id=8b49041d-4aab-4050-826d-aa92b2198a07, userId=a (truncated)...]
2026-07-30 13:29:51.286 [http-nio-8080-exec-6] DEBUG [] o.s.web.servlet.DispatcherServlet - Completed 200 OK
2026-07-30 13:30:49.767 [http-nio-8080-exec-8] DEBUG [] o.s.web.servlet.DispatcherServlet - PATCH "/api/v1/profile", parameters={}
2026-07-30 13:30:49.769 [http-nio-8080-exec-8] DEBUG [] o.s.w.s.m.m.a.RequestMappingHandlerMapping - Mapped to com.finflow.modules.profiles.controller.UserProfileController#updateProfile(UpdateProfileRequest)
2026-07-30 13:30:49.777 [http-nio-8080-exec-8] DEBUG [] o.s.w.s.m.m.a.RequestResponseBodyMethodProcessor - Read "application/json;charset=UTF-8" to [UpdateProfileRequest[firstName=John , lastName=Doe, dateOfBirth=2004-12-10, addressLine1=, addressLi (truncated)...]
2026-07-30 13:30:49.784 [http-nio-8080-exec-8] INFO  [] c.f.m.p.c.UserProfileController - Update profile request
2026-07-30 13:30:49.786 [http-nio-8080-exec-8] DEBUG [] org.hibernate.SQL - 
    /* <criteria> */ select
        up1_0.id,
        up1_0.address_line1,
        up1_0.address_line2,
        up1_0.avatar_url,
        up1_0.city,
        up1_0.country,
        up1_0.created_at,
        up1_0.created_by,
        up1_0.date_of_birth,
        up1_0.first_name,
        up1_0.last_name,
        up1_0.modified_by,
        up1_0.postal_code,
        up1_0.state,
        up1_0.updated_at,
        up1_0.user_id,
        up1_0.version 
    from
        finflow_profiles.user_profiles up1_0 
    where
        up1_0.user_id=?
2026-07-30 13:30:49.790 [http-nio-8080-exec-8] INFO  [] c.f.m.p.service.UserProfileService - Default profile created: userId=a9e5c4ea-a970-4ae9-807a-5a9b68b218c3
2026-07-30 13:30:49.794 [http-nio-8080-exec-8] INFO  [] c.f.m.p.service.UserProfileService - Profile updated: userId=a9e5c4ea-a970-4ae9-807a-5a9b68b218c3
2026-07-30 13:30:49.794 [http-nio-8080-exec-8] DEBUG [] org.hibernate.SQL - 
    /* insert for
        com.finflow.modules.profiles.domain.UserProfile */insert 
    into
        finflow_profiles.user_profiles (address_line1, address_line2, avatar_url, city, country, created_at, created_by, date_of_birth, first_name, last_name, modified_by, postal_code, state, updated_at, user_id, version, id) 
    values
        (?, ?, ?, ?, ?, ?, ?, ?, ?, ?, ?, ?, ?, ?, ?, ?, ?)
2026-07-30 13:30:49.798 [http-nio-8080-exec-8] DEBUG [] org.hibernate.SQL - 
    /* update
        for com.finflow.modules.profiles.domain.UserProfile */update finflow_profiles.user_profiles 
    set
        address_line1=?,
        address_line2=?,
        avatar_url=?,
        city=?,
        country=?,
        date_of_birth=?,
        first_name=?,
        last_name=?,
        modified_by=?,
        postal_code=?,
        state=?,
        updated_at=?,
        user_id=?,
        version=? 
    where
        id=? 
        and version=?
2026-07-30 13:30:49.807 [http-nio-8080-exec-8] DEBUG [] o.s.w.s.m.m.a.HttpEntityMethodProcessor - Using 'application/json', given [application/json, text/plain, */*] and supported [application/json, application/*+json, application/yaml]
2026-07-30 13:30:49.807 [http-nio-8080-exec-8] DEBUG [] o.s.w.s.m.m.a.HttpEntityMethodProcessor - Writing [ApiResponse[success=true, data=UserProfileResponse[id=663bd055-9ebb-4915-b8a9-80edff9939ee, userId=a (truncated)...]
2026-07-30 13:30:49.807 [http-nio-8080-exec-8] DEBUG [] o.s.web.servlet.DispatcherServlet - Completed 200 OK
2026-07-30 13:30:49.823 [http-nio-8080-exec-9] DEBUG [] o.s.web.servlet.DispatcherServlet - GET "/api/v1/profile", parameters={}
2026-07-30 13:30:49.823 [http-nio-8080-exec-9] DEBUG [] o.s.w.s.m.m.a.RequestMappingHandlerMapping - Mapped to com.finflow.modules.profiles.controller.UserProfileController#getProfile()
2026-07-30 13:30:49.826 [http-nio-8080-exec-9] DEBUG [] org.hibernate.SQL - 
    /* <criteria> */ select
        up1_0.id,
        up1_0.address_line1,
        up1_0.address_line2,
        up1_0.avatar_url,
        up1_0.city,
        up1_0.country,
        up1_0.created_at,
        up1_0.created_by,
        up1_0.date_of_birth,
        up1_0.first_name,
        up1_0.last_name,
        up1_0.modified_by,
        up1_0.postal_code,
        up1_0.state,
        up1_0.updated_at,
        up1_0.user_id,
        up1_0.version 
    from
        finflow_profiles.user_profiles up1_0 
    where
        up1_0.user_id=?
2026-07-30 13:30:49.833 [http-nio-8080-exec-9] DEBUG [] o.s.w.s.m.m.a.HttpEntityMethodProcessor - Using 'application/json', given [application/json, text/plain, */*] and supported [application/json, application/*+json, application/yaml]
2026-07-30 13:30:49.833 [http-nio-8080-exec-9] DEBUG [] o.s.w.s.m.m.a.HttpEntityMethodProcessor - Writing [ApiResponse[success=true, data=UserProfileResponse[id=663bd055-9ebb-4915-b8a9-80edff9939ee, userId=a (truncated)...]
2026-07-30 13:30:49.835 [http-nio-8080-exec-9] DEBUG [] o.s.web.servlet.DispatcherServlet - Completed 200 OK
2026-07-30 13:31:23.323 [http-nio-8080-exec-7] DEBUG [] o.s.web.servlet.DispatcherServlet - POST "/api/v1/accounts", parameters={}
2026-07-30 13:31:23.323 [http-nio-8080-exec-7] DEBUG [] o.s.w.s.m.m.a.RequestMappingHandlerMapping - Mapped to com.finflow.modules.accounts.controller.AccountController#createAccount(CreateAccountRequest, String)
2026-07-30 13:31:23.327 [http-nio-8080-exec-7] DEBUG [] o.s.w.s.m.m.a.RequestResponseBodyMethodProcessor - Read "application/json;charset=UTF-8" to [CreateAccountRequest[accountType=SAVINGS, nickname=john, currency=100]]
2026-07-30 13:31:23.327 [http-nio-8080-exec-7] INFO  [] c.f.m.a.controller.AccountController - Create account request: type=SAVINGS
2026-07-30 13:31:23.329 [http-nio-8080-exec-7] DEBUG [] org.hibernate.SQL - 
    /* <criteria> */ select
        a1_0.id 
    from
        finflow_accounts.accounts a1_0 
    where
        a1_0.account_number=? 
    limit
        ?
2026-07-30 13:31:23.334 [http-nio-8080-exec-7] INFO  [] c.f.m.a.service.AccountService - Account created: id=null, owner=a9e5c4ea-a970-4ae9-807a-5a9b68b218c3, type=SAVINGS
2026-07-30 13:31:23.334 [http-nio-8080-exec-7] WARN  [] o.h.a.i.UnresolvedEntityInsertActions - HHH000437: Attempting to save one or more entities that have a non-nullable association with an unsaved transient entity. The unsaved transient entity must be saved in an operation prior to saving these dependent entities.
	Unsaved transient entity: ([com.finflow.modules.accounts.domain.Account#<null>])
	Dependent entities: ([[com.finflow.modules.accounts.domain.AccountHolder#a786a9cd-481c-4e9c-b662-49344ae696f0]])
	Non-nullable association(s): ([com.finflow.modules.accounts.domain.AccountHolder.account])
2026-07-30 13:31:23.337 [http-nio-8080-exec-7] DEBUG [] o.s.w.s.m.m.a.ExceptionHandlerExceptionResolver - Using @ExceptionHandler com.finflow.shared.exception.GlobalExceptionHandler#handleGenericException(Exception, WebRequest)
2026-07-30 13:31:23.337 [http-nio-8080-exec-7] ERROR [] c.f.s.e.GlobalExceptionHandler - [8c8200ca-345a-4013-95da-8f486b77f912] Unexpected error: org.hibernate.TransientPropertyValueException: Not-null property references a transient value - transient instance must be saved before current operation: com.finflow.modules.accounts.domain.AccountHolder.account -> com.finflow.modules.accounts.domain.Account
org.springframework.dao.InvalidDataAccessApiUsageException: org.hibernate.TransientPropertyValueException: Not-null property references a transient value - transient instance must be saved before current operation: com.finflow.modules.accounts.domain.AccountHolder.account -> com.finflow.modules.accounts.domain.Account
	at org.springframework.orm.jpa.EntityManagerFactoryUtils.convertJpaAccessExceptionIfPossible(EntityManagerFactoryUtils.java:368)
	at org.springframework.orm.jpa.vendor.HibernateJpaDialect.translateExceptionIfPossible(HibernateJpaDialect.java:246)
	at org.springframework.orm.jpa.AbstractEntityManagerFactoryBean.translateExceptionIfPossible(AbstractEntityManagerFactoryBean.java:560)
	at org.springframework.dao.support.ChainedPersistenceExceptionTranslator.translateExceptionIfPossible(ChainedPersistenceExceptionTranslator.java:61)
	at org.springframework.dao.support.DataAccessUtils.translateIfNecessary(DataAccessUtils.java:343)
	at org.springframework.dao.support.PersistenceExceptionTranslationInterceptor.invoke(PersistenceExceptionTranslationInterceptor.java:160)
	at org.springframework.aop.framework.ReflectiveMethodInvocation.proceed(ReflectiveMethodInvocation.java:184)
	at org.springframework.data.jpa.repository.support.CrudMethodMetadataPostProcessor$CrudMethodMetadataPopulatingMethodInterceptor.invoke(CrudMethodMetadataPostProcessor.java:165)
	at org.springframework.aop.framework.ReflectiveMethodInvocation.proceed(ReflectiveMethodInvocation.java:184)
	at org.springframework.aop.framework.JdkDynamicAopProxy.invoke(JdkDynamicAopProxy.java:223)
	at jdk.proxy2/jdk.proxy2.$Proxy198.save(Unknown Source)
	at com.finflow.modules.accounts.service.AccountService.createAccount(AccountService.java:67)
	at java.base/jdk.internal.reflect.DirectMethodHandleAccessor.invoke(DirectMethodHandleAccessor.java:103)
	at java.base/java.lang.reflect.Method.invoke(Method.java:580)
	at org.springframework.aop.support.AopUtils.invokeJoinpointUsingReflection(AopUtils.java:359)
	at org.springframework.aop.framework.ReflectiveMethodInvocation.invokeJoinpoint(ReflectiveMethodInvocation.java:196)
	at org.springframework.aop.framework.ReflectiveMethodInvocation.proceed(ReflectiveMethodInvocation.java:163)
	at org.springframework.transaction.interceptor.TransactionAspectSupport.invokeWithinTransaction(TransactionAspectSupport.java:380)
	at org.springframework.transaction.interceptor.TransactionInterceptor.invoke(TransactionInterceptor.java:119)
	at org.springframework.aop.framework.ReflectiveMethodInvocation.proceed(ReflectiveMethodInvocation.java:184)
	at org.springframework.aop.framework.CglibAopProxy$DynamicAdvisedInterceptor.intercept(CglibAopProxy.java:727)
	at com.finflow.modules.accounts.service.AccountService$$SpringCGLIB$$0.createAccount(<generated>)
	at com.finflow.modules.accounts.controller.AccountController.createAccount(AccountController.java:53)
	at java.base/jdk.internal.reflect.DirectMethodHandleAccessor.invoke(DirectMethodHandleAccessor.java:103)
	at java.base/java.lang.reflect.Method.invoke(Method.java:580)
	at org.springframework.web.method.support.InvocableHandlerMethod.doInvoke(InvocableHandlerMethod.java:257)
	at org.springframework.web.method.support.InvocableHandlerMethod.invokeForRequest(InvocableHandlerMethod.java:190)
	at org.springframework.web.servlet.mvc.method.annotation.ServletInvocableHandlerMethod.invokeAndHandle(ServletInvocableHandlerMethod.java:118)
	at org.springframework.web.servlet.mvc.method.annotation.RequestMappingHandlerAdapter.invokeHandlerMethod(RequestMappingHandlerAdapter.java:986)
	at org.springframework.web.servlet.mvc.method.annotation.RequestMappingHandlerAdapter.handleInternal(RequestMappingHandlerAdapter.java:891)
	at org.springframework.web.servlet.mvc.method.AbstractHandlerMethodAdapter.handle(AbstractHandlerMethodAdapter.java:87)
	at org.springframework.web.servlet.DispatcherServlet.doDispatch(DispatcherServlet.java:1088)
	at org.springframework.web.servlet.DispatcherServlet.doService(DispatcherServlet.java:978)
	at org.springframework.web.servlet.FrameworkServlet.processRequest(FrameworkServlet.java:1014)
	at org.springframework.web.servlet.FrameworkServlet.doPost(FrameworkServlet.java:914)
	at jakarta.servlet.http.HttpServlet.service(HttpServlet.java:590)
	at org.springframework.web.servlet.FrameworkServlet.service(FrameworkServlet.java:885)
	at jakarta.servlet.http.HttpServlet.service(HttpServlet.java:658)
	at org.apache.catalina.core.ApplicationFilterChain.internalDoFilter(ApplicationFilterChain.java:195)
	at org.apache.catalina.core.ApplicationFilterChain.doFilter(ApplicationFilterChain.java:140)
	at org.apache.tomcat.websocket.server.WsFilter.doFilter(WsFilter.java:51)
	at org.apache.catalina.core.ApplicationFilterChain.internalDoFilter(ApplicationFilterChain.java:164)
	at org.apache.catalina.core.ApplicationFilterChain.doFilter(ApplicationFilterChain.java:140)
	at org.springframework.web.filter.CorsFilter.doFilterInternal(CorsFilter.java:91)
	at org.springframework.web.filter.OncePerRequestFilter.doFilter(OncePerRequestFilter.java:116)
	at org.apache.catalina.core.ApplicationFilterChain.internalDoFilter(ApplicationFilterChain.java:164)
	at org.apache.catalina.core.ApplicationFilterChain.doFilter(ApplicationFilterChain.java:140)
	at org.springframework.web.filter.OncePerRequestFilter.doFilter(OncePerRequestFilter.java:110)
	at org.apache.catalina.core.ApplicationFilterChain.internalDoFilter(ApplicationFilterChain.java:164)
	at org.apache.catalina.core.ApplicationFilterChain.doFilter(ApplicationFilterChain.java:140)
	at org.springframework.web.filter.CompositeFilter$VirtualFilterChain.doFilter(CompositeFilter.java:108)
	at org.springframework.security.web.FilterChainProxy.lambda$doFilterInternal$3(FilterChainProxy.java:231)
	at org.springframework.security.web.ObservationFilterChainDecorator$FilterObservation$SimpleFilterObservation.lambda$wrap$1(ObservationFilterChainDecorator.java:479)
	at org.springframework.security.web.ObservationFilterChainDecorator$AroundFilterObservation$SimpleAroundFilterObservation.lambda$wrap$1(ObservationFilterChainDecorator.java:340)
	at org.springframework.security.web.ObservationFilterChainDecorator.lambda$wrapSecured$0(ObservationFilterChainDecorator.java:82)
	at org.springframework.security.web.ObservationFilterChainDecorator$VirtualFilterChain.doFilter(ObservationFilterChainDecorator.java:128)
	at org.springframework.security.web.access.intercept.AuthorizationFilter.doFilter(AuthorizationFilter.java:101)
	at org.springframework.security.web.ObservationFilterChainDecorator$ObservationFilter.wrapFilter(ObservationFilterChainDecorator.java:240)
	at org.springframework.security.web.ObservationFilterChainDecorator$ObservationFilter.doFilter(ObservationFilterChainDecorator.java:227)
	at org.springframework.security.web.ObservationFilterChainDecorator$VirtualFilterChain.doFilter(ObservationFilterChainDecorator.java:137)
	at org.springframework.security.web.access.ExceptionTranslationFilter.doFilter(ExceptionTranslationFilter.java:126)
	at org.springframework.security.web.access.ExceptionTranslationFilter.doFilter(ExceptionTranslationFilter.java:120)
	at org.springframework.security.web.ObservationFilterChainDecorator$ObservationFilter.wrapFilter(ObservationFilterChainDecorator.java:240)
	at org.springframework.security.web.ObservationFilterChainDecorator$ObservationFilter.doFilter(ObservationFilterChainDecorator.java:227)
	at org.springframework.security.web.ObservationFilterChainDecorator$VirtualFilterChain.doFilter(ObservationFilterChainDecorator.java:137)
	at org.springframework.security.web.session.SessionManagementFilter.doFilter(SessionManagementFilter.java:131)
	at org.springframework.security.web.session.SessionManagementFilter.doFilter(SessionManagementFilter.java:85)
	at org.springframework.security.web.ObservationFilterChainDecorator$ObservationFilter.wrapFilter(ObservationFilterChainDecorator.java:240)
	at org.springframework.security.web.ObservationFilterChainDecorator$ObservationFilter.doFilter(ObservationFilterChainDecorator.java:227)
	at org.springframework.security.web.ObservationFilterChainDecorator$VirtualFilterChain.doFilter(ObservationFilterChainDecorator.java:137)
	at org.springframework.security.web.authentication.AnonymousAuthenticationFilter.doFilter(AnonymousAuthenticationFilter.java:100)
	at org.springframework.security.web.ObservationFilterChainDecorator$ObservationFilter.wrapFilter(ObservationFilterChainDecorator.java:240)
	at org.springframework.security.web.ObservationFilterChainDecorator$ObservationFilter.doFilter(ObservationFilterChainDecorator.java:227)
	at org.springframework.security.web.ObservationFilterChainDecorator$VirtualFilterChain.doFilter(ObservationFilterChainDecorator.java:137)
	at org.springframework.security.web.servletapi.SecurityContextHolderAwareRequestFilter.doFilter(SecurityContextHolderAwareRequestFilter.java:179)
	at org.springframework.security.web.ObservationFilterChainDecorator$ObservationFilter.wrapFilter(ObservationFilterChainDecorator.java:240)
	at org.springframework.security.web.ObservationFilterChainDecorator$ObservationFilter.doFilter(ObservationFilterChainDecorator.java:227)
	at org.springframework.security.web.ObservationFilterChainDecorator$VirtualFilterChain.doFilter(ObservationFilterChainDecorator.java:137)
	at org.springframework.security.web.savedrequest.RequestCacheAwareFilter.doFilter(RequestCacheAwareFilter.java:63)
	at org.springframework.security.web.ObservationFilterChainDecorator$ObservationFilter.wrapFilter(ObservationFilterChainDecorator.java:240)
	at org.springframework.security.web.ObservationFilterChainDecorator$ObservationFilter.doFilter(ObservationFilterChainDecorator.java:227)
	at org.springframework.security.web.ObservationFilterChainDecorator$VirtualFilterChain.doFilter(ObservationFilterChainDecorator.java:137)
	at com.finflow.shared.config.JwtAuthenticationFilter.doFilterInternal(JwtAuthenticationFilter.java:74)
	at org.springframework.web.filter.OncePerRequestFilter.doFilter(OncePerRequestFilter.java:116)
	at org.springframework.security.web.ObservationFilterChainDecorator$ObservationFilter.wrapFilter(ObservationFilterChainDecorator.java:240)
	at org.springframework.security.web.ObservationFilterChainDecorator$ObservationFilter.doFilter(ObservationFilterChainDecorator.java:227)
	at org.springframework.security.web.ObservationFilterChainDecorator$VirtualFilterChain.doFilter(ObservationFilterChainDecorator.java:137)
	at org.springframework.security.web.authentication.logout.LogoutFilter.doFilter(LogoutFilter.java:107)
	at org.springframework.security.web.authentication.logout.LogoutFilter.doFilter(LogoutFilter.java:93)
	at org.springframework.security.web.ObservationFilterChainDecorator$ObservationFilter.wrapFilter(ObservationFilterChainDecorator.java:240)
	at org.springframework.security.web.ObservationFilterChainDecorator$ObservationFilter.doFilter(ObservationFilterChainDecorator.java:227)
	at org.springframework.security.web.ObservationFilterChainDecorator$VirtualFilterChain.doFilter(ObservationFilterChainDecorator.java:137)
	at org.springframework.web.filter.CorsFilter.doFilterInternal(CorsFilter.java:91)
	at org.springframework.web.filter.OncePerRequestFilter.doFilter(OncePerRequestFilter.java:116)
	at org.springframework.security.web.ObservationFilterChainDecorator$ObservationFilter.wrapFilter(ObservationFilterChainDecorator.java:240)
	at org.springframework.security.web.ObservationFilterChainDecorator$ObservationFilter.doFilter(ObservationFilterChainDecorator.java:227)
	at org.springframework.security.web.ObservationFilterChainDecorator$VirtualFilterChain.doFilter(ObservationFilterChainDecorator.java:137)
	at org.springframework.security.web.header.HeaderWriterFilter.doHeadersAfter(HeaderWriterFilter.java:90)
	at org.springframework.security.web.header.HeaderWriterFilter.doFilterInternal(HeaderWriterFilter.java:75)
	at org.springframework.web.filter.OncePerRequestFilter.doFilter(OncePerRequestFilter.java:116)
	at org.springframework.security.web.ObservationFilterChainDecorator$ObservationFilter.wrapFilter(ObservationFilterChainDecorator.java:240)
	at org.springframework.security.web.ObservationFilterChainDecorator$ObservationFilter.doFilter(ObservationFilterChainDecorator.java:227)
	at org.springframework.security.web.ObservationFilterChainDecorator$VirtualFilterChain.doFilter(ObservationFilterChainDecorator.java:137)
	at org.springframework.security.web.context.SecurityContextHolderFilter.doFilter(SecurityContextHolderFilter.java:82)
	at org.springframework.security.web.context.SecurityContextHolderFilter.doFilter(SecurityContextHolderFilter.java:69)
	at org.springframework.security.web.ObservationFilterChainDecorator$ObservationFilter.wrapFilter(ObservationFilterChainDecorator.java:240)
	at org.springframework.security.web.ObservationFilterChainDecorator$ObservationFilter.doFilter(ObservationFilterChainDecorator.java:227)
	at org.springframework.security.web.ObservationFilterChainDecorator$VirtualFilterChain.doFilter(ObservationFilterChainDecorator.java:137)
	at org.springframework.security.web.context.request.async.WebAsyncManagerIntegrationFilter.doFilterInternal(WebAsyncManagerIntegrationFilter.java:62)
	at org.springframework.web.filter.OncePerRequestFilter.doFilter(OncePerRequestFilter.java:116)
	at org.springframework.security.web.ObservationFilterChainDecorator$ObservationFilter.wrapFilter(ObservationFilterChainDecorator.java:240)
	at org.springframework.security.web.ObservationFilterChainDecorator$ObservationFilter.doFilter(ObservationFilterChainDecorator.java:227)
	at org.springframework.security.web.ObservationFilterChainDecorator$VirtualFilterChain.doFilter(ObservationFilterChainDecorator.java:137)
	at org.springframework.security.web.session.DisableEncodeUrlFilter.doFilterInternal(DisableEncodeUrlFilter.java:42)
	at org.springframework.web.filter.OncePerRequestFilter.doFilter(OncePerRequestFilter.java:116)
	at org.springframework.security.web.ObservationFilterChainDecorator$ObservationFilter.wrapFilter(ObservationFilterChainDecorator.java:240)
	at org.springframework.security.web.ObservationFilterChainDecorator$AroundFilterObservation$SimpleAroundFilterObservation.lambda$wrap$0(ObservationFilterChainDecorator.java:323)
	at org.springframework.security.web.ObservationFilterChainDecorator$ObservationFilter.doFilter(ObservationFilterChainDecorator.java:224)
	at org.springframework.security.web.ObservationFilterChainDecorator$VirtualFilterChain.doFilter(ObservationFilterChainDecorator.java:137)
	at org.springframework.security.web.FilterChainProxy.doFilterInternal(FilterChainProxy.java:233)
	at org.springframework.security.web.FilterChainProxy.doFilter(FilterChainProxy.java:191)
	at org.springframework.web.filter.CompositeFilter$VirtualFilterChain.doFilter(CompositeFilter.java:113)
	at org.springframework.web.servlet.handler.HandlerMappingIntrospector.lambda$createCacheFilter$3(HandlerMappingIntrospector.java:243)
	at org.springframework.web.filter.CompositeFilter$VirtualFilterChain.doFilter(CompositeFilter.java:113)
	at org.springframework.web.filter.CompositeFilter.doFilter(CompositeFilter.java:74)
	at org.springframework.security.config.annotation.web.configuration.WebMvcSecurityConfiguration$CompositeFilterChainProxy.doFilter(WebMvcSecurityConfiguration.java:238)
	at org.springframework.web.filter.DelegatingFilterProxy.invokeDelegate(DelegatingFilterProxy.java:362)
	at org.springframework.web.filter.DelegatingFilterProxy.doFilter(DelegatingFilterProxy.java:278)
	at org.apache.catalina.core.ApplicationFilterChain.internalDoFilter(ApplicationFilterChain.java:164)
	at org.apache.catalina.core.ApplicationFilterChain.doFilter(ApplicationFilterChain.java:140)
	at org.springframework.web.filter.RequestContextFilter.doFilterInternal(RequestContextFilter.java:100)
	at org.springframework.web.filter.OncePerRequestFilter.doFilter(OncePerRequestFilter.java:116)
	at org.apache.catalina.core.ApplicationFilterChain.internalDoFilter(ApplicationFilterChain.java:164)
	at org.apache.catalina.core.ApplicationFilterChain.doFilter(ApplicationFilterChain.java:140)
	at org.springframework.web.filter.FormContentFilter.doFilterInternal(FormContentFilter.java:93)
	at org.springframework.web.filter.OncePerRequestFilter.doFilter(OncePerRequestFilter.java:116)
	at org.apache.catalina.core.ApplicationFilterChain.internalDoFilter(ApplicationFilterChain.java:164)
	at org.apache.catalina.core.ApplicationFilterChain.doFilter(ApplicationFilterChain.java:140)
	at org.springframework.web.filter.ServerHttpObservationFilter.doFilterInternal(ServerHttpObservationFilter.java:114)
	at org.springframework.web.filter.OncePerRequestFilter.doFilter(OncePerRequestFilter.java:116)
	at org.apache.catalina.core.ApplicationFilterChain.internalDoFilter(ApplicationFilterChain.java:164)
	at org.apache.catalina.core.ApplicationFilterChain.doFilter(ApplicationFilterChain.java:140)
	at org.springframework.web.filter.CharacterEncodingFilter.doFilterInternal(CharacterEncodingFilter.java:201)
	at org.springframework.web.filter.OncePerRequestFilter.doFilter(OncePerRequestFilter.java:116)
	at org.apache.catalina.core.ApplicationFilterChain.internalDoFilter(ApplicationFilterChain.java:164)
	at org.apache.catalina.core.ApplicationFilterChain.doFilter(ApplicationFilterChain.java:140)
	at org.apache.catalina.core.StandardWrapperValve.invoke(StandardWrapperValve.java:167)
	at org.apache.catalina.core.StandardContextValve.invoke(StandardContextValve.java:90)
	at org.apache.catalina.authenticator.AuthenticatorBase.invoke(AuthenticatorBase.java:483)
	at org.apache.catalina.core.StandardHostValve.invoke(StandardHostValve.java:115)
	at org.apache.catalina.valves.ErrorReportValve.invoke(ErrorReportValve.java:93)
	at org.apache.catalina.core.StandardEngineValve.invoke(StandardEngineValve.java:74)
	at org.apache.catalina.connector.CoyoteAdapter.service(CoyoteAdapter.java:344)
	at org.apache.coyote.http11.Http11Processor.service(Http11Processor.java:397)
	at org.apache.coyote.AbstractProcessorLight.process(AbstractProcessorLight.java:63)
	at org.apache.coyote.AbstractProtocol$ConnectionHandler.process(AbstractProtocol.java:905)
	at org.apache.tomcat.util.net.NioEndpoint$SocketProcessor.doRun(NioEndpoint.java:1741)
	at org.apache.tomcat.util.net.SocketProcessorBase.run(SocketProcessorBase.java:52)
	at org.apache.tomcat.util.threads.ThreadPoolExecutor.runWorker(ThreadPoolExecutor.java:1190)
	at org.apache.tomcat.util.threads.ThreadPoolExecutor$Worker.run(ThreadPoolExecutor.java:659)
	at org.apache.tomcat.util.threads.TaskThread$WrappingRunnable.run(TaskThread.java:63)
	at java.base/java.lang.Thread.run(Thread.java:1583)
Caused by: java.lang.IllegalStateException: org.hibernate.TransientPropertyValueException: Not-null property references a transient value - transient instance must be saved before current operation: com.finflow.modules.accounts.domain.AccountHolder.account -> com.finflow.modules.accounts.domain.Account
	at org.hibernate.internal.ExceptionConverterImpl.convert(ExceptionConverterImpl.java:157)
	at org.hibernate.internal.ExceptionConverterImpl.convert(ExceptionConverterImpl.java:167)
	at org.hibernate.internal.ExceptionConverterImpl.convert(ExceptionConverterImpl.java:173)
	at org.hibernate.internal.SessionImpl.fireMerge(SessionImpl.java:865)
	at org.hibernate.internal.SessionImpl.merge(SessionImpl.java:840)
	at java.base/jdk.internal.reflect.DirectMethodHandleAccessor.invoke(DirectMethodHandleAccessor.java:103)
	at java.base/java.lang.reflect.Method.invoke(Method.java:580)
	at org.springframework.orm.jpa.ExtendedEntityManagerCreator$ExtendedEntityManagerInvocationHandler.invoke(ExtendedEntityManagerCreator.java:364)
	at jdk.proxy2/jdk.proxy2.$Proxy191.merge(Unknown Source)
	at java.base/jdk.internal.reflect.DirectMethodHandleAccessor.invoke(DirectMethodHandleAccessor.java:103)
	at java.base/java.lang.reflect.Method.invoke(Method.java:580)
	at org.springframework.orm.jpa.SharedEntityManagerCreator$SharedEntityManagerInvocationHandler.invoke(SharedEntityManagerCreator.java:320)
	at jdk.proxy2/jdk.proxy2.$Proxy191.merge(Unknown Source)
	at org.springframework.data.jpa.repository.support.SimpleJpaRepository.save(SimpleJpaRepository.java:630)
	at java.base/jdk.internal.reflect.DirectMethodHandleAccessor.invoke(DirectMethodHandleAccessor.java:103)
	at java.base/java.lang.reflect.Method.invoke(Method.java:580)
	at org.springframework.aop.support.AopUtils.invokeJoinpointUsingReflection(AopUtils.java:359)
	at org.springframework.data.repository.core.support.RepositoryMethodInvoker$RepositoryFragmentMethodInvoker.lambda$new$0(RepositoryMethodInvoker.java:277)
	at org.springframework.data.repository.core.support.RepositoryMethodInvoker.doInvoke(RepositoryMethodInvoker.java:170)
	at org.springframework.data.repository.core.support.RepositoryMethodInvoker.invoke(RepositoryMethodInvoker.java:158)
	at org.springframework.data.repository.core.support.RepositoryComposition$RepositoryFragments.invoke(RepositoryComposition.java:515)
	at org.springframework.data.repository.core.support.RepositoryComposition.invoke(RepositoryComposition.java:284)
	at org.springframework.data.repository.core.support.RepositoryFactorySupport$ImplementationMethodExecutionInterceptor.invoke(RepositoryFactorySupport.java:752)
	at org.springframework.aop.framework.ReflectiveMethodInvocation.proceed(ReflectiveMethodInvocation.java:184)
	at org.springframework.data.repository.core.support.QueryExecutorMethodInterceptor.doInvoke(QueryExecutorMethodInterceptor.java:174)
	at org.springframework.data.repository.core.support.QueryExecutorMethodInterceptor.invoke(QueryExecutorMethodInterceptor.java:149)
	at org.springframework.aop.framework.ReflectiveMethodInvocation.proceed(ReflectiveMethodInvocation.java:184)
	at org.springframework.data.projection.DefaultMethodInvokingMethodInterceptor.invoke(DefaultMethodInvokingMethodInterceptor.java:69)
	at org.springframework.aop.framework.ReflectiveMethodInvocation.proceed(ReflectiveMethodInvocation.java:184)
	at org.springframework.transaction.interceptor.TransactionAspectSupport.invokeWithinTransaction(TransactionAspectSupport.java:380)
	at org.springframework.transaction.interceptor.TransactionInterceptor.invoke(TransactionInterceptor.java:119)
	at org.springframework.aop.framework.ReflectiveMethodInvocation.proceed(ReflectiveMethodInvocation.java:184)
	at org.springframework.dao.support.PersistenceExceptionTranslationInterceptor.invoke(PersistenceExceptionTranslationInterceptor.java:138)
	... 156 common frames omitted
Caused by: org.hibernate.TransientPropertyValueException: Not-null property references a transient value - transient instance must be saved before current operation: com.finflow.modules.accounts.domain.AccountHolder.account -> com.finflow.modules.accounts.domain.Account
	at org.hibernate.action.internal.UnresolvedEntityInsertActions.checkNoUnresolvedActionsAfterOperation(UnresolvedEntityInsertActions.java:123)
	at org.hibernate.engine.spi.ActionQueue.checkNoUnresolvedActionsAfterOperation(ActionQueue.java:461)
	at org.hibernate.internal.SessionImpl.checkNoUnresolvedActionsAfterOperation(SessionImpl.java:601)
	at org.hibernate.internal.SessionImpl.fireMerge(SessionImpl.java:855)
	... 185 common frames omitted
2026-07-30 13:31:23.341 [http-nio-8080-exec-7] DEBUG [] o.s.w.s.m.m.a.HttpEntityMethodProcessor - Using 'application/json', given [application/json, text/plain, */*] and supported [application/json, application/*+json, application/yaml]
2026-07-30 13:31:23.341 [http-nio-8080-exec-7] DEBUG [] o.s.w.s.m.m.a.HttpEntityMethodProcessor - Writing [ErrorResponse[success=false, code=INTERNAL_ERROR, message=An unexpected error occurred. Please try a (truncated)...]
2026-07-30 13:31:23.341 [http-nio-8080-exec-7] DEBUG [] o.s.w.s.m.m.a.ExceptionHandlerExceptionResolver - Resolved [org.springframework.dao.InvalidDataAccessApiUsageException: org.hibernate.TransientPropertyValueException: Not-null property references a transient value - transient instance must be saved before current operation: com.finflow.modules.accounts.domain.AccountHolder.account -> com.finflow.modules.accounts.domain.Account]
2026-07-30 13:31:23.341 [http-nio-8080-exec-7] DEBUG [] o.s.web.servlet.DispatcherServlet - Completed 500 INTERNAL_SERVER_ERROR
2026-07-30 13:31:33.625 [http-nio-8080-exec-10] DEBUG [] o.s.web.servlet.DispatcherServlet - POST "/api/v1/accounts", parameters={}
2026-07-30 13:31:33.625 [http-nio-8080-exec-10] DEBUG [] o.s.w.s.m.m.a.RequestMappingHandlerMapping - Mapped to com.finflow.modules.accounts.controller.AccountController#createAccount(CreateAccountRequest, String)
2026-07-30 13:31:33.627 [http-nio-8080-exec-10] DEBUG [] o.s.w.s.m.m.a.RequestResponseBodyMethodProcessor - Read "application/json;charset=UTF-8" to [CreateAccountRequest[accountType=SAVINGS, nickname=john, currency=usd]]
2026-07-30 13:31:33.627 [http-nio-8080-exec-10] INFO  [] c.f.m.a.controller.AccountController - Create account request: type=SAVINGS
2026-07-30 13:31:33.631 [http-nio-8080-exec-10] DEBUG [] org.hibernate.SQL - 
    /* <criteria> */ select
        a1_0.id 
    from
        finflow_accounts.accounts a1_0 
    where
        a1_0.account_number=? 
    limit
        ?
2026-07-30 13:31:33.633 [http-nio-8080-exec-10] INFO  [] c.f.m.a.service.AccountService - Account created: id=null, owner=a9e5c4ea-a970-4ae9-807a-5a9b68b218c3, type=SAVINGS
2026-07-30 13:31:33.633 [http-nio-8080-exec-10] WARN  [] o.h.a.i.UnresolvedEntityInsertActions - HHH000437: Attempting to save one or more entities that have a non-nullable association with an unsaved transient entity. The unsaved transient entity must be saved in an operation prior to saving these dependent entities.
	Unsaved transient entity: ([com.finflow.modules.accounts.domain.Account#<null>])
	Dependent entities: ([[com.finflow.modules.accounts.domain.AccountHolder#fc34456b-f101-432d-890c-e65e0b5136b6]])
	Non-nullable association(s): ([com.finflow.modules.accounts.domain.AccountHolder.account])
2026-07-30 13:31:33.633 [http-nio-8080-exec-10] DEBUG [] o.s.w.s.m.m.a.ExceptionHandlerExceptionResolver - Using @ExceptionHandler com.finflow.shared.exception.GlobalExceptionHandler#handleGenericException(Exception, WebRequest)
2026-07-30 13:31:33.633 [http-nio-8080-exec-10] ERROR [] c.f.s.e.GlobalExceptionHandler - [7184e3d6-1f24-4968-9bee-14b0559800d1] Unexpected error: org.hibernate.TransientPropertyValueException: Not-null property references a transient value - transient instance must be saved before current operation: com.finflow.modules.accounts.domain.AccountHolder.account -> com.finflow.modules.accounts.domain.Account
org.springframework.dao.InvalidDataAccessApiUsageException: org.hibernate.TransientPropertyValueException: Not-null property references a transient value - transient instance must be saved before current operation: com.finflow.modules.accounts.domain.AccountHolder.account -> com.finflow.modules.accounts.domain.Account
	at org.springframework.orm.jpa.EntityManagerFactoryUtils.convertJpaAccessExceptionIfPossible(EntityManagerFactoryUtils.java:368)
	at org.springframework.orm.jpa.vendor.HibernateJpaDialect.translateExceptionIfPossible(HibernateJpaDialect.java:246)
	at org.springframework.orm.jpa.AbstractEntityManagerFactoryBean.translateExceptionIfPossible(AbstractEntityManagerFactoryBean.java:560)
	at org.springframework.dao.support.ChainedPersistenceExceptionTranslator.translateExceptionIfPossible(ChainedPersistenceExceptionTranslator.java:61)
	at org.springframework.dao.support.DataAccessUtils.translateIfNecessary(DataAccessUtils.java:343)
	at org.springframework.dao.support.PersistenceExceptionTranslationInterceptor.invoke(PersistenceExceptionTranslationInterceptor.java:160)
	at org.springframework.aop.framework.ReflectiveMethodInvocation.proceed(ReflectiveMethodInvocation.java:184)
	at org.springframework.data.jpa.repository.support.CrudMethodMetadataPostProcessor$CrudMethodMetadataPopulatingMethodInterceptor.invoke(CrudMethodMetadataPostProcessor.java:165)
	at org.springframework.aop.framework.ReflectiveMethodInvocation.proceed(ReflectiveMethodInvocation.java:184)
	at org.springframework.aop.framework.JdkDynamicAopProxy.invoke(JdkDynamicAopProxy.java:223)
	at jdk.proxy2/jdk.proxy2.$Proxy198.save(Unknown Source)
	at com.finflow.modules.accounts.service.AccountService.createAccount(AccountService.java:67)
	at java.base/jdk.internal.reflect.DirectMethodHandleAccessor.invoke(DirectMethodHandleAccessor.java:103)
	at java.base/java.lang.reflect.Method.invoke(Method.java:580)
	at org.springframework.aop.support.AopUtils.invokeJoinpointUsingReflection(AopUtils.java:359)
	at org.springframework.aop.framework.ReflectiveMethodInvocation.invokeJoinpoint(ReflectiveMethodInvocation.java:196)
	at org.springframework.aop.framework.ReflectiveMethodInvocation.proceed(ReflectiveMethodInvocation.java:163)
	at org.springframework.transaction.interceptor.TransactionAspectSupport.invokeWithinTransaction(TransactionAspectSupport.java:380)
	at org.springframework.transaction.interceptor.TransactionInterceptor.invoke(TransactionInterceptor.java:119)
	at org.springframework.aop.framework.ReflectiveMethodInvocation.proceed(ReflectiveMethodInvocation.java:184)
	at org.springframework.aop.framework.CglibAopProxy$DynamicAdvisedInterceptor.intercept(CglibAopProxy.java:727)
	at com.finflow.modules.accounts.service.AccountService$$SpringCGLIB$$0.createAccount(<generated>)
	at com.finflow.modules.accounts.controller.AccountController.createAccount(AccountController.java:53)
	at java.base/jdk.internal.reflect.DirectMethodHandleAccessor.invoke(DirectMethodHandleAccessor.java:103)
	at java.base/java.lang.reflect.Method.invoke(Method.java:580)
	at org.springframework.web.method.support.InvocableHandlerMethod.doInvoke(InvocableHandlerMethod.java:257)
	at org.springframework.web.method.support.InvocableHandlerMethod.invokeForRequest(InvocableHandlerMethod.java:190)
	at org.springframework.web.servlet.mvc.method.annotation.ServletInvocableHandlerMethod.invokeAndHandle(ServletInvocableHandlerMethod.java:118)
	at org.springframework.web.servlet.mvc.method.annotation.RequestMappingHandlerAdapter.invokeHandlerMethod(RequestMappingHandlerAdapter.java:986)
	at org.springframework.web.servlet.mvc.method.annotation.RequestMappingHandlerAdapter.handleInternal(RequestMappingHandlerAdapter.java:891)
	at org.springframework.web.servlet.mvc.method.AbstractHandlerMethodAdapter.handle(AbstractHandlerMethodAdapter.java:87)
	at org.springframework.web.servlet.DispatcherServlet.doDispatch(DispatcherServlet.java:1088)
	at org.springframework.web.servlet.DispatcherServlet.doService(DispatcherServlet.java:978)
	at org.springframework.web.servlet.FrameworkServlet.processRequest(FrameworkServlet.java:1014)
	at org.springframework.web.servlet.FrameworkServlet.doPost(FrameworkServlet.java:914)
	at jakarta.servlet.http.HttpServlet.service(HttpServlet.java:590)
	at org.springframework.web.servlet.FrameworkServlet.service(FrameworkServlet.java:885)
	at jakarta.servlet.http.HttpServlet.service(HttpServlet.java:658)
	at org.apache.catalina.core.ApplicationFilterChain.internalDoFilter(ApplicationFilterChain.java:195)
	at org.apache.catalina.core.ApplicationFilterChain.doFilter(ApplicationFilterChain.java:140)
	at org.apache.tomcat.websocket.server.WsFilter.doFilter(WsFilter.java:51)
	at org.apache.catalina.core.ApplicationFilterChain.internalDoFilter(ApplicationFilterChain.java:164)
	at org.apache.catalina.core.ApplicationFilterChain.doFilter(ApplicationFilterChain.java:140)
	at org.springframework.web.filter.CorsFilter.doFilterInternal(CorsFilter.java:91)
	at org.springframework.web.filter.OncePerRequestFilter.doFilter(OncePerRequestFilter.java:116)
	at org.apache.catalina.core.ApplicationFilterChain.internalDoFilter(ApplicationFilterChain.java:164)
	at org.apache.catalina.core.ApplicationFilterChain.doFilter(ApplicationFilterChain.java:140)
	at org.springframework.web.filter.OncePerRequestFilter.doFilter(OncePerRequestFilter.java:110)
	at org.apache.catalina.core.ApplicationFilterChain.internalDoFilter(ApplicationFilterChain.java:164)
	at org.apache.catalina.core.ApplicationFilterChain.doFilter(ApplicationFilterChain.java:140)
	at org.springframework.web.filter.CompositeFilter$VirtualFilterChain.doFilter(CompositeFilter.java:108)
	at org.springframework.security.web.FilterChainProxy.lambda$doFilterInternal$3(FilterChainProxy.java:231)
	at org.springframework.security.web.ObservationFilterChainDecorator$FilterObservation$SimpleFilterObservation.lambda$wrap$1(ObservationFilterChainDecorator.java:479)
	at org.springframework.security.web.ObservationFilterChainDecorator$AroundFilterObservation$SimpleAroundFilterObservation.lambda$wrap$1(ObservationFilterChainDecorator.java:340)
	at org.springframework.security.web.ObservationFilterChainDecorator.lambda$wrapSecured$0(ObservationFilterChainDecorator.java:82)
	at org.springframework.security.web.ObservationFilterChainDecorator$VirtualFilterChain.doFilter(ObservationFilterChainDecorator.java:128)
	at org.springframework.security.web.access.intercept.AuthorizationFilter.doFilter(AuthorizationFilter.java:101)
	at org.springframework.security.web.ObservationFilterChainDecorator$ObservationFilter.wrapFilter(ObservationFilterChainDecorator.java:240)
	at org.springframework.security.web.ObservationFilterChainDecorator$ObservationFilter.doFilter(ObservationFilterChainDecorator.java:227)
	at org.springframework.security.web.ObservationFilterChainDecorator$VirtualFilterChain.doFilter(ObservationFilterChainDecorator.java:137)
	at org.springframework.security.web.access.ExceptionTranslationFilter.doFilter(ExceptionTranslationFilter.java:126)
	at org.springframework.security.web.access.ExceptionTranslationFilter.doFilter(ExceptionTranslationFilter.java:120)
	at org.springframework.security.web.ObservationFilterChainDecorator$ObservationFilter.wrapFilter(ObservationFilterChainDecorator.java:240)
	at org.springframework.security.web.ObservationFilterChainDecorator$ObservationFilter.doFilter(ObservationFilterChainDecorator.java:227)
	at org.springframework.security.web.ObservationFilterChainDecorator$VirtualFilterChain.doFilter(ObservationFilterChainDecorator.java:137)
	at org.springframework.security.web.session.SessionManagementFilter.doFilter(SessionManagementFilter.java:131)
	at org.springframework.security.web.session.SessionManagementFilter.doFilter(SessionManagementFilter.java:85)
	at org.springframework.security.web.ObservationFilterChainDecorator$ObservationFilter.wrapFilter(ObservationFilterChainDecorator.java:240)
	at org.springframework.security.web.ObservationFilterChainDecorator$ObservationFilter.doFilter(ObservationFilterChainDecorator.java:227)
	at org.springframework.security.web.ObservationFilterChainDecorator$VirtualFilterChain.doFilter(ObservationFilterChainDecorator.java:137)
	at org.springframework.security.web.authentication.AnonymousAuthenticationFilter.doFilter(AnonymousAuthenticationFilter.java:100)
	at org.springframework.security.web.ObservationFilterChainDecorator$ObservationFilter.wrapFilter(ObservationFilterChainDecorator.java:240)
	at org.springframework.security.web.ObservationFilterChainDecorator$ObservationFilter.doFilter(ObservationFilterChainDecorator.java:227)
	at org.springframework.security.web.ObservationFilterChainDecorator$VirtualFilterChain.doFilter(ObservationFilterChainDecorator.java:137)
	at org.springframework.security.web.servletapi.SecurityContextHolderAwareRequestFilter.doFilter(SecurityContextHolderAwareRequestFilter.java:179)
	at org.springframework.security.web.ObservationFilterChainDecorator$ObservationFilter.wrapFilter(ObservationFilterChainDecorator.java:240)
	at org.springframework.security.web.ObservationFilterChainDecorator$ObservationFilter.doFilter(ObservationFilterChainDecorator.java:227)
	at org.springframework.security.web.ObservationFilterChainDecorator$VirtualFilterChain.doFilter(ObservationFilterChainDecorator.java:137)
	at org.springframework.security.web.savedrequest.RequestCacheAwareFilter.doFilter(RequestCacheAwareFilter.java:63)
	at org.springframework.security.web.ObservationFilterChainDecorator$ObservationFilter.wrapFilter(ObservationFilterChainDecorator.java:240)
	at org.springframework.security.web.ObservationFilterChainDecorator$ObservationFilter.doFilter(ObservationFilterChainDecorator.java:227)
	at org.springframework.security.web.ObservationFilterChainDecorator$VirtualFilterChain.doFilter(ObservationFilterChainDecorator.java:137)
	at com.finflow.shared.config.JwtAuthenticationFilter.doFilterInternal(JwtAuthenticationFilter.java:74)
	at org.springframework.web.filter.OncePerRequestFilter.doFilter(OncePerRequestFilter.java:116)
	at org.springframework.security.web.ObservationFilterChainDecorator$ObservationFilter.wrapFilter(ObservationFilterChainDecorator.java:240)
	at org.springframework.security.web.ObservationFilterChainDecorator$ObservationFilter.doFilter(ObservationFilterChainDecorator.java:227)
	at org.springframework.security.web.ObservationFilterChainDecorator$VirtualFilterChain.doFilter(ObservationFilterChainDecorator.java:137)
	at org.springframework.security.web.authentication.logout.LogoutFilter.doFilter(LogoutFilter.java:107)
	at org.springframework.security.web.authentication.logout.LogoutFilter.doFilter(LogoutFilter.java:93)
	at org.springframework.security.web.ObservationFilterChainDecorator$ObservationFilter.wrapFilter(ObservationFilterChainDecorator.java:240)
	at org.springframework.security.web.ObservationFilterChainDecorator$ObservationFilter.doFilter(ObservationFilterChainDecorator.java:227)
	at org.springframework.security.web.ObservationFilterChainDecorator$VirtualFilterChain.doFilter(ObservationFilterChainDecorator.java:137)
	at org.springframework.web.filter.CorsFilter.doFilterInternal(CorsFilter.java:91)
	at org.springframework.web.filter.OncePerRequestFilter.doFilter(OncePerRequestFilter.java:116)
	at org.springframework.security.web.ObservationFilterChainDecorator$ObservationFilter.wrapFilter(ObservationFilterChainDecorator.java:240)
	at org.springframework.security.web.ObservationFilterChainDecorator$ObservationFilter.doFilter(ObservationFilterChainDecorator.java:227)
	at org.springframework.security.web.ObservationFilterChainDecorator$VirtualFilterChain.doFilter(ObservationFilterChainDecorator.java:137)
	at org.springframework.security.web.header.HeaderWriterFilter.doHeadersAfter(HeaderWriterFilter.java:90)
	at org.springframework.security.web.header.HeaderWriterFilter.doFilterInternal(HeaderWriterFilter.java:75)
	at org.springframework.web.filter.OncePerRequestFilter.doFilter(OncePerRequestFilter.java:116)
	at org.springframework.security.web.ObservationFilterChainDecorator$ObservationFilter.wrapFilter(ObservationFilterChainDecorator.java:240)
	at org.springframework.security.web.ObservationFilterChainDecorator$ObservationFilter.doFilter(ObservationFilterChainDecorator.java:227)
	at org.springframework.security.web.ObservationFilterChainDecorator$VirtualFilterChain.doFilter(ObservationFilterChainDecorator.java:137)
	at org.springframework.security.web.context.SecurityContextHolderFilter.doFilter(SecurityContextHolderFilter.java:82)
	at org.springframework.security.web.context.SecurityContextHolderFilter.doFilter(SecurityContextHolderFilter.java:69)
	at org.springframework.security.web.ObservationFilterChainDecorator$ObservationFilter.wrapFilter(ObservationFilterChainDecorator.java:240)
	at org.springframework.security.web.ObservationFilterChainDecorator$ObservationFilter.doFilter(ObservationFilterChainDecorator.java:227)
	at org.springframework.security.web.ObservationFilterChainDecorator$VirtualFilterChain.doFilter(ObservationFilterChainDecorator.java:137)
	at org.springframework.security.web.context.request.async.WebAsyncManagerIntegrationFilter.doFilterInternal(WebAsyncManagerIntegrationFilter.java:62)
	at org.springframework.web.filter.OncePerRequestFilter.doFilter(OncePerRequestFilter.java:116)
	at org.springframework.security.web.ObservationFilterChainDecorator$ObservationFilter.wrapFilter(ObservationFilterChainDecorator.java:240)
	at org.springframework.security.web.ObservationFilterChainDecorator$ObservationFilter.doFilter(ObservationFilterChainDecorator.java:227)
	at org.springframework.security.web.ObservationFilterChainDecorator$VirtualFilterChain.doFilter(ObservationFilterChainDecorator.java:137)
	at org.springframework.security.web.session.DisableEncodeUrlFilter.doFilterInternal(DisableEncodeUrlFilter.java:42)
	at org.springframework.web.filter.OncePerRequestFilter.doFilter(OncePerRequestFilter.java:116)
	at org.springframework.security.web.ObservationFilterChainDecorator$ObservationFilter.wrapFilter(ObservationFilterChainDecorator.java:240)
	at org.springframework.security.web.ObservationFilterChainDecorator$AroundFilterObservation$SimpleAroundFilterObservation.lambda$wrap$0(ObservationFilterChainDecorator.java:323)
	at org.springframework.security.web.ObservationFilterChainDecorator$ObservationFilter.doFilter(ObservationFilterChainDecorator.java:224)
	at org.springframework.security.web.ObservationFilterChainDecorator$VirtualFilterChain.doFilter(ObservationFilterChainDecorator.java:137)
	at org.springframework.security.web.FilterChainProxy.doFilterInternal(FilterChainProxy.java:233)
	at org.springframework.security.web.FilterChainProxy.doFilter(FilterChainProxy.java:191)
	at org.springframework.web.filter.CompositeFilter$VirtualFilterChain.doFilter(CompositeFilter.java:113)
	at org.springframework.web.servlet.handler.HandlerMappingIntrospector.lambda$createCacheFilter$3(HandlerMappingIntrospector.java:243)
	at org.springframework.web.filter.CompositeFilter$VirtualFilterChain.doFilter(CompositeFilter.java:113)
	at org.springframework.web.filter.CompositeFilter.doFilter(CompositeFilter.java:74)
	at org.springframework.security.config.annotation.web.configuration.WebMvcSecurityConfiguration$CompositeFilterChainProxy.doFilter(WebMvcSecurityConfiguration.java:238)
	at org.springframework.web.filter.DelegatingFilterProxy.invokeDelegate(DelegatingFilterProxy.java:362)
	at org.springframework.web.filter.DelegatingFilterProxy.doFilter(DelegatingFilterProxy.java:278)
	at org.apache.catalina.core.ApplicationFilterChain.internalDoFilter(ApplicationFilterChain.java:164)
	at org.apache.catalina.core.ApplicationFilterChain.doFilter(ApplicationFilterChain.java:140)
	at org.springframework.web.filter.RequestContextFilter.doFilterInternal(RequestContextFilter.java:100)
	at org.springframework.web.filter.OncePerRequestFilter.doFilter(OncePerRequestFilter.java:116)
	at org.apache.catalina.core.ApplicationFilterChain.internalDoFilter(ApplicationFilterChain.java:164)
	at org.apache.catalina.core.ApplicationFilterChain.doFilter(ApplicationFilterChain.java:140)
	at org.springframework.web.filter.FormContentFilter.doFilterInternal(FormContentFilter.java:93)
	at org.springframework.web.filter.OncePerRequestFilter.doFilter(OncePerRequestFilter.java:116)
	at org.apache.catalina.core.ApplicationFilterChain.internalDoFilter(ApplicationFilterChain.java:164)
	at org.apache.catalina.core.ApplicationFilterChain.doFilter(ApplicationFilterChain.java:140)
	at org.springframework.web.filter.ServerHttpObservationFilter.doFilterInternal(ServerHttpObservationFilter.java:114)
	at org.springframework.web.filter.OncePerRequestFilter.doFilter(OncePerRequestFilter.java:116)
	at org.apache.catalina.core.ApplicationFilterChain.internalDoFilter(ApplicationFilterChain.java:164)
	at org.apache.catalina.core.ApplicationFilterChain.doFilter(ApplicationFilterChain.java:140)
	at org.springframework.web.filter.CharacterEncodingFilter.doFilterInternal(CharacterEncodingFilter.java:201)
	at org.springframework.web.filter.OncePerRequestFilter.doFilter(OncePerRequestFilter.java:116)
	at org.apache.catalina.core.ApplicationFilterChain.internalDoFilter(ApplicationFilterChain.java:164)
	at org.apache.catalina.core.ApplicationFilterChain.doFilter(ApplicationFilterChain.java:140)
	at org.apache.catalina.core.StandardWrapperValve.invoke(StandardWrapperValve.java:167)
	at org.apache.catalina.core.StandardContextValve.invoke(StandardContextValve.java:90)
	at org.apache.catalina.authenticator.AuthenticatorBase.invoke(AuthenticatorBase.java:483)
	at org.apache.catalina.core.StandardHostValve.invoke(StandardHostValve.java:115)
	at org.apache.catalina.valves.ErrorReportValve.invoke(ErrorReportValve.java:93)
	at org.apache.catalina.core.StandardEngineValve.invoke(StandardEngineValve.java:74)
	at org.apache.catalina.connector.CoyoteAdapter.service(CoyoteAdapter.java:344)
	at org.apache.coyote.http11.Http11Processor.service(Http11Processor.java:397)
	at org.apache.coyote.AbstractProcessorLight.process(AbstractProcessorLight.java:63)
	at org.apache.coyote.AbstractProtocol$ConnectionHandler.process(AbstractProtocol.java:905)
	at org.apache.tomcat.util.net.NioEndpoint$SocketProcessor.doRun(NioEndpoint.java:1741)
	at org.apache.tomcat.util.net.SocketProcessorBase.run(SocketProcessorBase.java:52)
	at org.apache.tomcat.util.threads.ThreadPoolExecutor.runWorker(ThreadPoolExecutor.java:1190)
	at org.apache.tomcat.util.threads.ThreadPoolExecutor$Worker.run(ThreadPoolExecutor.java:659)
	at org.apache.tomcat.util.threads.TaskThread$WrappingRunnable.run(TaskThread.java:63)
	at java.base/java.lang.Thread.run(Thread.java:1583)
Caused by: java.lang.IllegalStateException: org.hibernate.TransientPropertyValueException: Not-null property references a transient value - transient instance must be saved before current operation: com.finflow.modules.accounts.domain.AccountHolder.account -> com.finflow.modules.accounts.domain.Account
	at org.hibernate.internal.ExceptionConverterImpl.convert(ExceptionConverterImpl.java:157)
	at org.hibernate.internal.ExceptionConverterImpl.convert(ExceptionConverterImpl.java:167)
	at org.hibernate.internal.ExceptionConverterImpl.convert(ExceptionConverterImpl.java:173)
	at org.hibernate.internal.SessionImpl.fireMerge(SessionImpl.java:865)
	at org.hibernate.internal.SessionImpl.merge(SessionImpl.java:840)
	at java.base/jdk.internal.reflect.DirectMethodHandleAccessor.invoke(DirectMethodHandleAccessor.java:103)
	at java.base/java.lang.reflect.Method.invoke(Method.java:580)
	at org.springframework.orm.jpa.ExtendedEntityManagerCreator$ExtendedEntityManagerInvocationHandler.invoke(ExtendedEntityManagerCreator.java:364)
	at jdk.proxy2/jdk.proxy2.$Proxy191.merge(Unknown Source)
	at java.base/jdk.internal.reflect.DirectMethodHandleAccessor.invoke(DirectMethodHandleAccessor.java:103)
	at java.base/java.lang.reflect.Method.invoke(Method.java:580)
	at org.springframework.orm.jpa.SharedEntityManagerCreator$SharedEntityManagerInvocationHandler.invoke(SharedEntityManagerCreator.java:320)
	at jdk.proxy2/jdk.proxy2.$Proxy191.merge(Unknown Source)
	at org.springframework.data.jpa.repository.support.SimpleJpaRepository.save(SimpleJpaRepository.java:630)
	at java.base/jdk.internal.reflect.DirectMethodHandleAccessor.invoke(DirectMethodHandleAccessor.java:103)
	at java.base/java.lang.reflect.Method.invoke(Method.java:580)
	at org.springframework.aop.support.AopUtils.invokeJoinpointUsingReflection(AopUtils.java:359)
	at org.springframework.data.repository.core.support.RepositoryMethodInvoker$RepositoryFragmentMethodInvoker.lambda$new$0(RepositoryMethodInvoker.java:277)
	at org.springframework.data.repository.core.support.RepositoryMethodInvoker.doInvoke(RepositoryMethodInvoker.java:170)
	at org.springframework.data.repository.core.support.RepositoryMethodInvoker.invoke(RepositoryMethodInvoker.java:158)
	at org.springframework.data.repository.core.support.RepositoryComposition$RepositoryFragments.invoke(RepositoryComposition.java:515)
	at org.springframework.data.repository.core.support.RepositoryComposition.invoke(RepositoryComposition.java:284)
	at org.springframework.data.repository.core.support.RepositoryFactorySupport$ImplementationMethodExecutionInterceptor.invoke(RepositoryFactorySupport.java:752)
	at org.springframework.aop.framework.ReflectiveMethodInvocation.proceed(ReflectiveMethodInvocation.java:184)
	at org.springframework.data.repository.core.support.QueryExecutorMethodInterceptor.doInvoke(QueryExecutorMethodInterceptor.java:174)
	at org.springframework.data.repository.core.support.QueryExecutorMethodInterceptor.invoke(QueryExecutorMethodInterceptor.java:149)
	at org.springframework.aop.framework.ReflectiveMethodInvocation.proceed(ReflectiveMethodInvocation.java:184)
	at org.springframework.data.projection.DefaultMethodInvokingMethodInterceptor.invoke(DefaultMethodInvokingMethodInterceptor.java:69)
	at org.springframework.aop.framework.ReflectiveMethodInvocation.proceed(ReflectiveMethodInvocation.java:184)
	at org.springframework.transaction.interceptor.TransactionAspectSupport.invokeWithinTransaction(TransactionAspectSupport.java:380)
	at org.springframework.transaction.interceptor.TransactionInterceptor.invoke(TransactionInterceptor.java:119)
	at org.springframework.aop.framework.ReflectiveMethodInvocation.proceed(ReflectiveMethodInvocation.java:184)
	at org.springframework.dao.support.PersistenceExceptionTranslationInterceptor.invoke(PersistenceExceptionTranslationInterceptor.java:138)
	... 156 common frames omitted
Caused by: org.hibernate.TransientPropertyValueException: Not-null property references a transient value - transient instance must be saved before current operation: com.finflow.modules.accounts.domain.AccountHolder.account -> com.finflow.modules.accounts.domain.Account
	at org.hibernate.action.internal.UnresolvedEntityInsertActions.checkNoUnresolvedActionsAfterOperation(UnresolvedEntityInsertActions.java:123)
	at org.hibernate.engine.spi.ActionQueue.checkNoUnresolvedActionsAfterOperation(ActionQueue.java:461)
	at org.hibernate.internal.SessionImpl.checkNoUnresolvedActionsAfterOperation(SessionImpl.java:601)
	at org.hibernate.internal.SessionImpl.fireMerge(SessionImpl.java:855)
	... 185 common frames omitted
2026-07-30 13:31:33.641 [http-nio-8080-exec-10] DEBUG [] o.s.w.s.m.m.a.HttpEntityMethodProcessor - Using 'application/json', given [application/json, text/plain, */*] and supported [application/json, application/*+json, application/yaml]
2026-07-30 13:31:33.641 [http-nio-8080-exec-10] DEBUG [] o.s.w.s.m.m.a.HttpEntityMethodProcessor - Writing [ErrorResponse[success=false, code=INTERNAL_ERROR, message=An unexpected error occurred. Please try a (truncated)...]
2026-07-30 13:31:33.641 [http-nio-8080-exec-10] DEBUG [] o.s.w.s.m.m.a.ExceptionHandlerExceptionResolver - Resolved [org.springframework.dao.InvalidDataAccessApiUsageException: org.hibernate.TransientPropertyValueException: Not-null property references a transient value - transient instance must be saved before current operation: com.finflow.modules.accounts.domain.AccountHolder.account -> com.finflow.modules.accounts.domain.Account]
2026-07-30 13:31:33.641 [http-nio-8080-exec-10] DEBUG [] o.s.web.servlet.DispatcherServlet - Completed 500 INTERNAL_SERVER_ERROR
2026-07-30 13:31:40.404 [http-nio-8080-exec-1] DEBUG [] o.s.web.servlet.DispatcherServlet - POST "/api/v1/accounts", parameters={}
2026-07-30 13:31:40.405 [http-nio-8080-exec-1] DEBUG [] o.s.w.s.m.m.a.RequestMappingHandlerMapping - Mapped to com.finflow.modules.accounts.controller.AccountController#createAccount(CreateAccountRequest, String)
2026-07-30 13:31:40.405 [http-nio-8080-exec-1] DEBUG [] o.s.w.s.m.m.a.RequestResponseBodyMethodProcessor - Read "application/json;charset=UTF-8" to [CreateAccountRequest[accountType=SAVINGS, nickname=john, currency=USD]]
2026-07-30 13:31:40.407 [http-nio-8080-exec-1] INFO  [] c.f.m.a.controller.AccountController - Create account request: type=SAVINGS
2026-07-30 13:31:40.409 [http-nio-8080-exec-1] DEBUG [] org.hibernate.SQL - 
    /* <criteria> */ select
        a1_0.id 
    from
        finflow_accounts.accounts a1_0 
    where
        a1_0.account_number=? 
    limit
        ?
2026-07-30 13:31:40.412 [http-nio-8080-exec-1] INFO  [] c.f.m.a.service.AccountService - Account created: id=null, owner=a9e5c4ea-a970-4ae9-807a-5a9b68b218c3, type=SAVINGS
2026-07-30 13:31:40.413 [http-nio-8080-exec-1] WARN  [] o.h.a.i.UnresolvedEntityInsertActions - HHH000437: Attempting to save one or more entities that have a non-nullable association with an unsaved transient entity. The unsaved transient entity must be saved in an operation prior to saving these dependent entities.
	Unsaved transient entity: ([com.finflow.modules.accounts.domain.Account#<null>])
	Dependent entities: ([[com.finflow.modules.accounts.domain.AccountHolder#e4d19bc2-54ef-4add-9a93-cd95d873a6ec]])
	Non-nullable association(s): ([com.finflow.modules.accounts.domain.AccountHolder.account])
2026-07-30 13:31:40.413 [http-nio-8080-exec-1] DEBUG [] o.s.w.s.m.m.a.ExceptionHandlerExceptionResolver - Using @ExceptionHandler com.finflow.shared.exception.GlobalExceptionHandler#handleGenericException(Exception, WebRequest)
2026-07-30 13:31:40.413 [http-nio-8080-exec-1] ERROR [] c.f.s.e.GlobalExceptionHandler - [b8cf5d3f-c3de-4d76-af27-c393332d7fbd] Unexpected error: org.hibernate.TransientPropertyValueException: Not-null property references a transient value - transient instance must be saved before current operation: com.finflow.modules.accounts.domain.AccountHolder.account -> com.finflow.modules.accounts.domain.Account
org.springframework.dao.InvalidDataAccessApiUsageException: org.hibernate.TransientPropertyValueException: Not-null property references a transient value - transient instance must be saved before current operation: com.finflow.modules.accounts.domain.AccountHolder.account -> com.finflow.modules.accounts.domain.Account
	at org.springframework.orm.jpa.EntityManagerFactoryUtils.convertJpaAccessExceptionIfPossible(EntityManagerFactoryUtils.java:368)
	at org.springframework.orm.jpa.vendor.HibernateJpaDialect.translateExceptionIfPossible(HibernateJpaDialect.java:246)
	at org.springframework.orm.jpa.AbstractEntityManagerFactoryBean.translateExceptionIfPossible(AbstractEntityManagerFactoryBean.java:560)
	at org.springframework.dao.support.ChainedPersistenceExceptionTranslator.translateExceptionIfPossible(ChainedPersistenceExceptionTranslator.java:61)
	at org.springframework.dao.support.DataAccessUtils.translateIfNecessary(DataAccessUtils.java:343)
	at org.springframework.dao.support.PersistenceExceptionTranslationInterceptor.invoke(PersistenceExceptionTranslationInterceptor.java:160)
	at org.springframework.aop.framework.ReflectiveMethodInvocation.proceed(ReflectiveMethodInvocation.java:184)
	at org.springframework.data.jpa.repository.support.CrudMethodMetadataPostProcessor$CrudMethodMetadataPopulatingMethodInterceptor.invoke(CrudMethodMetadataPostProcessor.java:165)
	at org.springframework.aop.framework.ReflectiveMethodInvocation.proceed(ReflectiveMethodInvocation.java:184)
	at org.springframework.aop.framework.JdkDynamicAopProxy.invoke(JdkDynamicAopProxy.java:223)
	at jdk.proxy2/jdk.proxy2.$Proxy198.save(Unknown Source)
	at com.finflow.modules.accounts.service.AccountService.createAccount(AccountService.java:67)
	at java.base/jdk.internal.reflect.DirectMethodHandleAccessor.invoke(DirectMethodHandleAccessor.java:103)
	at java.base/java.lang.reflect.Method.invoke(Method.java:580)
	at org.springframework.aop.support.AopUtils.invokeJoinpointUsingReflection(AopUtils.java:359)
	at org.springframework.aop.framework.ReflectiveMethodInvocation.invokeJoinpoint(ReflectiveMethodInvocation.java:196)
	at org.springframework.aop.framework.ReflectiveMethodInvocation.proceed(ReflectiveMethodInvocation.java:163)
	at org.springframework.transaction.interceptor.TransactionAspectSupport.invokeWithinTransaction(TransactionAspectSupport.java:380)
	at org.springframework.transaction.interceptor.TransactionInterceptor.invoke(TransactionInterceptor.java:119)
	at org.springframework.aop.framework.ReflectiveMethodInvocation.proceed(ReflectiveMethodInvocation.java:184)
	at org.springframework.aop.framework.CglibAopProxy$DynamicAdvisedInterceptor.intercept(CglibAopProxy.java:727)
	at com.finflow.modules.accounts.service.AccountService$$SpringCGLIB$$0.createAccount(<generated>)
	at com.finflow.modules.accounts.controller.AccountController.createAccount(AccountController.java:53)
	at java.base/jdk.internal.reflect.DirectMethodHandleAccessor.invoke(DirectMethodHandleAccessor.java:103)
	at java.base/java.lang.reflect.Method.invoke(Method.java:580)
	at org.springframework.web.method.support.InvocableHandlerMethod.doInvoke(InvocableHandlerMethod.java:257)
	at org.springframework.web.method.support.InvocableHandlerMethod.invokeForRequest(InvocableHandlerMethod.java:190)
	at org.springframework.web.servlet.mvc.method.annotation.ServletInvocableHandlerMethod.invokeAndHandle(ServletInvocableHandlerMethod.java:118)
	at org.springframework.web.servlet.mvc.method.annotation.RequestMappingHandlerAdapter.invokeHandlerMethod(RequestMappingHandlerAdapter.java:986)
	at org.springframework.web.servlet.mvc.method.annotation.RequestMappingHandlerAdapter.handleInternal(RequestMappingHandlerAdapter.java:891)
	at org.springframework.web.servlet.mvc.method.AbstractHandlerMethodAdapter.handle(AbstractHandlerMethodAdapter.java:87)
	at org.springframework.web.servlet.DispatcherServlet.doDispatch(DispatcherServlet.java:1088)
	at org.springframework.web.servlet.DispatcherServlet.doService(DispatcherServlet.java:978)
	at org.springframework.web.servlet.FrameworkServlet.processRequest(FrameworkServlet.java:1014)
	at org.springframework.web.servlet.FrameworkServlet.doPost(FrameworkServlet.java:914)
	at jakarta.servlet.http.HttpServlet.service(HttpServlet.java:590)
	at org.springframework.web.servlet.FrameworkServlet.service(FrameworkServlet.java:885)
	at jakarta.servlet.http.HttpServlet.service(HttpServlet.java:658)
	at org.apache.catalina.core.ApplicationFilterChain.internalDoFilter(ApplicationFilterChain.java:195)
	at org.apache.catalina.core.ApplicationFilterChain.doFilter(ApplicationFilterChain.java:140)
	at org.apache.tomcat.websocket.server.WsFilter.doFilter(WsFilter.java:51)
	at org.apache.catalina.core.ApplicationFilterChain.internalDoFilter(ApplicationFilterChain.java:164)
	at org.apache.catalina.core.ApplicationFilterChain.doFilter(ApplicationFilterChain.java:140)
	at org.springframework.web.filter.CorsFilter.doFilterInternal(CorsFilter.java:91)
	at org.springframework.web.filter.OncePerRequestFilter.doFilter(OncePerRequestFilter.java:116)
	at org.apache.catalina.core.ApplicationFilterChain.internalDoFilter(ApplicationFilterChain.java:164)
	at org.apache.catalina.core.ApplicationFilterChain.doFilter(ApplicationFilterChain.java:140)
	at org.springframework.web.filter.OncePerRequestFilter.doFilter(OncePerRequestFilter.java:110)
	at org.apache.catalina.core.ApplicationFilterChain.internalDoFilter(ApplicationFilterChain.java:164)
	at org.apache.catalina.core.ApplicationFilterChain.doFilter(ApplicationFilterChain.java:140)
	at org.springframework.web.filter.CompositeFilter$VirtualFilterChain.doFilter(CompositeFilter.java:108)
	at org.springframework.security.web.FilterChainProxy.lambda$doFilterInternal$3(FilterChainProxy.java:231)
	at org.springframework.security.web.ObservationFilterChainDecorator$FilterObservation$SimpleFilterObservation.lambda$wrap$1(ObservationFilterChainDecorator.java:479)
	at org.springframework.security.web.ObservationFilterChainDecorator$AroundFilterObservation$SimpleAroundFilterObservation.lambda$wrap$1(ObservationFilterChainDecorator.java:340)
	at org.springframework.security.web.ObservationFilterChainDecorator.lambda$wrapSecured$0(ObservationFilterChainDecorator.java:82)
	at org.springframework.security.web.ObservationFilterChainDecorator$VirtualFilterChain.doFilter(ObservationFilterChainDecorator.java:128)
	at org.springframework.security.web.access.intercept.AuthorizationFilter.doFilter(AuthorizationFilter.java:101)
	at org.springframework.security.web.ObservationFilterChainDecorator$ObservationFilter.wrapFilter(ObservationFilterChainDecorator.java:240)
	at org.springframework.security.web.ObservationFilterChainDecorator$ObservationFilter.doFilter(ObservationFilterChainDecorator.java:227)
	at org.springframework.security.web.ObservationFilterChainDecorator$VirtualFilterChain.doFilter(ObservationFilterChainDecorator.java:137)
	at org.springframework.security.web.access.ExceptionTranslationFilter.doFilter(ExceptionTranslationFilter.java:126)
	at org.springframework.security.web.access.ExceptionTranslationFilter.doFilter(ExceptionTranslationFilter.java:120)
	at org.springframework.security.web.ObservationFilterChainDecorator$ObservationFilter.wrapFilter(ObservationFilterChainDecorator.java:240)
	at org.springframework.security.web.ObservationFilterChainDecorator$ObservationFilter.doFilter(ObservationFilterChainDecorator.java:227)
	at org.springframework.security.web.ObservationFilterChainDecorator$VirtualFilterChain.doFilter(ObservationFilterChainDecorator.java:137)
	at org.springframework.security.web.session.SessionManagementFilter.doFilter(SessionManagementFilter.java:131)
	at org.springframework.security.web.session.SessionManagementFilter.doFilter(SessionManagementFilter.java:85)
	at org.springframework.security.web.ObservationFilterChainDecorator$ObservationFilter.wrapFilter(ObservationFilterChainDecorator.java:240)
	at org.springframework.security.web.ObservationFilterChainDecorator$ObservationFilter.doFilter(ObservationFilterChainDecorator.java:227)
	at org.springframework.security.web.ObservationFilterChainDecorator$VirtualFilterChain.doFilter(ObservationFilterChainDecorator.java:137)
	at org.springframework.security.web.authentication.AnonymousAuthenticationFilter.doFilter(AnonymousAuthenticationFilter.java:100)
	at org.springframework.security.web.ObservationFilterChainDecorator$ObservationFilter.wrapFilter(ObservationFilterChainDecorator.java:240)
	at org.springframework.security.web.ObservationFilterChainDecorator$ObservationFilter.doFilter(ObservationFilterChainDecorator.java:227)
	at org.springframework.security.web.ObservationFilterChainDecorator$VirtualFilterChain.doFilter(ObservationFilterChainDecorator.java:137)
	at org.springframework.security.web.servletapi.SecurityContextHolderAwareRequestFilter.doFilter(SecurityContextHolderAwareRequestFilter.java:179)
	at org.springframework.security.web.ObservationFilterChainDecorator$ObservationFilter.wrapFilter(ObservationFilterChainDecorator.java:240)
	at org.springframework.security.web.ObservationFilterChainDecorator$ObservationFilter.doFilter(ObservationFilterChainDecorator.java:227)
	at org.springframework.security.web.ObservationFilterChainDecorator$VirtualFilterChain.doFilter(ObservationFilterChainDecorator.java:137)
	at org.springframework.security.web.savedrequest.RequestCacheAwareFilter.doFilter(RequestCacheAwareFilter.java:63)
	at org.springframework.security.web.ObservationFilterChainDecorator$ObservationFilter.wrapFilter(ObservationFilterChainDecorator.java:240)
	at org.springframework.security.web.ObservationFilterChainDecorator$ObservationFilter.doFilter(ObservationFilterChainDecorator.java:227)
	at org.springframework.security.web.ObservationFilterChainDecorator$VirtualFilterChain.doFilter(ObservationFilterChainDecorator.java:137)
	at com.finflow.shared.config.JwtAuthenticationFilter.doFilterInternal(JwtAuthenticationFilter.java:74)
	at org.springframework.web.filter.OncePerRequestFilter.doFilter(OncePerRequestFilter.java:116)
	at org.springframework.security.web.ObservationFilterChainDecorator$ObservationFilter.wrapFilter(ObservationFilterChainDecorator.java:240)
	at org.springframework.security.web.ObservationFilterChainDecorator$ObservationFilter.doFilter(ObservationFilterChainDecorator.java:227)
	at org.springframework.security.web.ObservationFilterChainDecorator$VirtualFilterChain.doFilter(ObservationFilterChainDecorator.java:137)
	at org.springframework.security.web.authentication.logout.LogoutFilter.doFilter(LogoutFilter.java:107)
	at org.springframework.security.web.authentication.logout.LogoutFilter.doFilter(LogoutFilter.java:93)
	at org.springframework.security.web.ObservationFilterChainDecorator$ObservationFilter.wrapFilter(ObservationFilterChainDecorator.java:240)
	at org.springframework.security.web.ObservationFilterChainDecorator$ObservationFilter.doFilter(ObservationFilterChainDecorator.java:227)
	at org.springframework.security.web.ObservationFilterChainDecorator$VirtualFilterChain.doFilter(ObservationFilterChainDecorator.java:137)
	at org.springframework.web.filter.CorsFilter.doFilterInternal(CorsFilter.java:91)
	at org.springframework.web.filter.OncePerRequestFilter.doFilter(OncePerRequestFilter.java:116)
	at org.springframework.security.web.ObservationFilterChainDecorator$ObservationFilter.wrapFilter(ObservationFilterChainDecorator.java:240)
	at org.springframework.security.web.ObservationFilterChainDecorator$ObservationFilter.doFilter(ObservationFilterChainDecorator.java:227)
	at org.springframework.security.web.ObservationFilterChainDecorator$VirtualFilterChain.doFilter(ObservationFilterChainDecorator.java:137)
	at org.springframework.security.web.header.HeaderWriterFilter.doHeadersAfter(HeaderWriterFilter.java:90)
	at org.springframework.security.web.header.HeaderWriterFilter.doFilterInternal(HeaderWriterFilter.java:75)
	at org.springframework.web.filter.OncePerRequestFilter.doFilter(OncePerRequestFilter.java:116)
	at org.springframework.security.web.ObservationFilterChainDecorator$ObservationFilter.wrapFilter(ObservationFilterChainDecorator.java:240)
	at org.springframework.security.web.ObservationFilterChainDecorator$ObservationFilter.doFilter(ObservationFilterChainDecorator.java:227)
	at org.springframework.security.web.ObservationFilterChainDecorator$VirtualFilterChain.doFilter(ObservationFilterChainDecorator.java:137)
	at org.springframework.security.web.context.SecurityContextHolderFilter.doFilter(SecurityContextHolderFilter.java:82)
	at org.springframework.security.web.context.SecurityContextHolderFilter.doFilter(SecurityContextHolderFilter.java:69)
	at org.springframework.security.web.ObservationFilterChainDecorator$ObservationFilter.wrapFilter(ObservationFilterChainDecorator.java:240)
	at org.springframework.security.web.ObservationFilterChainDecorator$ObservationFilter.doFilter(ObservationFilterChainDecorator.java:227)
	at org.springframework.security.web.ObservationFilterChainDecorator$VirtualFilterChain.doFilter(ObservationFilterChainDecorator.java:137)
	at org.springframework.security.web.context.request.async.WebAsyncManagerIntegrationFilter.doFilterInternal(WebAsyncManagerIntegrationFilter.java:62)
	at org.springframework.web.filter.OncePerRequestFilter.doFilter(OncePerRequestFilter.java:116)
	at org.springframework.security.web.ObservationFilterChainDecorator$ObservationFilter.wrapFilter(ObservationFilterChainDecorator.java:240)
	at org.springframework.security.web.ObservationFilterChainDecorator$ObservationFilter.doFilter(ObservationFilterChainDecorator.java:227)
	at org.springframework.security.web.ObservationFilterChainDecorator$VirtualFilterChain.doFilter(ObservationFilterChainDecorator.java:137)
	at org.springframework.security.web.session.DisableEncodeUrlFilter.doFilterInternal(DisableEncodeUrlFilter.java:42)
	at org.springframework.web.filter.OncePerRequestFilter.doFilter(OncePerRequestFilter.java:116)
	at org.springframework.security.web.ObservationFilterChainDecorator$ObservationFilter.wrapFilter(ObservationFilterChainDecorator.java:240)
	at org.springframework.security.web.ObservationFilterChainDecorator$AroundFilterObservation$SimpleAroundFilterObservation.lambda$wrap$0(ObservationFilterChainDecorator.java:323)
	at org.springframework.security.web.ObservationFilterChainDecorator$ObservationFilter.doFilter(ObservationFilterChainDecorator.java:224)
	at org.springframework.security.web.ObservationFilterChainDecorator$VirtualFilterChain.doFilter(ObservationFilterChainDecorator.java:137)
	at org.springframework.security.web.FilterChainProxy.doFilterInternal(FilterChainProxy.java:233)
	at org.springframework.security.web.FilterChainProxy.doFilter(FilterChainProxy.java:191)
	at org.springframework.web.filter.CompositeFilter$VirtualFilterChain.doFilter(CompositeFilter.java:113)
	at org.springframework.web.servlet.handler.HandlerMappingIntrospector.lambda$createCacheFilter$3(HandlerMappingIntrospector.java:243)
	at org.springframework.web.filter.CompositeFilter$VirtualFilterChain.doFilter(CompositeFilter.java:113)
	at org.springframework.web.filter.CompositeFilter.doFilter(CompositeFilter.java:74)
	at org.springframework.security.config.annotation.web.configuration.WebMvcSecurityConfiguration$CompositeFilterChainProxy.doFilter(WebMvcSecurityConfiguration.java:238)
	at org.springframework.web.filter.DelegatingFilterProxy.invokeDelegate(DelegatingFilterProxy.java:362)
	at org.springframework.web.filter.DelegatingFilterProxy.doFilter(DelegatingFilterProxy.java:278)
	at org.apache.catalina.core.ApplicationFilterChain.internalDoFilter(ApplicationFilterChain.java:164)
	at org.apache.catalina.core.ApplicationFilterChain.doFilter(ApplicationFilterChain.java:140)
	at org.springframework.web.filter.RequestContextFilter.doFilterInternal(RequestContextFilter.java:100)
	at org.springframework.web.filter.OncePerRequestFilter.doFilter(OncePerRequestFilter.java:116)
	at org.apache.catalina.core.ApplicationFilterChain.internalDoFilter(ApplicationFilterChain.java:164)
	at org.apache.catalina.core.ApplicationFilterChain.doFilter(ApplicationFilterChain.java:140)
	at org.springframework.web.filter.FormContentFilter.doFilterInternal(FormContentFilter.java:93)
	at org.springframework.web.filter.OncePerRequestFilter.doFilter(OncePerRequestFilter.java:116)
	at org.apache.catalina.core.ApplicationFilterChain.internalDoFilter(ApplicationFilterChain.java:164)
	at org.apache.catalina.core.ApplicationFilterChain.doFilter(ApplicationFilterChain.java:140)
	at org.springframework.web.filter.ServerHttpObservationFilter.doFilterInternal(ServerHttpObservationFilter.java:114)
	at org.springframework.web.filter.OncePerRequestFilter.doFilter(OncePerRequestFilter.java:116)
	at org.apache.catalina.core.ApplicationFilterChain.internalDoFilter(ApplicationFilterChain.java:164)
	at org.apache.catalina.core.ApplicationFilterChain.doFilter(ApplicationFilterChain.java:140)
	at org.springframework.web.filter.CharacterEncodingFilter.doFilterInternal(CharacterEncodingFilter.java:201)
	at org.springframework.web.filter.OncePerRequestFilter.doFilter(OncePerRequestFilter.java:116)
	at org.apache.catalina.core.ApplicationFilterChain.internalDoFilter(ApplicationFilterChain.java:164)
	at org.apache.catalina.core.ApplicationFilterChain.doFilter(ApplicationFilterChain.java:140)
	at org.apache.catalina.core.StandardWrapperValve.invoke(StandardWrapperValve.java:167)
	at org.apache.catalina.core.StandardContextValve.invoke(StandardContextValve.java:90)
	at org.apache.catalina.authenticator.AuthenticatorBase.invoke(AuthenticatorBase.java:483)
	at org.apache.catalina.core.StandardHostValve.invoke(StandardHostValve.java:115)
	at org.apache.catalina.valves.ErrorReportValve.invoke(ErrorReportValve.java:93)
	at org.apache.catalina.core.StandardEngineValve.invoke(StandardEngineValve.java:74)
	at org.apache.catalina.connector.CoyoteAdapter.service(CoyoteAdapter.java:344)
	at org.apache.coyote.http11.Http11Processor.service(Http11Processor.java:397)
	at org.apache.coyote.AbstractProcessorLight.process(AbstractProcessorLight.java:63)
	at org.apache.coyote.AbstractProtocol$ConnectionHandler.process(AbstractProtocol.java:905)
	at org.apache.tomcat.util.net.NioEndpoint$SocketProcessor.doRun(NioEndpoint.java:1741)
	at org.apache.tomcat.util.net.SocketProcessorBase.run(SocketProcessorBase.java:52)
	at org.apache.tomcat.util.threads.ThreadPoolExecutor.runWorker(ThreadPoolExecutor.java:1190)
	at org.apache.tomcat.util.threads.ThreadPoolExecutor$Worker.run(ThreadPoolExecutor.java:659)
	at org.apache.tomcat.util.threads.TaskThread$WrappingRunnable.run(TaskThread.java:63)
	at java.base/java.lang.Thread.run(Thread.java:1583)
Caused by: java.lang.IllegalStateException: org.hibernate.TransientPropertyValueException: Not-null property references a transient value - transient instance must be saved before current operation: com.finflow.modules.accounts.domain.AccountHolder.account -> com.finflow.modules.accounts.domain.Account
	at org.hibernate.internal.ExceptionConverterImpl.convert(ExceptionConverterImpl.java:157)
	at org.hibernate.internal.ExceptionConverterImpl.convert(ExceptionConverterImpl.java:167)
	at org.hibernate.internal.ExceptionConverterImpl.convert(ExceptionConverterImpl.java:173)
	at org.hibernate.internal.SessionImpl.fireMerge(SessionImpl.java:865)
	at org.hibernate.internal.SessionImpl.merge(SessionImpl.java:840)
	at java.base/jdk.internal.reflect.DirectMethodHandleAccessor.invoke(DirectMethodHandleAccessor.java:103)
	at java.base/java.lang.reflect.Method.invoke(Method.java:580)
	at org.springframework.orm.jpa.ExtendedEntityManagerCreator$ExtendedEntityManagerInvocationHandler.invoke(ExtendedEntityManagerCreator.java:364)
	at jdk.proxy2/jdk.proxy2.$Proxy191.merge(Unknown Source)
	at java.base/jdk.internal.reflect.DirectMethodHandleAccessor.invoke(DirectMethodHandleAccessor.java:103)
	at java.base/java.lang.reflect.Method.invoke(Method.java:580)
	at org.springframework.orm.jpa.SharedEntityManagerCreator$SharedEntityManagerInvocationHandler.invoke(SharedEntityManagerCreator.java:320)
	at jdk.proxy2/jdk.proxy2.$Proxy191.merge(Unknown Source)
	at org.springframework.data.jpa.repository.support.SimpleJpaRepository.save(SimpleJpaRepository.java:630)
	at java.base/jdk.internal.reflect.DirectMethodHandleAccessor.invoke(DirectMethodHandleAccessor.java:103)
	at java.base/java.lang.reflect.Method.invoke(Method.java:580)
	at org.springframework.aop.support.AopUtils.invokeJoinpointUsingReflection(AopUtils.java:359)
	at org.springframework.data.repository.core.support.RepositoryMethodInvoker$RepositoryFragmentMethodInvoker.lambda$new$0(RepositoryMethodInvoker.java:277)
	at org.springframework.data.repository.core.support.RepositoryMethodInvoker.doInvoke(RepositoryMethodInvoker.java:170)
	at org.springframework.data.repository.core.support.RepositoryMethodInvoker.invoke(RepositoryMethodInvoker.java:158)
	at org.springframework.data.repository.core.support.RepositoryComposition$RepositoryFragments.invoke(RepositoryComposition.java:515)
	at org.springframework.data.repository.core.support.RepositoryComposition.invoke(RepositoryComposition.java:284)
	at org.springframework.data.repository.core.support.RepositoryFactorySupport$ImplementationMethodExecutionInterceptor.invoke(RepositoryFactorySupport.java:752)
	at org.springframework.aop.framework.ReflectiveMethodInvocation.proceed(ReflectiveMethodInvocation.java:184)
	at org.springframework.data.repository.core.support.QueryExecutorMethodInterceptor.doInvoke(QueryExecutorMethodInterceptor.java:174)
	at org.springframework.data.repository.core.support.QueryExecutorMethodInterceptor.invoke(QueryExecutorMethodInterceptor.java:149)
	at org.springframework.aop.framework.ReflectiveMethodInvocation.proceed(ReflectiveMethodInvocation.java:184)
	at org.springframework.data.projection.DefaultMethodInvokingMethodInterceptor.invoke(DefaultMethodInvokingMethodInterceptor.java:69)
	at org.springframework.aop.framework.ReflectiveMethodInvocation.proceed(ReflectiveMethodInvocation.java:184)
	at org.springframework.transaction.interceptor.TransactionAspectSupport.invokeWithinTransaction(TransactionAspectSupport.java:380)
	at org.springframework.transaction.interceptor.TransactionInterceptor.invoke(TransactionInterceptor.java:119)
	at org.springframework.aop.framework.ReflectiveMethodInvocation.proceed(ReflectiveMethodInvocation.java:184)
	at org.springframework.dao.support.PersistenceExceptionTranslationInterceptor.invoke(PersistenceExceptionTranslationInterceptor.java:138)
	... 156 common frames omitted
Caused by: org.hibernate.TransientPropertyValueException: Not-null property references a transient value - transient instance must be saved before current operation: com.finflow.modules.accounts.domain.AccountHolder.account -> com.finflow.modules.accounts.domain.Account
	at org.hibernate.action.internal.UnresolvedEntityInsertActions.checkNoUnresolvedActionsAfterOperation(UnresolvedEntityInsertActions.java:123)
	at org.hibernate.engine.spi.ActionQueue.checkNoUnresolvedActionsAfterOperation(ActionQueue.java:461)
	at org.hibernate.internal.SessionImpl.checkNoUnresolvedActionsAfterOperation(SessionImpl.java:601)
	at org.hibernate.internal.SessionImpl.fireMerge(SessionImpl.java:855)
	... 185 common frames omitted
2026-07-30 13:31:40.419 [http-nio-8080-exec-1] DEBUG [] o.s.w.s.m.m.a.HttpEntityMethodProcessor - Using 'application/json', given [application/json, text/plain, */*] and supported [application/json, application/*+json, application/yaml]
2026-07-30 13:31:40.419 [http-nio-8080-exec-1] DEBUG [] o.s.w.s.m.m.a.HttpEntityMethodProcessor - Writing [ErrorResponse[success=false, code=INTERNAL_ERROR, message=An unexpected error occurred. Please try a (truncated)...]
2026-07-30 13:31:40.419 [http-nio-8080-exec-1] DEBUG [] o.s.w.s.m.m.a.ExceptionHandlerExceptionResolver - Resolved [org.springframework.dao.InvalidDataAccessApiUsageException: org.hibernate.TransientPropertyValueException: Not-null property references a transient value - transient instance must be saved before current operation: com.finflow.modules.accounts.domain.AccountHolder.account -> com.finflow.modules.accounts.domain.Account]
2026-07-30 13:31:40.421 [http-nio-8080-exec-1] DEBUG [] o.s.web.servlet.DispatcherServlet - Completed 500 INTERNAL_SERVER_ERROR
2026-07-30 13:31:41.263 [http-nio-8080-exec-2] DEBUG [] o.s.web.servlet.DispatcherServlet - POST "/api/v1/accounts", parameters={}
2026-07-30 13:31:41.263 [http-nio-8080-exec-2] DEBUG [] o.s.w.s.m.m.a.RequestMappingHandlerMapping - Mapped to com.finflow.modules.accounts.controller.AccountController#createAccount(CreateAccountRequest, String)
2026-07-30 13:31:41.266 [http-nio-8080-exec-2] DEBUG [] o.s.w.s.m.m.a.RequestResponseBodyMethodProcessor - Read "application/json;charset=UTF-8" to [CreateAccountRequest[accountType=SAVINGS, nickname=john, currency=USD]]
2026-07-30 13:31:41.266 [http-nio-8080-exec-2] INFO  [] c.f.m.a.controller.AccountController - Create account request: type=SAVINGS
2026-07-30 13:31:41.267 [http-nio-8080-exec-2] DEBUG [] org.hibernate.SQL - 
    /* <criteria> */ select
        a1_0.id 
    from
        finflow_accounts.accounts a1_0 
    where
        a1_0.account_number=? 
    limit
        ?
2026-07-30 13:31:41.272 [http-nio-8080-exec-2] INFO  [] c.f.m.a.service.AccountService - Account created: id=null, owner=a9e5c4ea-a970-4ae9-807a-5a9b68b218c3, type=SAVINGS
2026-07-30 13:31:41.273 [http-nio-8080-exec-2] WARN  [] o.h.a.i.UnresolvedEntityInsertActions - HHH000437: Attempting to save one or more entities that have a non-nullable association with an unsaved transient entity. The unsaved transient entity must be saved in an operation prior to saving these dependent entities.
	Unsaved transient entity: ([com.finflow.modules.accounts.domain.Account#<null>])
	Dependent entities: ([[com.finflow.modules.accounts.domain.AccountHolder#774b128d-f46a-4fe8-9379-631e405d7d25]])
	Non-nullable association(s): ([com.finflow.modules.accounts.domain.AccountHolder.account])
2026-07-30 13:31:41.275 [http-nio-8080-exec-2] DEBUG [] o.s.w.s.m.m.a.ExceptionHandlerExceptionResolver - Using @ExceptionHandler com.finflow.shared.exception.GlobalExceptionHandler#handleGenericException(Exception, WebRequest)
2026-07-30 13:31:41.275 [http-nio-8080-exec-2] ERROR [] c.f.s.e.GlobalExceptionHandler - [26068b15-5e60-4d54-bedf-7c8347260a21] Unexpected error: org.hibernate.TransientPropertyValueException: Not-null property references a transient value - transient instance must be saved before current operation: com.finflow.modules.accounts.domain.AccountHolder.account -> com.finflow.modules.accounts.domain.Account
org.springframework.dao.InvalidDataAccessApiUsageException: org.hibernate.TransientPropertyValueException: Not-null property references a transient value - transient instance must be saved before current operation: com.finflow.modules.accounts.domain.AccountHolder.account -> com.finflow.modules.accounts.domain.Account
	at org.springframework.orm.jpa.EntityManagerFactoryUtils.convertJpaAccessExceptionIfPossible(EntityManagerFactoryUtils.java:368)
	at org.springframework.orm.jpa.vendor.HibernateJpaDialect.translateExceptionIfPossible(HibernateJpaDialect.java:246)
	at org.springframework.orm.jpa.AbstractEntityManagerFactoryBean.translateExceptionIfPossible(AbstractEntityManagerFactoryBean.java:560)
	at org.springframework.dao.support.ChainedPersistenceExceptionTranslator.translateExceptionIfPossible(ChainedPersistenceExceptionTranslator.java:61)
	at org.springframework.dao.support.DataAccessUtils.translateIfNecessary(DataAccessUtils.java:343)
	at org.springframework.dao.support.PersistenceExceptionTranslationInterceptor.invoke(PersistenceExceptionTranslationInterceptor.java:160)
	at org.springframework.aop.framework.ReflectiveMethodInvocation.proceed(ReflectiveMethodInvocation.java:184)
	at org.springframework.data.jpa.repository.support.CrudMethodMetadataPostProcessor$CrudMethodMetadataPopulatingMethodInterceptor.invoke(CrudMethodMetadataPostProcessor.java:165)
	at org.springframework.aop.framework.ReflectiveMethodInvocation.proceed(ReflectiveMethodInvocation.java:184)
	at org.springframework.aop.framework.JdkDynamicAopProxy.invoke(JdkDynamicAopProxy.java:223)
	at jdk.proxy2/jdk.proxy2.$Proxy198.save(Unknown Source)
	at com.finflow.modules.accounts.service.AccountService.createAccount(AccountService.java:67)
	at java.base/jdk.internal.reflect.DirectMethodHandleAccessor.invoke(DirectMethodHandleAccessor.java:103)
	at java.base/java.lang.reflect.Method.invoke(Method.java:580)
	at org.springframework.aop.support.AopUtils.invokeJoinpointUsingReflection(AopUtils.java:359)
	at org.springframework.aop.framework.ReflectiveMethodInvocation.invokeJoinpoint(ReflectiveMethodInvocation.java:196)
	at org.springframework.aop.framework.ReflectiveMethodInvocation.proceed(ReflectiveMethodInvocation.java:163)
	at org.springframework.transaction.interceptor.TransactionAspectSupport.invokeWithinTransaction(TransactionAspectSupport.java:380)
	at org.springframework.transaction.interceptor.TransactionInterceptor.invoke(TransactionInterceptor.java:119)
	at org.springframework.aop.framework.ReflectiveMethodInvocation.proceed(ReflectiveMethodInvocation.java:184)
	at org.springframework.aop.framework.CglibAopProxy$DynamicAdvisedInterceptor.intercept(CglibAopProxy.java:727)
	at com.finflow.modules.accounts.service.AccountService$$SpringCGLIB$$0.createAccount(<generated>)
	at com.finflow.modules.accounts.controller.AccountController.createAccount(AccountController.java:53)
	at java.base/jdk.internal.reflect.DirectMethodHandleAccessor.invoke(DirectMethodHandleAccessor.java:103)
	at java.base/java.lang.reflect.Method.invoke(Method.java:580)
	at org.springframework.web.method.support.InvocableHandlerMethod.doInvoke(InvocableHandlerMethod.java:257)
	at org.springframework.web.method.support.InvocableHandlerMethod.invokeForRequest(InvocableHandlerMethod.java:190)
	at org.springframework.web.servlet.mvc.method.annotation.ServletInvocableHandlerMethod.invokeAndHandle(ServletInvocableHandlerMethod.java:118)
	at org.springframework.web.servlet.mvc.method.annotation.RequestMappingHandlerAdapter.invokeHandlerMethod(RequestMappingHandlerAdapter.java:986)
	at org.springframework.web.servlet.mvc.method.annotation.RequestMappingHandlerAdapter.handleInternal(RequestMappingHandlerAdapter.java:891)
	at org.springframework.web.servlet.mvc.method.AbstractHandlerMethodAdapter.handle(AbstractHandlerMethodAdapter.java:87)
	at org.springframework.web.servlet.DispatcherServlet.doDispatch(DispatcherServlet.java:1088)
	at org.springframework.web.servlet.DispatcherServlet.doService(DispatcherServlet.java:978)
	at org.springframework.web.servlet.FrameworkServlet.processRequest(FrameworkServlet.java:1014)
	at org.springframework.web.servlet.FrameworkServlet.doPost(FrameworkServlet.java:914)
	at jakarta.servlet.http.HttpServlet.service(HttpServlet.java:590)
	at org.springframework.web.servlet.FrameworkServlet.service(FrameworkServlet.java:885)
	at jakarta.servlet.http.HttpServlet.service(HttpServlet.java:658)
	at org.apache.catalina.core.ApplicationFilterChain.internalDoFilter(ApplicationFilterChain.java:195)
	at org.apache.catalina.core.ApplicationFilterChain.doFilter(ApplicationFilterChain.java:140)
	at org.apache.tomcat.websocket.server.WsFilter.doFilter(WsFilter.java:51)
	at org.apache.catalina.core.ApplicationFilterChain.internalDoFilter(ApplicationFilterChain.java:164)
	at org.apache.catalina.core.ApplicationFilterChain.doFilter(ApplicationFilterChain.java:140)
	at org.springframework.web.filter.CorsFilter.doFilterInternal(CorsFilter.java:91)
	at org.springframework.web.filter.OncePerRequestFilter.doFilter(OncePerRequestFilter.java:116)
	at org.apache.catalina.core.ApplicationFilterChain.internalDoFilter(ApplicationFilterChain.java:164)
	at org.apache.catalina.core.ApplicationFilterChain.doFilter(ApplicationFilterChain.java:140)
	at org.springframework.web.filter.OncePerRequestFilter.doFilter(OncePerRequestFilter.java:110)
	at org.apache.catalina.core.ApplicationFilterChain.internalDoFilter(ApplicationFilterChain.java:164)
	at org.apache.catalina.core.ApplicationFilterChain.doFilter(ApplicationFilterChain.java:140)
	at org.springframework.web.filter.CompositeFilter$VirtualFilterChain.doFilter(CompositeFilter.java:108)
	at org.springframework.security.web.FilterChainProxy.lambda$doFilterInternal$3(FilterChainProxy.java:231)
	at org.springframework.security.web.ObservationFilterChainDecorator$FilterObservation$SimpleFilterObservation.lambda$wrap$1(ObservationFilterChainDecorator.java:479)
	at org.springframework.security.web.ObservationFilterChainDecorator$AroundFilterObservation$SimpleAroundFilterObservation.lambda$wrap$1(ObservationFilterChainDecorator.java:340)
	at org.springframework.security.web.ObservationFilterChainDecorator.lambda$wrapSecured$0(ObservationFilterChainDecorator.java:82)
	at org.springframework.security.web.ObservationFilterChainDecorator$VirtualFilterChain.doFilter(ObservationFilterChainDecorator.java:128)
	at org.springframework.security.web.access.intercept.AuthorizationFilter.doFilter(AuthorizationFilter.java:101)
	at org.springframework.security.web.ObservationFilterChainDecorator$ObservationFilter.wrapFilter(ObservationFilterChainDecorator.java:240)
	at org.springframework.security.web.ObservationFilterChainDecorator$ObservationFilter.doFilter(ObservationFilterChainDecorator.java:227)
	at org.springframework.security.web.ObservationFilterChainDecorator$VirtualFilterChain.doFilter(ObservationFilterChainDecorator.java:137)
	at org.springframework.security.web.access.ExceptionTranslationFilter.doFilter(ExceptionTranslationFilter.java:126)
	at org.springframework.security.web.access.ExceptionTranslationFilter.doFilter(ExceptionTranslationFilter.java:120)
	at org.springframework.security.web.ObservationFilterChainDecorator$ObservationFilter.wrapFilter(ObservationFilterChainDecorator.java:240)
	at org.springframework.security.web.ObservationFilterChainDecorator$ObservationFilter.doFilter(ObservationFilterChainDecorator.java:227)
	at org.springframework.security.web.ObservationFilterChainDecorator$VirtualFilterChain.doFilter(ObservationFilterChainDecorator.java:137)
	at org.springframework.security.web.session.SessionManagementFilter.doFilter(SessionManagementFilter.java:131)
	at org.springframework.security.web.session.SessionManagementFilter.doFilter(SessionManagementFilter.java:85)
	at org.springframework.security.web.ObservationFilterChainDecorator$ObservationFilter.wrapFilter(ObservationFilterChainDecorator.java:240)
	at org.springframework.security.web.ObservationFilterChainDecorator$ObservationFilter.doFilter(ObservationFilterChainDecorator.java:227)
	at org.springframework.security.web.ObservationFilterChainDecorator$VirtualFilterChain.doFilter(ObservationFilterChainDecorator.java:137)
	at org.springframework.security.web.authentication.AnonymousAuthenticationFilter.doFilter(AnonymousAuthenticationFilter.java:100)
	at org.springframework.security.web.ObservationFilterChainDecorator$ObservationFilter.wrapFilter(ObservationFilterChainDecorator.java:240)
	at org.springframework.security.web.ObservationFilterChainDecorator$ObservationFilter.doFilter(ObservationFilterChainDecorator.java:227)
	at org.springframework.security.web.ObservationFilterChainDecorator$VirtualFilterChain.doFilter(ObservationFilterChainDecorator.java:137)
	at org.springframework.security.web.servletapi.SecurityContextHolderAwareRequestFilter.doFilter(SecurityContextHolderAwareRequestFilter.java:179)
	at org.springframework.security.web.ObservationFilterChainDecorator$ObservationFilter.wrapFilter(ObservationFilterChainDecorator.java:240)
	at org.springframework.security.web.ObservationFilterChainDecorator$ObservationFilter.doFilter(ObservationFilterChainDecorator.java:227)
	at org.springframework.security.web.ObservationFilterChainDecorator$VirtualFilterChain.doFilter(ObservationFilterChainDecorator.java:137)
	at org.springframework.security.web.savedrequest.RequestCacheAwareFilter.doFilter(RequestCacheAwareFilter.java:63)
	at org.springframework.security.web.ObservationFilterChainDecorator$ObservationFilter.wrapFilter(ObservationFilterChainDecorator.java:240)
	at org.springframework.security.web.ObservationFilterChainDecorator$ObservationFilter.doFilter(ObservationFilterChainDecorator.java:227)
	at org.springframework.security.web.ObservationFilterChainDecorator$VirtualFilterChain.doFilter(ObservationFilterChainDecorator.java:137)
	at com.finflow.shared.config.JwtAuthenticationFilter.doFilterInternal(JwtAuthenticationFilter.java:74)
	at org.springframework.web.filter.OncePerRequestFilter.doFilter(OncePerRequestFilter.java:116)
	at org.springframework.security.web.ObservationFilterChainDecorator$ObservationFilter.wrapFilter(ObservationFilterChainDecorator.java:240)
	at org.springframework.security.web.ObservationFilterChainDecorator$ObservationFilter.doFilter(ObservationFilterChainDecorator.java:227)
	at org.springframework.security.web.ObservationFilterChainDecorator$VirtualFilterChain.doFilter(ObservationFilterChainDecorator.java:137)
	at org.springframework.security.web.authentication.logout.LogoutFilter.doFilter(LogoutFilter.java:107)
	at org.springframework.security.web.authentication.logout.LogoutFilter.doFilter(LogoutFilter.java:93)
	at org.springframework.security.web.ObservationFilterChainDecorator$ObservationFilter.wrapFilter(ObservationFilterChainDecorator.java:240)
	at org.springframework.security.web.ObservationFilterChainDecorator$ObservationFilter.doFilter(ObservationFilterChainDecorator.java:227)
	at org.springframework.security.web.ObservationFilterChainDecorator$VirtualFilterChain.doFilter(ObservationFilterChainDecorator.java:137)
	at org.springframework.web.filter.CorsFilter.doFilterInternal(CorsFilter.java:91)
	at org.springframework.web.filter.OncePerRequestFilter.doFilter(OncePerRequestFilter.java:116)
	at org.springframework.security.web.ObservationFilterChainDecorator$ObservationFilter.wrapFilter(ObservationFilterChainDecorator.java:240)
	at org.springframework.security.web.ObservationFilterChainDecorator$ObservationFilter.doFilter(ObservationFilterChainDecorator.java:227)
	at org.springframework.security.web.ObservationFilterChainDecorator$VirtualFilterChain.doFilter(ObservationFilterChainDecorator.java:137)
	at org.springframework.security.web.header.HeaderWriterFilter.doHeadersAfter(HeaderWriterFilter.java:90)
	at org.springframework.security.web.header.HeaderWriterFilter.doFilterInternal(HeaderWriterFilter.java:75)
	at org.springframework.web.filter.OncePerRequestFilter.doFilter(OncePerRequestFilter.java:116)
	at org.springframework.security.web.ObservationFilterChainDecorator$ObservationFilter.wrapFilter(ObservationFilterChainDecorator.java:240)
	at org.springframework.security.web.ObservationFilterChainDecorator$ObservationFilter.doFilter(ObservationFilterChainDecorator.java:227)
	at org.springframework.security.web.ObservationFilterChainDecorator$VirtualFilterChain.doFilter(ObservationFilterChainDecorator.java:137)
	at org.springframework.security.web.context.SecurityContextHolderFilter.doFilter(SecurityContextHolderFilter.java:82)
	at org.springframework.security.web.context.SecurityContextHolderFilter.doFilter(SecurityContextHolderFilter.java:69)
	at org.springframework.security.web.ObservationFilterChainDecorator$ObservationFilter.wrapFilter(ObservationFilterChainDecorator.java:240)
	at org.springframework.security.web.ObservationFilterChainDecorator$ObservationFilter.doFilter(ObservationFilterChainDecorator.java:227)
	at org.springframework.security.web.ObservationFilterChainDecorator$VirtualFilterChain.doFilter(ObservationFilterChainDecorator.java:137)
	at org.springframework.security.web.context.request.async.WebAsyncManagerIntegrationFilter.doFilterInternal(WebAsyncManagerIntegrationFilter.java:62)
	at org.springframework.web.filter.OncePerRequestFilter.doFilter(OncePerRequestFilter.java:116)
	at org.springframework.security.web.ObservationFilterChainDecorator$ObservationFilter.wrapFilter(ObservationFilterChainDecorator.java:240)
	at org.springframework.security.web.ObservationFilterChainDecorator$ObservationFilter.doFilter(ObservationFilterChainDecorator.java:227)
	at org.springframework.security.web.ObservationFilterChainDecorator$VirtualFilterChain.doFilter(ObservationFilterChainDecorator.java:137)
	at org.springframework.security.web.session.DisableEncodeUrlFilter.doFilterInternal(DisableEncodeUrlFilter.java:42)
	at org.springframework.web.filter.OncePerRequestFilter.doFilter(OncePerRequestFilter.java:116)
	at org.springframework.security.web.ObservationFilterChainDecorator$ObservationFilter.wrapFilter(ObservationFilterChainDecorator.java:240)
	at org.springframework.security.web.ObservationFilterChainDecorator$AroundFilterObservation$SimpleAroundFilterObservation.lambda$wrap$0(ObservationFilterChainDecorator.java:323)
	at org.springframework.security.web.ObservationFilterChainDecorator$ObservationFilter.doFilter(ObservationFilterChainDecorator.java:224)
	at org.springframework.security.web.ObservationFilterChainDecorator$VirtualFilterChain.doFilter(ObservationFilterChainDecorator.java:137)
	at org.springframework.security.web.FilterChainProxy.doFilterInternal(FilterChainProxy.java:233)
	at org.springframework.security.web.FilterChainProxy.doFilter(FilterChainProxy.java:191)
	at org.springframework.web.filter.CompositeFilter$VirtualFilterChain.doFilter(CompositeFilter.java:113)
	at org.springframework.web.servlet.handler.HandlerMappingIntrospector.lambda$createCacheFilter$3(HandlerMappingIntrospector.java:243)
	at org.springframework.web.filter.CompositeFilter$VirtualFilterChain.doFilter(CompositeFilter.java:113)
	at org.springframework.web.filter.CompositeFilter.doFilter(CompositeFilter.java:74)
	at org.springframework.security.config.annotation.web.configuration.WebMvcSecurityConfiguration$CompositeFilterChainProxy.doFilter(WebMvcSecurityConfiguration.java:238)
	at org.springframework.web.filter.DelegatingFilterProxy.invokeDelegate(DelegatingFilterProxy.java:362)
	at org.springframework.web.filter.DelegatingFilterProxy.doFilter(DelegatingFilterProxy.java:278)
	at org.apache.catalina.core.ApplicationFilterChain.internalDoFilter(ApplicationFilterChain.java:164)
	at org.apache.catalina.core.ApplicationFilterChain.doFilter(ApplicationFilterChain.java:140)
	at org.springframework.web.filter.RequestContextFilter.doFilterInternal(RequestContextFilter.java:100)
	at org.springframework.web.filter.OncePerRequestFilter.doFilter(OncePerRequestFilter.java:116)
	at org.apache.catalina.core.ApplicationFilterChain.internalDoFilter(ApplicationFilterChain.java:164)
	at org.apache.catalina.core.ApplicationFilterChain.doFilter(ApplicationFilterChain.java:140)
	at org.springframework.web.filter.FormContentFilter.doFilterInternal(FormContentFilter.java:93)
	at org.springframework.web.filter.OncePerRequestFilter.doFilter(OncePerRequestFilter.java:116)
	at org.apache.catalina.core.ApplicationFilterChain.internalDoFilter(ApplicationFilterChain.java:164)
	at org.apache.catalina.core.ApplicationFilterChain.doFilter(ApplicationFilterChain.java:140)
	at org.springframework.web.filter.ServerHttpObservationFilter.doFilterInternal(ServerHttpObservationFilter.java:114)
	at org.springframework.web.filter.OncePerRequestFilter.doFilter(OncePerRequestFilter.java:116)
	at org.apache.catalina.core.ApplicationFilterChain.internalDoFilter(ApplicationFilterChain.java:164)
	at org.apache.catalina.core.ApplicationFilterChain.doFilter(ApplicationFilterChain.java:140)
	at org.springframework.web.filter.CharacterEncodingFilter.doFilterInternal(CharacterEncodingFilter.java:201)
	at org.springframework.web.filter.OncePerRequestFilter.doFilter(OncePerRequestFilter.java:116)
	at org.apache.catalina.core.ApplicationFilterChain.internalDoFilter(ApplicationFilterChain.java:164)
	at org.apache.catalina.core.ApplicationFilterChain.doFilter(ApplicationFilterChain.java:140)
	at org.apache.catalina.core.StandardWrapperValve.invoke(StandardWrapperValve.java:167)
	at org.apache.catalina.core.StandardContextValve.invoke(StandardContextValve.java:90)
	at org.apache.catalina.authenticator.AuthenticatorBase.invoke(AuthenticatorBase.java:483)
	at org.apache.catalina.core.StandardHostValve.invoke(StandardHostValve.java:115)
	at org.apache.catalina.valves.ErrorReportValve.invoke(ErrorReportValve.java:93)
	at org.apache.catalina.core.StandardEngineValve.invoke(StandardEngineValve.java:74)
	at org.apache.catalina.connector.CoyoteAdapter.service(CoyoteAdapter.java:344)
	at org.apache.coyote.http11.Http11Processor.service(Http11Processor.java:397)
	at org.apache.coyote.AbstractProcessorLight.process(AbstractProcessorLight.java:63)
	at org.apache.coyote.AbstractProtocol$ConnectionHandler.process(AbstractProtocol.java:905)
	at org.apache.tomcat.util.net.NioEndpoint$SocketProcessor.doRun(NioEndpoint.java:1741)
	at org.apache.tomcat.util.net.SocketProcessorBase.run(SocketProcessorBase.java:52)
	at org.apache.tomcat.util.threads.ThreadPoolExecutor.runWorker(ThreadPoolExecutor.java:1190)
	at org.apache.tomcat.util.threads.ThreadPoolExecutor$Worker.run(ThreadPoolExecutor.java:659)
	at org.apache.tomcat.util.threads.TaskThread$WrappingRunnable.run(TaskThread.java:63)
	at java.base/java.lang.Thread.run(Thread.java:1583)
Caused by: java.lang.IllegalStateException: org.hibernate.TransientPropertyValueException: Not-null property references a transient value - transient instance must be saved before current operation: com.finflow.modules.accounts.domain.AccountHolder.account -> com.finflow.modules.accounts.domain.Account
	at org.hibernate.internal.ExceptionConverterImpl.convert(ExceptionConverterImpl.java:157)
	at org.hibernate.internal.ExceptionConverterImpl.convert(ExceptionConverterImpl.java:167)
	at org.hibernate.internal.ExceptionConverterImpl.convert(ExceptionConverterImpl.java:173)
	at org.hibernate.internal.SessionImpl.fireMerge(SessionImpl.java:865)
	at org.hibernate.internal.SessionImpl.merge(SessionImpl.java:840)
	at java.base/jdk.internal.reflect.DirectMethodHandleAccessor.invoke(DirectMethodHandleAccessor.java:103)
	at java.base/java.lang.reflect.Method.invoke(Method.java:580)
	at org.springframework.orm.jpa.ExtendedEntityManagerCreator$ExtendedEntityManagerInvocationHandler.invoke(ExtendedEntityManagerCreator.java:364)
	at jdk.proxy2/jdk.proxy2.$Proxy191.merge(Unknown Source)
	at java.base/jdk.internal.reflect.DirectMethodHandleAccessor.invoke(DirectMethodHandleAccessor.java:103)
	at java.base/java.lang.reflect.Method.invoke(Method.java:580)
	at org.springframework.orm.jpa.SharedEntityManagerCreator$SharedEntityManagerInvocationHandler.invoke(SharedEntityManagerCreator.java:320)
	at jdk.proxy2/jdk.proxy2.$Proxy191.merge(Unknown Source)
	at org.springframework.data.jpa.repository.support.SimpleJpaRepository.save(SimpleJpaRepository.java:630)
	at java.base/jdk.internal.reflect.DirectMethodHandleAccessor.invoke(DirectMethodHandleAccessor.java:103)
	at java.base/java.lang.reflect.Method.invoke(Method.java:580)
	at org.springframework.aop.support.AopUtils.invokeJoinpointUsingReflection(AopUtils.java:359)
	at org.springframework.data.repository.core.support.RepositoryMethodInvoker$RepositoryFragmentMethodInvoker.lambda$new$0(RepositoryMethodInvoker.java:277)
	at org.springframework.data.repository.core.support.RepositoryMethodInvoker.doInvoke(RepositoryMethodInvoker.java:170)
	at org.springframework.data.repository.core.support.RepositoryMethodInvoker.invoke(RepositoryMethodInvoker.java:158)
	at org.springframework.data.repository.core.support.RepositoryComposition$RepositoryFragments.invoke(RepositoryComposition.java:515)
	at org.springframework.data.repository.core.support.RepositoryComposition.invoke(RepositoryComposition.java:284)
	at org.springframework.data.repository.core.support.RepositoryFactorySupport$ImplementationMethodExecutionInterceptor.invoke(RepositoryFactorySupport.java:752)
	at org.springframework.aop.framework.ReflectiveMethodInvocation.proceed(ReflectiveMethodInvocation.java:184)
	at org.springframework.data.repository.core.support.QueryExecutorMethodInterceptor.doInvoke(QueryExecutorMethodInterceptor.java:174)
	at org.springframework.data.repository.core.support.QueryExecutorMethodInterceptor.invoke(QueryExecutorMethodInterceptor.java:149)
	at org.springframework.aop.framework.ReflectiveMethodInvocation.proceed(ReflectiveMethodInvocation.java:184)
	at org.springframework.data.projection.DefaultMethodInvokingMethodInterceptor.invoke(DefaultMethodInvokingMethodInterceptor.java:69)
	at org.springframework.aop.framework.ReflectiveMethodInvocation.proceed(ReflectiveMethodInvocation.java:184)
	at org.springframework.transaction.interceptor.TransactionAspectSupport.invokeWithinTransaction(TransactionAspectSupport.java:380)
	at org.springframework.transaction.interceptor.TransactionInterceptor.invoke(TransactionInterceptor.java:119)
	at org.springframework.aop.framework.ReflectiveMethodInvocation.proceed(ReflectiveMethodInvocation.java:184)
	at org.springframework.dao.support.PersistenceExceptionTranslationInterceptor.invoke(PersistenceExceptionTranslationInterceptor.java:138)
	... 156 common frames omitted
Caused by: org.hibernate.TransientPropertyValueException: Not-null property references a transient value - transient instance must be saved before current operation: com.finflow.modules.accounts.domain.AccountHolder.account -> com.finflow.modules.accounts.domain.Account
	at org.hibernate.action.internal.UnresolvedEntityInsertActions.checkNoUnresolvedActionsAfterOperation(UnresolvedEntityInsertActions.java:123)
	at org.hibernate.engine.spi.ActionQueue.checkNoUnresolvedActionsAfterOperation(ActionQueue.java:461)
	at org.hibernate.internal.SessionImpl.checkNoUnresolvedActionsAfterOperation(SessionImpl.java:601)
	at org.hibernate.internal.SessionImpl.fireMerge(SessionImpl.java:855)
	... 185 common frames omitted
2026-07-30 13:31:41.280 [http-nio-8080-exec-2] DEBUG [] o.s.w.s.m.m.a.HttpEntityMethodProcessor - Using 'application/json', given [application/json, text/plain, */*] and supported [application/json, application/*+json, application/yaml]
2026-07-30 13:31:41.280 [http-nio-8080-exec-2] DEBUG [] o.s.w.s.m.m.a.HttpEntityMethodProcessor - Writing [ErrorResponse[success=false, code=INTERNAL_ERROR, message=An unexpected error occurred. Please try a (truncated)...]
2026-07-30 13:31:41.282 [http-nio-8080-exec-2] DEBUG [] o.s.w.s.m.m.a.ExceptionHandlerExceptionResolver - Resolved [org.springframework.dao.InvalidDataAccessApiUsageException: org.hibernate.TransientPropertyValueException: Not-null property references a transient value - transient instance must be saved before current operation: com.finflow.modules.accounts.domain.AccountHolder.account -> com.finflow.modules.accounts.domain.Account]
2026-07-30 13:31:41.282 [http-nio-8080-exec-2] DEBUG [] o.s.web.servlet.DispatcherServlet - Completed 500 INTERNAL_SERVER_ERROR
2026-07-30 13:31:41.384 [http-nio-8080-exec-3] DEBUG [] o.s.web.servlet.DispatcherServlet - POST "/api/v1/accounts", parameters={}
2026-07-30 13:31:41.384 [http-nio-8080-exec-3] DEBUG [] o.s.w.s.m.m.a.RequestMappingHandlerMapping - Mapped to com.finflow.modules.accounts.controller.AccountController#createAccount(CreateAccountRequest, String)
2026-07-30 13:31:41.386 [http-nio-8080-exec-3] DEBUG [] o.s.w.s.m.m.a.RequestResponseBodyMethodProcessor - Read "application/json;charset=UTF-8" to [CreateAccountRequest[accountType=SAVINGS, nickname=john, currency=USD]]
2026-07-30 13:31:41.386 [http-nio-8080-exec-3] INFO  [] c.f.m.a.controller.AccountController - Create account request: type=SAVINGS
2026-07-30 13:31:41.388 [http-nio-8080-exec-3] DEBUG [] org.hibernate.SQL - 
    /* <criteria> */ select
        a1_0.id 
    from
        finflow_accounts.accounts a1_0 
    where
        a1_0.account_number=? 
    limit
        ?
2026-07-30 13:31:41.391 [http-nio-8080-exec-3] INFO  [] c.f.m.a.service.AccountService - Account created: id=null, owner=a9e5c4ea-a970-4ae9-807a-5a9b68b218c3, type=SAVINGS
2026-07-30 13:31:41.393 [http-nio-8080-exec-3] WARN  [] o.h.a.i.UnresolvedEntityInsertActions - HHH000437: Attempting to save one or more entities that have a non-nullable association with an unsaved transient entity. The unsaved transient entity must be saved in an operation prior to saving these dependent entities.
	Unsaved transient entity: ([com.finflow.modules.accounts.domain.Account#<null>])
	Dependent entities: ([[com.finflow.modules.accounts.domain.AccountHolder#abacbb72-462f-43b2-b7ab-56fcb9aa03f7]])
	Non-nullable association(s): ([com.finflow.modules.accounts.domain.AccountHolder.account])
2026-07-30 13:31:41.395 [http-nio-8080-exec-3] DEBUG [] o.s.w.s.m.m.a.ExceptionHandlerExceptionResolver - Using @ExceptionHandler com.finflow.shared.exception.GlobalExceptionHandler#handleGenericException(Exception, WebRequest)
2026-07-30 13:31:41.395 [http-nio-8080-exec-3] ERROR [] c.f.s.e.GlobalExceptionHandler - [9e2bf738-3b1a-4f39-bf9a-29d398589c69] Unexpected error: org.hibernate.TransientPropertyValueException: Not-null property references a transient value - transient instance must be saved before current operation: com.finflow.modules.accounts.domain.AccountHolder.account -> com.finflow.modules.accounts.domain.Account
org.springframework.dao.InvalidDataAccessApiUsageException: org.hibernate.TransientPropertyValueException: Not-null property references a transient value - transient instance must be saved before current operation: com.finflow.modules.accounts.domain.AccountHolder.account -> com.finflow.modules.accounts.domain.Account
	at org.springframework.orm.jpa.EntityManagerFactoryUtils.convertJpaAccessExceptionIfPossible(EntityManagerFactoryUtils.java:368)
	at org.springframework.orm.jpa.vendor.HibernateJpaDialect.translateExceptionIfPossible(HibernateJpaDialect.java:246)
	at org.springframework.orm.jpa.AbstractEntityManagerFactoryBean.translateExceptionIfPossible(AbstractEntityManagerFactoryBean.java:560)
	at org.springframework.dao.support.ChainedPersistenceExceptionTranslator.translateExceptionIfPossible(ChainedPersistenceExceptionTranslator.java:61)
	at org.springframework.dao.support.DataAccessUtils.translateIfNecessary(DataAccessUtils.java:343)
	at org.springframework.dao.support.PersistenceExceptionTranslationInterceptor.invoke(PersistenceExceptionTranslationInterceptor.java:160)
	at org.springframework.aop.framework.ReflectiveMethodInvocation.proceed(ReflectiveMethodInvocation.java:184)
	at org.springframework.data.jpa.repository.support.CrudMethodMetadataPostProcessor$CrudMethodMetadataPopulatingMethodInterceptor.invoke(CrudMethodMetadataPostProcessor.java:165)
	at org.springframework.aop.framework.ReflectiveMethodInvocation.proceed(ReflectiveMethodInvocation.java:184)
	at org.springframework.aop.framework.JdkDynamicAopProxy.invoke(JdkDynamicAopProxy.java:223)
	at jdk.proxy2/jdk.proxy2.$Proxy198.save(Unknown Source)
	at com.finflow.modules.accounts.service.AccountService.createAccount(AccountService.java:67)
	at java.base/jdk.internal.reflect.DirectMethodHandleAccessor.invoke(DirectMethodHandleAccessor.java:103)
	at java.base/java.lang.reflect.Method.invoke(Method.java:580)
	at org.springframework.aop.support.AopUtils.invokeJoinpointUsingReflection(AopUtils.java:359)
	at org.springframework.aop.framework.ReflectiveMethodInvocation.invokeJoinpoint(ReflectiveMethodInvocation.java:196)
	at org.springframework.aop.framework.ReflectiveMethodInvocation.proceed(ReflectiveMethodInvocation.java:163)
	at org.springframework.transaction.interceptor.TransactionAspectSupport.invokeWithinTransaction(TransactionAspectSupport.java:380)
	at org.springframework.transaction.interceptor.TransactionInterceptor.invoke(TransactionInterceptor.java:119)
	at org.springframework.aop.framework.ReflectiveMethodInvocation.proceed(ReflectiveMethodInvocation.java:184)
	at org.springframework.aop.framework.CglibAopProxy$DynamicAdvisedInterceptor.intercept(CglibAopProxy.java:727)
	at com.finflow.modules.accounts.service.AccountService$$SpringCGLIB$$0.createAccount(<generated>)
	at com.finflow.modules.accounts.controller.AccountController.createAccount(AccountController.java:53)
	at java.base/jdk.internal.reflect.DirectMethodHandleAccessor.invoke(DirectMethodHandleAccessor.java:103)
	at java.base/java.lang.reflect.Method.invoke(Method.java:580)
	at org.springframework.web.method.support.InvocableHandlerMethod.doInvoke(InvocableHandlerMethod.java:257)
	at org.springframework.web.method.support.InvocableHandlerMethod.invokeForRequest(InvocableHandlerMethod.java:190)
	at org.springframework.web.servlet.mvc.method.annotation.ServletInvocableHandlerMethod.invokeAndHandle(ServletInvocableHandlerMethod.java:118)
	at org.springframework.web.servlet.mvc.method.annotation.RequestMappingHandlerAdapter.invokeHandlerMethod(RequestMappingHandlerAdapter.java:986)
	at org.springframework.web.servlet.mvc.method.annotation.RequestMappingHandlerAdapter.handleInternal(RequestMappingHandlerAdapter.java:891)
	at org.springframework.web.servlet.mvc.method.AbstractHandlerMethodAdapter.handle(AbstractHandlerMethodAdapter.java:87)
	at org.springframework.web.servlet.DispatcherServlet.doDispatch(DispatcherServlet.java:1088)
	at org.springframework.web.servlet.DispatcherServlet.doService(DispatcherServlet.java:978)
	at org.springframework.web.servlet.FrameworkServlet.processRequest(FrameworkServlet.java:1014)
	at org.springframework.web.servlet.FrameworkServlet.doPost(FrameworkServlet.java:914)
	at jakarta.servlet.http.HttpServlet.service(HttpServlet.java:590)
	at org.springframework.web.servlet.FrameworkServlet.service(FrameworkServlet.java:885)
	at jakarta.servlet.http.HttpServlet.service(HttpServlet.java:658)
	at org.apache.catalina.core.ApplicationFilterChain.internalDoFilter(ApplicationFilterChain.java:195)
	at org.apache.catalina.core.ApplicationFilterChain.doFilter(ApplicationFilterChain.java:140)
	at org.apache.tomcat.websocket.server.WsFilter.doFilter(WsFilter.java:51)
	at org.apache.catalina.core.ApplicationFilterChain.internalDoFilter(ApplicationFilterChain.java:164)
	at org.apache.catalina.core.ApplicationFilterChain.doFilter(ApplicationFilterChain.java:140)
	at org.springframework.web.filter.CorsFilter.doFilterInternal(CorsFilter.java:91)
	at org.springframework.web.filter.OncePerRequestFilter.doFilter(OncePerRequestFilter.java:116)
	at org.apache.catalina.core.ApplicationFilterChain.internalDoFilter(ApplicationFilterChain.java:164)
	at org.apache.catalina.core.ApplicationFilterChain.doFilter(ApplicationFilterChain.java:140)
	at org.springframework.web.filter.OncePerRequestFilter.doFilter(OncePerRequestFilter.java:110)
	at org.apache.catalina.core.ApplicationFilterChain.internalDoFilter(ApplicationFilterChain.java:164)
	at org.apache.catalina.core.ApplicationFilterChain.doFilter(ApplicationFilterChain.java:140)
	at org.springframework.web.filter.CompositeFilter$VirtualFilterChain.doFilter(CompositeFilter.java:108)
	at org.springframework.security.web.FilterChainProxy.lambda$doFilterInternal$3(FilterChainProxy.java:231)
	at org.springframework.security.web.ObservationFilterChainDecorator$FilterObservation$SimpleFilterObservation.lambda$wrap$1(ObservationFilterChainDecorator.java:479)
	at org.springframework.security.web.ObservationFilterChainDecorator$AroundFilterObservation$SimpleAroundFilterObservation.lambda$wrap$1(ObservationFilterChainDecorator.java:340)
	at org.springframework.security.web.ObservationFilterChainDecorator.lambda$wrapSecured$0(ObservationFilterChainDecorator.java:82)
	at org.springframework.security.web.ObservationFilterChainDecorator$VirtualFilterChain.doFilter(ObservationFilterChainDecorator.java:128)
	at org.springframework.security.web.access.intercept.AuthorizationFilter.doFilter(AuthorizationFilter.java:101)
	at org.springframework.security.web.ObservationFilterChainDecorator$ObservationFilter.wrapFilter(ObservationFilterChainDecorator.java:240)
	at org.springframework.security.web.ObservationFilterChainDecorator$ObservationFilter.doFilter(ObservationFilterChainDecorator.java:227)
	at org.springframework.security.web.ObservationFilterChainDecorator$VirtualFilterChain.doFilter(ObservationFilterChainDecorator.java:137)
	at org.springframework.security.web.access.ExceptionTranslationFilter.doFilter(ExceptionTranslationFilter.java:126)
	at org.springframework.security.web.access.ExceptionTranslationFilter.doFilter(ExceptionTranslationFilter.java:120)
	at org.springframework.security.web.ObservationFilterChainDecorator$ObservationFilter.wrapFilter(ObservationFilterChainDecorator.java:240)
	at org.springframework.security.web.ObservationFilterChainDecorator$ObservationFilter.doFilter(ObservationFilterChainDecorator.java:227)
	at org.springframework.security.web.ObservationFilterChainDecorator$VirtualFilterChain.doFilter(ObservationFilterChainDecorator.java:137)
	at org.springframework.security.web.session.SessionManagementFilter.doFilter(SessionManagementFilter.java:131)
	at org.springframework.security.web.session.SessionManagementFilter.doFilter(SessionManagementFilter.java:85)
	at org.springframework.security.web.ObservationFilterChainDecorator$ObservationFilter.wrapFilter(ObservationFilterChainDecorator.java:240)
	at org.springframework.security.web.ObservationFilterChainDecorator$ObservationFilter.doFilter(ObservationFilterChainDecorator.java:227)
	at org.springframework.security.web.ObservationFilterChainDecorator$VirtualFilterChain.doFilter(ObservationFilterChainDecorator.java:137)
	at org.springframework.security.web.authentication.AnonymousAuthenticationFilter.doFilter(AnonymousAuthenticationFilter.java:100)
	at org.springframework.security.web.ObservationFilterChainDecorator$ObservationFilter.wrapFilter(ObservationFilterChainDecorator.java:240)
	at org.springframework.security.web.ObservationFilterChainDecorator$ObservationFilter.doFilter(ObservationFilterChainDecorator.java:227)
	at org.springframework.security.web.ObservationFilterChainDecorator$VirtualFilterChain.doFilter(ObservationFilterChainDecorator.java:137)
	at org.springframework.security.web.servletapi.SecurityContextHolderAwareRequestFilter.doFilter(SecurityContextHolderAwareRequestFilter.java:179)
	at org.springframework.security.web.ObservationFilterChainDecorator$ObservationFilter.wrapFilter(ObservationFilterChainDecorator.java:240)
	at org.springframework.security.web.ObservationFilterChainDecorator$ObservationFilter.doFilter(ObservationFilterChainDecorator.java:227)
	at org.springframework.security.web.ObservationFilterChainDecorator$VirtualFilterChain.doFilter(ObservationFilterChainDecorator.java:137)
	at org.springframework.security.web.savedrequest.RequestCacheAwareFilter.doFilter(RequestCacheAwareFilter.java:63)
	at org.springframework.security.web.ObservationFilterChainDecorator$ObservationFilter.wrapFilter(ObservationFilterChainDecorator.java:240)
	at org.springframework.security.web.ObservationFilterChainDecorator$ObservationFilter.doFilter(ObservationFilterChainDecorator.java:227)
	at org.springframework.security.web.ObservationFilterChainDecorator$VirtualFilterChain.doFilter(ObservationFilterChainDecorator.java:137)
	at com.finflow.shared.config.JwtAuthenticationFilter.doFilterInternal(JwtAuthenticationFilter.java:74)
	at org.springframework.web.filter.OncePerRequestFilter.doFilter(OncePerRequestFilter.java:116)
	at org.springframework.security.web.ObservationFilterChainDecorator$ObservationFilter.wrapFilter(ObservationFilterChainDecorator.java:240)
	at org.springframework.security.web.ObservationFilterChainDecorator$ObservationFilter.doFilter(ObservationFilterChainDecorator.java:227)
	at org.springframework.security.web.ObservationFilterChainDecorator$VirtualFilterChain.doFilter(ObservationFilterChainDecorator.java:137)
	at org.springframework.security.web.authentication.logout.LogoutFilter.doFilter(LogoutFilter.java:107)
	at org.springframework.security.web.authentication.logout.LogoutFilter.doFilter(LogoutFilter.java:93)
	at org.springframework.security.web.ObservationFilterChainDecorator$ObservationFilter.wrapFilter(ObservationFilterChainDecorator.java:240)
	at org.springframework.security.web.ObservationFilterChainDecorator$ObservationFilter.doFilter(ObservationFilterChainDecorator.java:227)
	at org.springframework.security.web.ObservationFilterChainDecorator$VirtualFilterChain.doFilter(ObservationFilterChainDecorator.java:137)
	at org.springframework.web.filter.CorsFilter.doFilterInternal(CorsFilter.java:91)
	at org.springframework.web.filter.OncePerRequestFilter.doFilter(OncePerRequestFilter.java:116)
	at org.springframework.security.web.ObservationFilterChainDecorator$ObservationFilter.wrapFilter(ObservationFilterChainDecorator.java:240)
	at org.springframework.security.web.ObservationFilterChainDecorator$ObservationFilter.doFilter(ObservationFilterChainDecorator.java:227)
	at org.springframework.security.web.ObservationFilterChainDecorator$VirtualFilterChain.doFilter(ObservationFilterChainDecorator.java:137)
	at org.springframework.security.web.header.HeaderWriterFilter.doHeadersAfter(HeaderWriterFilter.java:90)
	at org.springframework.security.web.header.HeaderWriterFilter.doFilterInternal(HeaderWriterFilter.java:75)
	at org.springframework.web.filter.OncePerRequestFilter.doFilter(OncePerRequestFilter.java:116)
	at org.springframework.security.web.ObservationFilterChainDecorator$ObservationFilter.wrapFilter(ObservationFilterChainDecorator.java:240)
	at org.springframework.security.web.ObservationFilterChainDecorator$ObservationFilter.doFilter(ObservationFilterChainDecorator.java:227)
	at org.springframework.security.web.ObservationFilterChainDecorator$VirtualFilterChain.doFilter(ObservationFilterChainDecorator.java:137)
	at org.springframework.security.web.context.SecurityContextHolderFilter.doFilter(SecurityContextHolderFilter.java:82)
	at org.springframework.security.web.context.SecurityContextHolderFilter.doFilter(SecurityContextHolderFilter.java:69)
	at org.springframework.security.web.ObservationFilterChainDecorator$ObservationFilter.wrapFilter(ObservationFilterChainDecorator.java:240)
	at org.springframework.security.web.ObservationFilterChainDecorator$ObservationFilter.doFilter(ObservationFilterChainDecorator.java:227)
	at org.springframework.security.web.ObservationFilterChainDecorator$VirtualFilterChain.doFilter(ObservationFilterChainDecorator.java:137)
	at org.springframework.security.web.context.request.async.WebAsyncManagerIntegrationFilter.doFilterInternal(WebAsyncManagerIntegrationFilter.java:62)
	at org.springframework.web.filter.OncePerRequestFilter.doFilter(OncePerRequestFilter.java:116)
	at org.springframework.security.web.ObservationFilterChainDecorator$ObservationFilter.wrapFilter(ObservationFilterChainDecorator.java:240)
	at org.springframework.security.web.ObservationFilterChainDecorator$ObservationFilter.doFilter(ObservationFilterChainDecorator.java:227)
	at org.springframework.security.web.ObservationFilterChainDecorator$VirtualFilterChain.doFilter(ObservationFilterChainDecorator.java:137)
	at org.springframework.security.web.session.DisableEncodeUrlFilter.doFilterInternal(DisableEncodeUrlFilter.java:42)
	at org.springframework.web.filter.OncePerRequestFilter.doFilter(OncePerRequestFilter.java:116)
	at org.springframework.security.web.ObservationFilterChainDecorator$ObservationFilter.wrapFilter(ObservationFilterChainDecorator.java:240)
	at org.springframework.security.web.ObservationFilterChainDecorator$AroundFilterObservation$SimpleAroundFilterObservation.lambda$wrap$0(ObservationFilterChainDecorator.java:323)
	at org.springframework.security.web.ObservationFilterChainDecorator$ObservationFilter.doFilter(ObservationFilterChainDecorator.java:224)
	at org.springframework.security.web.ObservationFilterChainDecorator$VirtualFilterChain.doFilter(ObservationFilterChainDecorator.java:137)
	at org.springframework.security.web.FilterChainProxy.doFilterInternal(FilterChainProxy.java:233)
	at org.springframework.security.web.FilterChainProxy.doFilter(FilterChainProxy.java:191)
	at org.springframework.web.filter.CompositeFilter$VirtualFilterChain.doFilter(CompositeFilter.java:113)
	at org.springframework.web.servlet.handler.HandlerMappingIntrospector.lambda$createCacheFilter$3(HandlerMappingIntrospector.java:243)
	at org.springframework.web.filter.CompositeFilter$VirtualFilterChain.doFilter(CompositeFilter.java:113)
	at org.springframework.web.filter.CompositeFilter.doFilter(CompositeFilter.java:74)
	at org.springframework.security.config.annotation.web.configuration.WebMvcSecurityConfiguration$CompositeFilterChainProxy.doFilter(WebMvcSecurityConfiguration.java:238)
	at org.springframework.web.filter.DelegatingFilterProxy.invokeDelegate(DelegatingFilterProxy.java:362)
	at org.springframework.web.filter.DelegatingFilterProxy.doFilter(DelegatingFilterProxy.java:278)
	at org.apache.catalina.core.ApplicationFilterChain.internalDoFilter(ApplicationFilterChain.java:164)
	at org.apache.catalina.core.ApplicationFilterChain.doFilter(ApplicationFilterChain.java:140)
	at org.springframework.web.filter.RequestContextFilter.doFilterInternal(RequestContextFilter.java:100)
	at org.springframework.web.filter.OncePerRequestFilter.doFilter(OncePerRequestFilter.java:116)
	at org.apache.catalina.core.ApplicationFilterChain.internalDoFilter(ApplicationFilterChain.java:164)
	at org.apache.catalina.core.ApplicationFilterChain.doFilter(ApplicationFilterChain.java:140)
	at org.springframework.web.filter.FormContentFilter.doFilterInternal(FormContentFilter.java:93)
	at org.springframework.web.filter.OncePerRequestFilter.doFilter(OncePerRequestFilter.java:116)
	at org.apache.catalina.core.ApplicationFilterChain.internalDoFilter(ApplicationFilterChain.java:164)
	at org.apache.catalina.core.ApplicationFilterChain.doFilter(ApplicationFilterChain.java:140)
	at org.springframework.web.filter.ServerHttpObservationFilter.doFilterInternal(ServerHttpObservationFilter.java:114)
	at org.springframework.web.filter.OncePerRequestFilter.doFilter(OncePerRequestFilter.java:116)
	at org.apache.catalina.core.ApplicationFilterChain.internalDoFilter(ApplicationFilterChain.java:164)
	at org.apache.catalina.core.ApplicationFilterChain.doFilter(ApplicationFilterChain.java:140)
	at org.springframework.web.filter.CharacterEncodingFilter.doFilterInternal(CharacterEncodingFilter.java:201)
	at org.springframework.web.filter.OncePerRequestFilter.doFilter(OncePerRequestFilter.java:116)
	at org.apache.catalina.core.ApplicationFilterChain.internalDoFilter(ApplicationFilterChain.java:164)
	at org.apache.catalina.core.ApplicationFilterChain.doFilter(ApplicationFilterChain.java:140)
	at org.apache.catalina.core.StandardWrapperValve.invoke(StandardWrapperValve.java:167)
	at org.apache.catalina.core.StandardContextValve.invoke(StandardContextValve.java:90)
	at org.apache.catalina.authenticator.AuthenticatorBase.invoke(AuthenticatorBase.java:483)
	at org.apache.catalina.core.StandardHostValve.invoke(StandardHostValve.java:115)
	at org.apache.catalina.valves.ErrorReportValve.invoke(ErrorReportValve.java:93)
	at org.apache.catalina.core.StandardEngineValve.invoke(StandardEngineValve.java:74)
	at org.apache.catalina.connector.CoyoteAdapter.service(CoyoteAdapter.java:344)
	at org.apache.coyote.http11.Http11Processor.service(Http11Processor.java:397)
	at org.apache.coyote.AbstractProcessorLight.process(AbstractProcessorLight.java:63)
	at org.apache.coyote.AbstractProtocol$ConnectionHandler.process(AbstractProtocol.java:905)
	at org.apache.tomcat.util.net.NioEndpoint$SocketProcessor.doRun(NioEndpoint.java:1741)
	at org.apache.tomcat.util.net.SocketProcessorBase.run(SocketProcessorBase.java:52)
	at org.apache.tomcat.util.threads.ThreadPoolExecutor.runWorker(ThreadPoolExecutor.java:1190)
	at org.apache.tomcat.util.threads.ThreadPoolExecutor$Worker.run(ThreadPoolExecutor.java:659)
	at org.apache.tomcat.util.threads.TaskThread$WrappingRunnable.run(TaskThread.java:63)
	at java.base/java.lang.Thread.run(Thread.java:1583)
Caused by: java.lang.IllegalStateException: org.hibernate.TransientPropertyValueException: Not-null property references a transient value - transient instance must be saved before current operation: com.finflow.modules.accounts.domain.AccountHolder.account -> com.finflow.modules.accounts.domain.Account
	at org.hibernate.internal.ExceptionConverterImpl.convert(ExceptionConverterImpl.java:157)
	at org.hibernate.internal.ExceptionConverterImpl.convert(ExceptionConverterImpl.java:167)
	at org.hibernate.internal.ExceptionConverterImpl.convert(ExceptionConverterImpl.java:173)
	at org.hibernate.internal.SessionImpl.fireMerge(SessionImpl.java:865)
	at org.hibernate.internal.SessionImpl.merge(SessionImpl.java:840)
	at java.base/jdk.internal.reflect.DirectMethodHandleAccessor.invoke(DirectMethodHandleAccessor.java:103)
	at java.base/java.lang.reflect.Method.invoke(Method.java:580)
	at org.springframework.orm.jpa.ExtendedEntityManagerCreator$ExtendedEntityManagerInvocationHandler.invoke(ExtendedEntityManagerCreator.java:364)
	at jdk.proxy2/jdk.proxy2.$Proxy191.merge(Unknown Source)
	at java.base/jdk.internal.reflect.DirectMethodHandleAccessor.invoke(DirectMethodHandleAccessor.java:103)
	at java.base/java.lang.reflect.Method.invoke(Method.java:580)
	at org.springframework.orm.jpa.SharedEntityManagerCreator$SharedEntityManagerInvocationHandler.invoke(SharedEntityManagerCreator.java:320)
	at jdk.proxy2/jdk.proxy2.$Proxy191.merge(Unknown Source)
	at org.springframework.data.jpa.repository.support.SimpleJpaRepository.save(SimpleJpaRepository.java:630)
	at java.base/jdk.internal.reflect.DirectMethodHandleAccessor.invoke(DirectMethodHandleAccessor.java:103)
	at java.base/java.lang.reflect.Method.invoke(Method.java:580)
	at org.springframework.aop.support.AopUtils.invokeJoinpointUsingReflection(AopUtils.java:359)
	at org.springframework.data.repository.core.support.RepositoryMethodInvoker$RepositoryFragmentMethodInvoker.lambda$new$0(RepositoryMethodInvoker.java:277)
	at org.springframework.data.repository.core.support.RepositoryMethodInvoker.doInvoke(RepositoryMethodInvoker.java:170)
	at org.springframework.data.repository.core.support.RepositoryMethodInvoker.invoke(RepositoryMethodInvoker.java:158)
	at org.springframework.data.repository.core.support.RepositoryComposition$RepositoryFragments.invoke(RepositoryComposition.java:515)
	at org.springframework.data.repository.core.support.RepositoryComposition.invoke(RepositoryComposition.java:284)
	at org.springframework.data.repository.core.support.RepositoryFactorySupport$ImplementationMethodExecutionInterceptor.invoke(RepositoryFactorySupport.java:752)
	at org.springframework.aop.framework.ReflectiveMethodInvocation.proceed(ReflectiveMethodInvocation.java:184)
	at org.springframework.data.repository.core.support.QueryExecutorMethodInterceptor.doInvoke(QueryExecutorMethodInterceptor.java:174)
	at org.springframework.data.repository.core.support.QueryExecutorMethodInterceptor.invoke(QueryExecutorMethodInterceptor.java:149)
	at org.springframework.aop.framework.ReflectiveMethodInvocation.proceed(ReflectiveMethodInvocation.java:184)
	at org.springframework.data.projection.DefaultMethodInvokingMethodInterceptor.invoke(DefaultMethodInvokingMethodInterceptor.java:69)
	at org.springframework.aop.framework.ReflectiveMethodInvocation.proceed(ReflectiveMethodInvocation.java:184)
	at org.springframework.transaction.interceptor.TransactionAspectSupport.invokeWithinTransaction(TransactionAspectSupport.java:380)
	at org.springframework.transaction.interceptor.TransactionInterceptor.invoke(TransactionInterceptor.java:119)
	at org.springframework.aop.framework.ReflectiveMethodInvocation.proceed(ReflectiveMethodInvocation.java:184)
	at org.springframework.dao.support.PersistenceExceptionTranslationInterceptor.invoke(PersistenceExceptionTranslationInterceptor.java:138)
	... 156 common frames omitted
Caused by: org.hibernate.TransientPropertyValueException: Not-null property references a transient value - transient instance must be saved before current operation: com.finflow.modules.accounts.domain.AccountHolder.account -> com.finflow.modules.accounts.domain.Account
	at org.hibernate.action.internal.UnresolvedEntityInsertActions.checkNoUnresolvedActionsAfterOperation(UnresolvedEntityInsertActions.java:123)
	at org.hibernate.engine.spi.ActionQueue.checkNoUnresolvedActionsAfterOperation(ActionQueue.java:461)
	at org.hibernate.internal.SessionImpl.checkNoUnresolvedActionsAfterOperation(SessionImpl.java:601)
	at org.hibernate.internal.SessionImpl.fireMerge(SessionImpl.java:855)
	... 185 common frames omitted
2026-07-30 13:31:41.400 [http-nio-8080-exec-3] DEBUG [] o.s.w.s.m.m.a.HttpEntityMethodProcessor - Using 'application/json', given [application/json, text/plain, */*] and supported [application/json, application/*+json, application/yaml]
2026-07-30 13:31:41.400 [http-nio-8080-exec-3] DEBUG [] o.s.w.s.m.m.a.HttpEntityMethodProcessor - Writing [ErrorResponse[success=false, code=INTERNAL_ERROR, message=An unexpected error occurred. Please try a (truncated)...]
2026-07-30 13:31:41.400 [http-nio-8080-exec-3] DEBUG [] o.s.w.s.m.m.a.ExceptionHandlerExceptionResolver - Resolved [org.springframework.dao.InvalidDataAccessApiUsageException: org.hibernate.TransientPropertyValueException: Not-null property references a transient value - transient instance must be saved before current operation: com.finflow.modules.accounts.domain.AccountHolder.account -> com.finflow.modules.accounts.domain.Account]
2026-07-30 13:31:41.400 [http-nio-8080-exec-3] DEBUG [] o.s.web.servlet.DispatcherServlet - Completed 500 INTERNAL_SERVER_ERROR
2026-07-30 13:31:41.594 [http-nio-8080-exec-4] DEBUG [] o.s.web.servlet.DispatcherServlet - POST "/api/v1/accounts", parameters={}
2026-07-30 13:31:41.594 [http-nio-8080-exec-4] DEBUG [] o.s.w.s.m.m.a.RequestMappingHandlerMapping - Mapped to com.finflow.modules.accounts.controller.AccountController#createAccount(CreateAccountRequest, String)
2026-07-30 13:31:41.597 [http-nio-8080-exec-4] DEBUG [] o.s.w.s.m.m.a.RequestResponseBodyMethodProcessor - Read "application/json;charset=UTF-8" to [CreateAccountRequest[accountType=SAVINGS, nickname=john, currency=USD]]
2026-07-30 13:31:41.597 [http-nio-8080-exec-4] INFO  [] c.f.m.a.controller.AccountController - Create account request: type=SAVINGS
2026-07-30 13:31:41.600 [http-nio-8080-exec-4] DEBUG [] org.hibernate.SQL - 
    /* <criteria> */ select
        a1_0.id 
    from
        finflow_accounts.accounts a1_0 
    where
        a1_0.account_number=? 
    limit
        ?
2026-07-30 13:31:41.604 [http-nio-8080-exec-4] INFO  [] c.f.m.a.service.AccountService - Account created: id=null, owner=a9e5c4ea-a970-4ae9-807a-5a9b68b218c3, type=SAVINGS
2026-07-30 13:31:41.604 [http-nio-8080-exec-4] WARN  [] o.h.a.i.UnresolvedEntityInsertActions - HHH000437: Attempting to save one or more entities that have a non-nullable association with an unsaved transient entity. The unsaved transient entity must be saved in an operation prior to saving these dependent entities.
	Unsaved transient entity: ([com.finflow.modules.accounts.domain.Account#<null>])
	Dependent entities: ([[com.finflow.modules.accounts.domain.AccountHolder#89402a7d-db0f-4704-8af9-c65d1d492f50]])
	Non-nullable association(s): ([com.finflow.modules.accounts.domain.AccountHolder.account])
2026-07-30 13:31:41.607 [http-nio-8080-exec-4] DEBUG [] o.s.w.s.m.m.a.ExceptionHandlerExceptionResolver - Using @ExceptionHandler com.finflow.shared.exception.GlobalExceptionHandler#handleGenericException(Exception, WebRequest)
2026-07-30 13:31:41.607 [http-nio-8080-exec-4] ERROR [] c.f.s.e.GlobalExceptionHandler - [6c8674bd-5bc8-422d-8711-0399bb120cad] Unexpected error: org.hibernate.TransientPropertyValueException: Not-null property references a transient value - transient instance must be saved before current operation: com.finflow.modules.accounts.domain.AccountHolder.account -> com.finflow.modules.accounts.domain.Account
org.springframework.dao.InvalidDataAccessApiUsageException: org.hibernate.TransientPropertyValueException: Not-null property references a transient value - transient instance must be saved before current operation: com.finflow.modules.accounts.domain.AccountHolder.account -> com.finflow.modules.accounts.domain.Account
	at org.springframework.orm.jpa.EntityManagerFactoryUtils.convertJpaAccessExceptionIfPossible(EntityManagerFactoryUtils.java:368)
	at org.springframework.orm.jpa.vendor.HibernateJpaDialect.translateExceptionIfPossible(HibernateJpaDialect.java:246)
	at org.springframework.orm.jpa.AbstractEntityManagerFactoryBean.translateExceptionIfPossible(AbstractEntityManagerFactoryBean.java:560)
	at org.springframework.dao.support.ChainedPersistenceExceptionTranslator.translateExceptionIfPossible(ChainedPersistenceExceptionTranslator.java:61)
	at org.springframework.dao.support.DataAccessUtils.translateIfNecessary(DataAccessUtils.java:343)
	at org.springframework.dao.support.PersistenceExceptionTranslationInterceptor.invoke(PersistenceExceptionTranslationInterceptor.java:160)
	at org.springframework.aop.framework.ReflectiveMethodInvocation.proceed(ReflectiveMethodInvocation.java:184)
	at org.springframework.data.jpa.repository.support.CrudMethodMetadataPostProcessor$CrudMethodMetadataPopulatingMethodInterceptor.invoke(CrudMethodMetadataPostProcessor.java:165)
	at org.springframework.aop.framework.ReflectiveMethodInvocation.proceed(ReflectiveMethodInvocation.java:184)
	at org.springframework.aop.framework.JdkDynamicAopProxy.invoke(JdkDynamicAopProxy.java:223)
	at jdk.proxy2/jdk.proxy2.$Proxy198.save(Unknown Source)
	at com.finflow.modules.accounts.service.AccountService.createAccount(AccountService.java:67)
	at java.base/jdk.internal.reflect.DirectMethodHandleAccessor.invoke(DirectMethodHandleAccessor.java:103)
	at java.base/java.lang.reflect.Method.invoke(Method.java:580)
	at org.springframework.aop.support.AopUtils.invokeJoinpointUsingReflection(AopUtils.java:359)
	at org.springframework.aop.framework.ReflectiveMethodInvocation.invokeJoinpoint(ReflectiveMethodInvocation.java:196)
	at org.springframework.aop.framework.ReflectiveMethodInvocation.proceed(ReflectiveMethodInvocation.java:163)
	at org.springframework.transaction.interceptor.TransactionAspectSupport.invokeWithinTransaction(TransactionAspectSupport.java:380)
	at org.springframework.transaction.interceptor.TransactionInterceptor.invoke(TransactionInterceptor.java:119)
	at org.springframework.aop.framework.ReflectiveMethodInvocation.proceed(ReflectiveMethodInvocation.java:184)
	at org.springframework.aop.framework.CglibAopProxy$DynamicAdvisedInterceptor.intercept(CglibAopProxy.java:727)
	at com.finflow.modules.accounts.service.AccountService$$SpringCGLIB$$0.createAccount(<generated>)
	at com.finflow.modules.accounts.controller.AccountController.createAccount(AccountController.java:53)
	at java.base/jdk.internal.reflect.DirectMethodHandleAccessor.invoke(DirectMethodHandleAccessor.java:103)
	at java.base/java.lang.reflect.Method.invoke(Method.java:580)
	at org.springframework.web.method.support.InvocableHandlerMethod.doInvoke(InvocableHandlerMethod.java:257)
	at org.springframework.web.method.support.InvocableHandlerMethod.invokeForRequest(InvocableHandlerMethod.java:190)
	at org.springframework.web.servlet.mvc.method.annotation.ServletInvocableHandlerMethod.invokeAndHandle(ServletInvocableHandlerMethod.java:118)
	at org.springframework.web.servlet.mvc.method.annotation.RequestMappingHandlerAdapter.invokeHandlerMethod(RequestMappingHandlerAdapter.java:986)
	at org.springframework.web.servlet.mvc.method.annotation.RequestMappingHandlerAdapter.handleInternal(RequestMappingHandlerAdapter.java:891)
	at org.springframework.web.servlet.mvc.method.AbstractHandlerMethodAdapter.handle(AbstractHandlerMethodAdapter.java:87)
	at org.springframework.web.servlet.DispatcherServlet.doDispatch(DispatcherServlet.java:1088)
	at org.springframework.web.servlet.DispatcherServlet.doService(DispatcherServlet.java:978)
	at org.springframework.web.servlet.FrameworkServlet.processRequest(FrameworkServlet.java:1014)
	at org.springframework.web.servlet.FrameworkServlet.doPost(FrameworkServlet.java:914)
	at jakarta.servlet.http.HttpServlet.service(HttpServlet.java:590)
	at org.springframework.web.servlet.FrameworkServlet.service(FrameworkServlet.java:885)
	at jakarta.servlet.http.HttpServlet.service(HttpServlet.java:658)
	at org.apache.catalina.core.ApplicationFilterChain.internalDoFilter(ApplicationFilterChain.java:195)
	at org.apache.catalina.core.ApplicationFilterChain.doFilter(ApplicationFilterChain.java:140)
	at org.apache.tomcat.websocket.server.WsFilter.doFilter(WsFilter.java:51)
	at org.apache.catalina.core.ApplicationFilterChain.internalDoFilter(ApplicationFilterChain.java:164)
	at org.apache.catalina.core.ApplicationFilterChain.doFilter(ApplicationFilterChain.java:140)
	at org.springframework.web.filter.CorsFilter.doFilterInternal(CorsFilter.java:91)
	at org.springframework.web.filter.OncePerRequestFilter.doFilter(OncePerRequestFilter.java:116)
	at org.apache.catalina.core.ApplicationFilterChain.internalDoFilter(ApplicationFilterChain.java:164)
	at org.apache.catalina.core.ApplicationFilterChain.doFilter(ApplicationFilterChain.java:140)
	at org.springframework.web.filter.OncePerRequestFilter.doFilter(OncePerRequestFilter.java:110)
	at org.apache.catalina.core.ApplicationFilterChain.internalDoFilter(ApplicationFilterChain.java:164)
	at org.apache.catalina.core.ApplicationFilterChain.doFilter(ApplicationFilterChain.java:140)
	at org.springframework.web.filter.CompositeFilter$VirtualFilterChain.doFilter(CompositeFilter.java:108)
	at org.springframework.security.web.FilterChainProxy.lambda$doFilterInternal$3(FilterChainProxy.java:231)
	at org.springframework.security.web.ObservationFilterChainDecorator$FilterObservation$SimpleFilterObservation.lambda$wrap$1(ObservationFilterChainDecorator.java:479)
	at org.springframework.security.web.ObservationFilterChainDecorator$AroundFilterObservation$SimpleAroundFilterObservation.lambda$wrap$1(ObservationFilterChainDecorator.java:340)
	at org.springframework.security.web.ObservationFilterChainDecorator.lambda$wrapSecured$0(ObservationFilterChainDecorator.java:82)
	at org.springframework.security.web.ObservationFilterChainDecorator$VirtualFilterChain.doFilter(ObservationFilterChainDecorator.java:128)
	at org.springframework.security.web.access.intercept.AuthorizationFilter.doFilter(AuthorizationFilter.java:101)
	at org.springframework.security.web.ObservationFilterChainDecorator$ObservationFilter.wrapFilter(ObservationFilterChainDecorator.java:240)
	at org.springframework.security.web.ObservationFilterChainDecorator$ObservationFilter.doFilter(ObservationFilterChainDecorator.java:227)
	at org.springframework.security.web.ObservationFilterChainDecorator$VirtualFilterChain.doFilter(ObservationFilterChainDecorator.java:137)
	at org.springframework.security.web.access.ExceptionTranslationFilter.doFilter(ExceptionTranslationFilter.java:126)
	at org.springframework.security.web.access.ExceptionTranslationFilter.doFilter(ExceptionTranslationFilter.java:120)
	at org.springframework.security.web.ObservationFilterChainDecorator$ObservationFilter.wrapFilter(ObservationFilterChainDecorator.java:240)
	at org.springframework.security.web.ObservationFilterChainDecorator$ObservationFilter.doFilter(ObservationFilterChainDecorator.java:227)
	at org.springframework.security.web.ObservationFilterChainDecorator$VirtualFilterChain.doFilter(ObservationFilterChainDecorator.java:137)
	at org.springframework.security.web.session.SessionManagementFilter.doFilter(SessionManagementFilter.java:131)
	at org.springframework.security.web.session.SessionManagementFilter.doFilter(SessionManagementFilter.java:85)
	at org.springframework.security.web.ObservationFilterChainDecorator$ObservationFilter.wrapFilter(ObservationFilterChainDecorator.java:240)
	at org.springframework.security.web.ObservationFilterChainDecorator$ObservationFilter.doFilter(ObservationFilterChainDecorator.java:227)
	at org.springframework.security.web.ObservationFilterChainDecorator$VirtualFilterChain.doFilter(ObservationFilterChainDecorator.java:137)
	at org.springframework.security.web.authentication.AnonymousAuthenticationFilter.doFilter(AnonymousAuthenticationFilter.java:100)
	at org.springframework.security.web.ObservationFilterChainDecorator$ObservationFilter.wrapFilter(ObservationFilterChainDecorator.java:240)
	at org.springframework.security.web.ObservationFilterChainDecorator$ObservationFilter.doFilter(ObservationFilterChainDecorator.java:227)
	at org.springframework.security.web.ObservationFilterChainDecorator$VirtualFilterChain.doFilter(ObservationFilterChainDecorator.java:137)
	at org.springframework.security.web.servletapi.SecurityContextHolderAwareRequestFilter.doFilter(SecurityContextHolderAwareRequestFilter.java:179)
	at org.springframework.security.web.ObservationFilterChainDecorator$ObservationFilter.wrapFilter(ObservationFilterChainDecorator.java:240)
	at org.springframework.security.web.ObservationFilterChainDecorator$ObservationFilter.doFilter(ObservationFilterChainDecorator.java:227)
	at org.springframework.security.web.ObservationFilterChainDecorator$VirtualFilterChain.doFilter(ObservationFilterChainDecorator.java:137)
	at org.springframework.security.web.savedrequest.RequestCacheAwareFilter.doFilter(RequestCacheAwareFilter.java:63)
	at org.springframework.security.web.ObservationFilterChainDecorator$ObservationFilter.wrapFilter(ObservationFilterChainDecorator.java:240)
	at org.springframework.security.web.ObservationFilterChainDecorator$ObservationFilter.doFilter(ObservationFilterChainDecorator.java:227)
	at org.springframework.security.web.ObservationFilterChainDecorator$VirtualFilterChain.doFilter(ObservationFilterChainDecorator.java:137)
	at com.finflow.shared.config.JwtAuthenticationFilter.doFilterInternal(JwtAuthenticationFilter.java:74)
	at org.springframework.web.filter.OncePerRequestFilter.doFilter(OncePerRequestFilter.java:116)
	at org.springframework.security.web.ObservationFilterChainDecorator$ObservationFilter.wrapFilter(ObservationFilterChainDecorator.java:240)
	at org.springframework.security.web.ObservationFilterChainDecorator$ObservationFilter.doFilter(ObservationFilterChainDecorator.java:227)
	at org.springframework.security.web.ObservationFilterChainDecorator$VirtualFilterChain.doFilter(ObservationFilterChainDecorator.java:137)
	at org.springframework.security.web.authentication.logout.LogoutFilter.doFilter(LogoutFilter.java:107)
	at org.springframework.security.web.authentication.logout.LogoutFilter.doFilter(LogoutFilter.java:93)
	at org.springframework.security.web.ObservationFilterChainDecorator$ObservationFilter.wrapFilter(ObservationFilterChainDecorator.java:240)
	at org.springframework.security.web.ObservationFilterChainDecorator$ObservationFilter.doFilter(ObservationFilterChainDecorator.java:227)
	at org.springframework.security.web.ObservationFilterChainDecorator$VirtualFilterChain.doFilter(ObservationFilterChainDecorator.java:137)
	at org.springframework.web.filter.CorsFilter.doFilterInternal(CorsFilter.java:91)
	at org.springframework.web.filter.OncePerRequestFilter.doFilter(OncePerRequestFilter.java:116)
	at org.springframework.security.web.ObservationFilterChainDecorator$ObservationFilter.wrapFilter(ObservationFilterChainDecorator.java:240)
	at org.springframework.security.web.ObservationFilterChainDecorator$ObservationFilter.doFilter(ObservationFilterChainDecorator.java:227)
	at org.springframework.security.web.ObservationFilterChainDecorator$VirtualFilterChain.doFilter(ObservationFilterChainDecorator.java:137)
	at org.springframework.security.web.header.HeaderWriterFilter.doHeadersAfter(HeaderWriterFilter.java:90)
	at org.springframework.security.web.header.HeaderWriterFilter.doFilterInternal(HeaderWriterFilter.java:75)
	at org.springframework.web.filter.OncePerRequestFilter.doFilter(OncePerRequestFilter.java:116)
	at org.springframework.security.web.ObservationFilterChainDecorator$ObservationFilter.wrapFilter(ObservationFilterChainDecorator.java:240)
	at org.springframework.security.web.ObservationFilterChainDecorator$ObservationFilter.doFilter(ObservationFilterChainDecorator.java:227)
	at org.springframework.security.web.ObservationFilterChainDecorator$VirtualFilterChain.doFilter(ObservationFilterChainDecorator.java:137)
	at org.springframework.security.web.context.SecurityContextHolderFilter.doFilter(SecurityContextHolderFilter.java:82)
	at org.springframework.security.web.context.SecurityContextHolderFilter.doFilter(SecurityContextHolderFilter.java:69)
	at org.springframework.security.web.ObservationFilterChainDecorator$ObservationFilter.wrapFilter(ObservationFilterChainDecorator.java:240)
	at org.springframework.security.web.ObservationFilterChainDecorator$ObservationFilter.doFilter(ObservationFilterChainDecorator.java:227)
	at org.springframework.security.web.ObservationFilterChainDecorator$VirtualFilterChain.doFilter(ObservationFilterChainDecorator.java:137)
	at org.springframework.security.web.context.request.async.WebAsyncManagerIntegrationFilter.doFilterInternal(WebAsyncManagerIntegrationFilter.java:62)
	at org.springframework.web.filter.OncePerRequestFilter.doFilter(OncePerRequestFilter.java:116)
	at org.springframework.security.web.ObservationFilterChainDecorator$ObservationFilter.wrapFilter(ObservationFilterChainDecorator.java:240)
	at org.springframework.security.web.ObservationFilterChainDecorator$ObservationFilter.doFilter(ObservationFilterChainDecorator.java:227)
	at org.springframework.security.web.ObservationFilterChainDecorator$VirtualFilterChain.doFilter(ObservationFilterChainDecorator.java:137)
	at org.springframework.security.web.session.DisableEncodeUrlFilter.doFilterInternal(DisableEncodeUrlFilter.java:42)
	at org.springframework.web.filter.OncePerRequestFilter.doFilter(OncePerRequestFilter.java:116)
	at org.springframework.security.web.ObservationFilterChainDecorator$ObservationFilter.wrapFilter(ObservationFilterChainDecorator.java:240)
	at org.springframework.security.web.ObservationFilterChainDecorator$AroundFilterObservation$SimpleAroundFilterObservation.lambda$wrap$0(ObservationFilterChainDecorator.java:323)
	at org.springframework.security.web.ObservationFilterChainDecorator$ObservationFilter.doFilter(ObservationFilterChainDecorator.java:224)
	at org.springframework.security.web.ObservationFilterChainDecorator$VirtualFilterChain.doFilter(ObservationFilterChainDecorator.java:137)
	at org.springframework.security.web.FilterChainProxy.doFilterInternal(FilterChainProxy.java:233)
	at org.springframework.security.web.FilterChainProxy.doFilter(FilterChainProxy.java:191)
	at org.springframework.web.filter.CompositeFilter$VirtualFilterChain.doFilter(CompositeFilter.java:113)
	at org.springframework.web.servlet.handler.HandlerMappingIntrospector.lambda$createCacheFilter$3(HandlerMappingIntrospector.java:243)
	at org.springframework.web.filter.CompositeFilter$VirtualFilterChain.doFilter(CompositeFilter.java:113)
	at org.springframework.web.filter.CompositeFilter.doFilter(CompositeFilter.java:74)
	at org.springframework.security.config.annotation.web.configuration.WebMvcSecurityConfiguration$CompositeFilterChainProxy.doFilter(WebMvcSecurityConfiguration.java:238)
	at org.springframework.web.filter.DelegatingFilterProxy.invokeDelegate(DelegatingFilterProxy.java:362)
	at org.springframework.web.filter.DelegatingFilterProxy.doFilter(DelegatingFilterProxy.java:278)
	at org.apache.catalina.core.ApplicationFilterChain.internalDoFilter(ApplicationFilterChain.java:164)
	at org.apache.catalina.core.ApplicationFilterChain.doFilter(ApplicationFilterChain.java:140)
	at org.springframework.web.filter.RequestContextFilter.doFilterInternal(RequestContextFilter.java:100)
	at org.springframework.web.filter.OncePerRequestFilter.doFilter(OncePerRequestFilter.java:116)
	at org.apache.catalina.core.ApplicationFilterChain.internalDoFilter(ApplicationFilterChain.java:164)
	at org.apache.catalina.core.ApplicationFilterChain.doFilter(ApplicationFilterChain.java:140)
	at org.springframework.web.filter.FormContentFilter.doFilterInternal(FormContentFilter.java:93)
	at org.springframework.web.filter.OncePerRequestFilter.doFilter(OncePerRequestFilter.java:116)
	at org.apache.catalina.core.ApplicationFilterChain.internalDoFilter(ApplicationFilterChain.java:164)
	at org.apache.catalina.core.ApplicationFilterChain.doFilter(ApplicationFilterChain.java:140)
	at org.springframework.web.filter.ServerHttpObservationFilter.doFilterInternal(ServerHttpObservationFilter.java:114)
	at org.springframework.web.filter.OncePerRequestFilter.doFilter(OncePerRequestFilter.java:116)
	at org.apache.catalina.core.ApplicationFilterChain.internalDoFilter(ApplicationFilterChain.java:164)
	at org.apache.catalina.core.ApplicationFilterChain.doFilter(ApplicationFilterChain.java:140)
	at org.springframework.web.filter.CharacterEncodingFilter.doFilterInternal(CharacterEncodingFilter.java:201)
	at org.springframework.web.filter.OncePerRequestFilter.doFilter(OncePerRequestFilter.java:116)
	at org.apache.catalina.core.ApplicationFilterChain.internalDoFilter(ApplicationFilterChain.java:164)
	at org.apache.catalina.core.ApplicationFilterChain.doFilter(ApplicationFilterChain.java:140)
	at org.apache.catalina.core.StandardWrapperValve.invoke(StandardWrapperValve.java:167)
	at org.apache.catalina.core.StandardContextValve.invoke(StandardContextValve.java:90)
	at org.apache.catalina.authenticator.AuthenticatorBase.invoke(AuthenticatorBase.java:483)
	at org.apache.catalina.core.StandardHostValve.invoke(StandardHostValve.java:115)
	at org.apache.catalina.valves.ErrorReportValve.invoke(ErrorReportValve.java:93)
	at org.apache.catalina.core.StandardEngineValve.invoke(StandardEngineValve.java:74)
	at org.apache.catalina.connector.CoyoteAdapter.service(CoyoteAdapter.java:344)
	at org.apache.coyote.http11.Http11Processor.service(Http11Processor.java:397)
	at org.apache.coyote.AbstractProcessorLight.process(AbstractProcessorLight.java:63)
	at org.apache.coyote.AbstractProtocol$ConnectionHandler.process(AbstractProtocol.java:905)
	at org.apache.tomcat.util.net.NioEndpoint$SocketProcessor.doRun(NioEndpoint.java:1741)
	at org.apache.tomcat.util.net.SocketProcessorBase.run(SocketProcessorBase.java:52)
	at org.apache.tomcat.util.threads.ThreadPoolExecutor.runWorker(ThreadPoolExecutor.java:1190)
	at org.apache.tomcat.util.threads.ThreadPoolExecutor$Worker.run(ThreadPoolExecutor.java:659)
	at org.apache.tomcat.util.threads.TaskThread$WrappingRunnable.run(TaskThread.java:63)
	at java.base/java.lang.Thread.run(Thread.java:1583)
Caused by: java.lang.IllegalStateException: org.hibernate.TransientPropertyValueException: Not-null property references a transient value - transient instance must be saved before current operation: com.finflow.modules.accounts.domain.AccountHolder.account -> com.finflow.modules.accounts.domain.Account
	at org.hibernate.internal.ExceptionConverterImpl.convert(ExceptionConverterImpl.java:157)
	at org.hibernate.internal.ExceptionConverterImpl.convert(ExceptionConverterImpl.java:167)
	at org.hibernate.internal.ExceptionConverterImpl.convert(ExceptionConverterImpl.java:173)
	at org.hibernate.internal.SessionImpl.fireMerge(SessionImpl.java:865)
	at org.hibernate.internal.SessionImpl.merge(SessionImpl.java:840)
	at java.base/jdk.internal.reflect.DirectMethodHandleAccessor.invoke(DirectMethodHandleAccessor.java:103)
	at java.base/java.lang.reflect.Method.invoke(Method.java:580)
	at org.springframework.orm.jpa.ExtendedEntityManagerCreator$ExtendedEntityManagerInvocationHandler.invoke(ExtendedEntityManagerCreator.java:364)
	at jdk.proxy2/jdk.proxy2.$Proxy191.merge(Unknown Source)
	at java.base/jdk.internal.reflect.DirectMethodHandleAccessor.invoke(DirectMethodHandleAccessor.java:103)
	at java.base/java.lang.reflect.Method.invoke(Method.java:580)
	at org.springframework.orm.jpa.SharedEntityManagerCreator$SharedEntityManagerInvocationHandler.invoke(SharedEntityManagerCreator.java:320)
	at jdk.proxy2/jdk.proxy2.$Proxy191.merge(Unknown Source)
	at org.springframework.data.jpa.repository.support.SimpleJpaRepository.save(SimpleJpaRepository.java:630)
	at java.base/jdk.internal.reflect.DirectMethodHandleAccessor.invoke(DirectMethodHandleAccessor.java:103)
	at java.base/java.lang.reflect.Method.invoke(Method.java:580)
	at org.springframework.aop.support.AopUtils.invokeJoinpointUsingReflection(AopUtils.java:359)
	at org.springframework.data.repository.core.support.RepositoryMethodInvoker$RepositoryFragmentMethodInvoker.lambda$new$0(RepositoryMethodInvoker.java:277)
	at org.springframework.data.repository.core.support.RepositoryMethodInvoker.doInvoke(RepositoryMethodInvoker.java:170)
	at org.springframework.data.repository.core.support.RepositoryMethodInvoker.invoke(RepositoryMethodInvoker.java:158)
	at org.springframework.data.repository.core.support.RepositoryComposition$RepositoryFragments.invoke(RepositoryComposition.java:515)
	at org.springframework.data.repository.core.support.RepositoryComposition.invoke(RepositoryComposition.java:284)
	at org.springframework.data.repository.core.support.RepositoryFactorySupport$ImplementationMethodExecutionInterceptor.invoke(RepositoryFactorySupport.java:752)
	at org.springframework.aop.framework.ReflectiveMethodInvocation.proceed(ReflectiveMethodInvocation.java:184)
	at org.springframework.data.repository.core.support.QueryExecutorMethodInterceptor.doInvoke(QueryExecutorMethodInterceptor.java:174)
	at org.springframework.data.repository.core.support.QueryExecutorMethodInterceptor.invoke(QueryExecutorMethodInterceptor.java:149)
	at org.springframework.aop.framework.ReflectiveMethodInvocation.proceed(ReflectiveMethodInvocation.java:184)
	at org.springframework.data.projection.DefaultMethodInvokingMethodInterceptor.invoke(DefaultMethodInvokingMethodInterceptor.java:69)
	at org.springframework.aop.framework.ReflectiveMethodInvocation.proceed(ReflectiveMethodInvocation.java:184)
	at org.springframework.transaction.interceptor.TransactionAspectSupport.invokeWithinTransaction(TransactionAspectSupport.java:380)
	at org.springframework.transaction.interceptor.TransactionInterceptor.invoke(TransactionInterceptor.java:119)
	at org.springframework.aop.framework.ReflectiveMethodInvocation.proceed(ReflectiveMethodInvocation.java:184)
	at org.springframework.dao.support.PersistenceExceptionTranslationInterceptor.invoke(PersistenceExceptionTranslationInterceptor.java:138)
	... 156 common frames omitted
Caused by: org.hibernate.TransientPropertyValueException: Not-null property references a transient value - transient instance must be saved before current operation: com.finflow.modules.accounts.domain.AccountHolder.account -> com.finflow.modules.accounts.domain.Account
	at org.hibernate.action.internal.UnresolvedEntityInsertActions.checkNoUnresolvedActionsAfterOperation(UnresolvedEntityInsertActions.java:123)
	at org.hibernate.engine.spi.ActionQueue.checkNoUnresolvedActionsAfterOperation(ActionQueue.java:461)
	at org.hibernate.internal.SessionImpl.checkNoUnresolvedActionsAfterOperation(SessionImpl.java:601)
	at org.hibernate.internal.SessionImpl.fireMerge(SessionImpl.java:855)
	... 185 common frames omitted
2026-07-30 13:31:41.607 [http-nio-8080-exec-4] DEBUG [] o.s.w.s.m.m.a.HttpEntityMethodProcessor - Using 'application/json', given [application/json, text/plain, */*] and supported [application/json, application/*+json, application/yaml]
2026-07-30 13:31:41.607 [http-nio-8080-exec-4] DEBUG [] o.s.w.s.m.m.a.HttpEntityMethodProcessor - Writing [ErrorResponse[success=false, code=INTERNAL_ERROR, message=An unexpected error occurred. Please try a (truncated)...]
2026-07-30 13:31:41.613 [http-nio-8080-exec-4] DEBUG [] o.s.w.s.m.m.a.ExceptionHandlerExceptionResolver - Resolved [org.springframework.dao.InvalidDataAccessApiUsageException: org.hibernate.TransientPropertyValueException: Not-null property references a transient value - transient instance must be saved before current operation: com.finflow.modules.accounts.domain.AccountHolder.account -> com.finflow.modules.accounts.domain.Account]
2026-07-30 13:31:41.613 [http-nio-8080-exec-4] DEBUG [] o.s.web.servlet.DispatcherServlet - Completed 500 INTERNAL_SERVER_ERROR
2026-07-30 13:50:43.650 [SpringApplicationShutdownHook] INFO  [] org.quartz.core.QuartzScheduler - Scheduler quartzScheduler_$_NON_CLUSTERED paused.
2026-07-30 13:50:43.651 [SpringApplicationShutdownHook] INFO  [] o.s.b.w.e.tomcat.GracefulShutdown - Commencing graceful shutdown. Waiting for active requests to complete
2026-07-30 13:50:43.660 [tomcat-shutdown] INFO  [] o.s.b.w.e.tomcat.GracefulShutdown - Graceful shutdown complete
2026-07-30 13:50:43.679 [SpringApplicationShutdownHook] INFO  [] o.s.s.quartz.SchedulerFactoryBean - Shutting down Quartz Scheduler
2026-07-30 13:50:43.680 [SpringApplicationShutdownHook] INFO  [] org.quartz.core.QuartzScheduler - Scheduler quartzScheduler_$_NON_CLUSTERED shutting down.
2026-07-30 13:50:43.680 [SpringApplicationShutdownHook] INFO  [] org.quartz.core.QuartzScheduler - Scheduler quartzScheduler_$_NON_CLUSTERED paused.
2026-07-30 13:50:43.680 [SpringApplicationShutdownHook] INFO  [] org.quartz.core.QuartzScheduler - Scheduler quartzScheduler_$_NON_CLUSTERED shutdown complete.
2026-07-30 13:50:43.703 [SpringApplicationShutdownHook] INFO  [] o.s.o.j.LocalContainerEntityManagerFactoryBean - Closing JPA EntityManagerFactory for persistence unit 'default'
2026-07-30 13:50:43.706 [SpringApplicationShutdownHook] INFO  [] com.zaxxer.hikari.HikariDataSource - finflow-dev-pool - Shutdown initiated...
2026-07-30 13:50:43.710 [SpringApplicationShutdownHook] INFO  [] com.zaxxer.hikari.HikariDataSource - finflow-dev-pool - Shutdown completed.
